key,old_split,new_split,video_id,artist,title,song_id,mood,lyrics_ok,folder
exciting_146,train,test,exciting_146,Pramod Kharel,Jhuma Jhuma,pramod kharel::jhuma jhuma,exciting,1,Dataset1/DS1_TRAIN_MATCH/
exciting_147,train,test,exciting_147,Surya Khadka,Naina Resham (feat. Durga Sapkota),surya khadka::naina resham (feat. durga sapkota),exciting,0,Dataset1/DS1_TRAIN_MATCH/
exciting_158,val,test,exciting_158,Abeeral Thapa,Maya Oi Oi Oi,abeeral thapa::maya oi oi oi,exciting,0,Dataset1/DS1_VAL_MATCH/
exciting_189,train,test,exciting_189,PADAM RAI,Pachhi Pachhi,padam rai::pachhi pachhi,exciting,0,Dataset1/DS1_TRAIN_MATCH/
exciting_190,val,test,exciting_190,B.B. Anuragee,Oye Syani,b.b. anuragee::oye syani,exciting,0,Dataset1/DS1_VAL_MATCH/
exciting_DEAP_DBW_RELX(49),train,test,exciting_DEAP_DBW_RELX(49),4 Strings,Let It Rain,4 strings::let it rain,exciting,0,Dataset1/DS1_TRAIN_MATCH/
exciting_Exciting_MV_NC04,val,test,exciting_Exciting_MV_NC04,Promise Land,Push the Feeling On,promise land::push the feeling on,exciting,0,Dataset1/DS1_VAL_MATCH/
exciting_Exciting_MV_NC2(37)-4-of-6,train,test,exciting_Exciting_MV_NC2(37),Rudimental,Feel the Love (feat. John Newman) [Extended Mix],rudimental::feel the love (feat. john newman) [extended mix],exciting,1,Dataset1/DS1_TRAIN_MATCH/
exciting_Exciting_MV_NC2(86)-2-of-7,train,test,exciting_Exciting_MV_NC2(86),Gregori Klosman,Come On,gregori klosman::come on,exciting,0,Dataset1/DS1_TRAIN_MATCH/
exciting_Exciting_MV_NC3(16)-5-of-7,val,test,exciting_Exciting_MV_NC3(16),Leetstreet Boys,Leetstreet Dansen,leetstreet boys::leetstreet dansen,exciting,1,Dataset1/DS1_VAL_MATCH/
exciting_Exciting_MV_NC3(7)-7-of-8,train,test,exciting_Exciting_MV_NC3(7),Kalifah AgaNaga,Wanika Omukono,kalifah aganaga::wanika omukono,exciting,0,Dataset1/DS1_TRAIN_MATCH/
exciting_Ext_FINAL_DL(11),train,test,exciting_Ext_FINAL_DL(11),Shawn Mendes,Stitches,shawn mendes::stitches,exciting,1,Dataset1/DS1_TRAIN_MATCH/
exciting_Ext_FINAL_DL(15),train,test,exciting_Ext_FINAL_DL(15),Ed Sheeran,Thinking out Loud,ed sheeran::thinking out loud,exciting,1,Dataset1/DS1_TRAIN_MATCH/
exciting_HAPPY_HEA(148)-7-of-8,train,test,exciting_HAPPY_HEA(148),Britt Nicole,All This Time,britt nicole::all this time,exciting,1,Dataset1/DS1_TRAIN_MATCH/
exciting_HAPPY_HEA(171)-6-of-8,train,test,exciting_HAPPY_HEA(171),Math MC,Mosaico,math mc::mosaico,exciting,0,Dataset1/DS1_TRAIN_MATCH/
exciting_HPY_EXT_LLT(7),val,test,exciting_HPY_EXT_LLT(7),I.Z.,Baby Im Your Man,i.z.::baby im your man,exciting,0,Dataset1/DS1_VAL_MATCH/
exciting_ORG_EXT(127),train,test,exciting_ORG_EXT(127),Girls' Generation,Oh!,girls' generation::oh!,exciting,1,Dataset1/DS1_TRAIN_MATCH/
exciting_ORG_EXT(132),train,test,exciting_ORG_EXT(132),Girls' Generation,Lion Heart,girls' generation::lion heart,exciting,1,Dataset1/DS1_TRAIN_MATCH/
exciting_ORG_EXT(133),train,test,exciting_ORG_EXT(133),BTS,Just One Day,bts::just one day,exciting,1,Dataset1/DS1_TRAIN_MATCH/
exciting_ORG_EXT(135),train,test,exciting_ORG_EXT(135),SHINee,Lucifer,shinee::lucifer,exciting,1,Dataset1/DS1_TRAIN_MATCH/
exciting_ORG_EXT(157),train,test,exciting_ORG_EXT(157),BIGBANG,FANTASTIC BABY,bigbang::fantastic baby,exciting,1,Dataset1/DS1_TRAIN_MATCH/
exciting_ORG_EXT(159),train,test,exciting_ORG_EXT(159),TWICE,TT,twice::tt,exciting,1,Dataset1/DS1_TRAIN_MATCH/
exciting_ORG_EXT(161),train,test,exciting_ORG_EXT(161),Trouble Maker,Trouble Maker,trouble maker::trouble maker,exciting,0,Dataset1/DS1_TRAIN_MATCH/
exciting_ORG_EXT(189),train,test,exciting_ORG_EXT(189),French Montana,Unforgettable (Latin Remix),french montana::unforgettable (latin remix),exciting,1,Dataset1/DS1_TRAIN_MATCH/
exciting_ORG_EXT(201),val,test,exciting_ORG_EXT(201),Bri Heart & Jervy Hou,Good Time,bri heart & jervy hou::good time,exciting,0,Dataset1/DS1_VAL_MATCH/
exciting_ORG_EXT(242),train,test,exciting_ORG_EXT(242),Kodaline,Perfect World,kodaline::perfect world,exciting,1,Dataset1/DS1_TRAIN_MATCH/
exciting_ORG_EXT(30),train,test,exciting_ORG_EXT(30),The Polyphonic Spree,Soldier Girl (Radio Edit),the polyphonic spree::soldier girl (radio edit),exciting,1,Dataset1/DS1_TRAIN_MATCH/
exciting_ORG_EXT(315),train,test,exciting_ORG_EXT(315),Benny Dayal,"Lat Lag Gayee (From ""Race 2"")","benny dayal::lat lag gayee (from ""race 2"")",exciting,1,Dataset1/DS1_TRAIN_MATCH/
exciting_ORG_EXT(351),train,test,exciting_ORG_EXT(351),Yashita Sharma,Lapak Jhapak,yashita sharma::lapak jhapak,exciting,0,Dataset1/DS1_TRAIN_MATCH/
exciting_ORG_EXT(353),train,test,exciting_ORG_EXT(353),Ishita,Baby Ko Bass Pasand Hai,ishita::baby ko bass pasand hai,exciting,1,Dataset1/DS1_TRAIN_MATCH/
exciting_ORG_EXT(78),train,test,exciting_ORG_EXT(78),LMFAO,Party Rock Medley,lmfao::party rock medley,exciting,1,Dataset1/DS1_TRAIN_MATCH/
exciting_ORG_EXT(84),train,test,exciting_ORG_EXT(84),Joy,Touch by Touch,joy::touch by touch,exciting,1,Dataset1/DS1_TRAIN_MATCH/
exciting_REVIEW_EXT(15),train,test,exciting_REVIEW_EXT(15),Miranda Cosgrove,Dancing Crazy,miranda cosgrove::dancing crazy,exciting,1,Dataset1/DS1_TRAIN_MATCH/
exciting_REVIEW_EXT(29),train,test,exciting_REVIEW_EXT(29),Blow Cox,Wahio (Plaisir Remix Club Mix),blow cox::wahio (plaisir remix club mix),exciting,0,Dataset1/DS1_TRAIN_MATCH/
exciting_REVIEW_EXT(45),train,test,exciting_REVIEW_EXT(45),Jothalar Yankó,Memórias 100 Voz,jothalar yankó::memórias 100 voz,exciting,0,Dataset1/DS1_TRAIN_MATCH/
exciting_REVIEW_EXT(55),train,test,exciting_REVIEW_EXT(55),Alain Ramanisum,Sega sexy,alain ramanisum::sega sexy,exciting,0,Dataset1/DS1_TRAIN_MATCH/
exciting_REVIEW_EXT(72),train,test,exciting_REVIEW_EXT(72),Robert Randolph & The Family Band,Ain't Nothing Wrong with That,robert randolph & the family band::ain't nothing wrong with that,exciting,1,Dataset1/DS1_TRAIN_MATCH/
exciting_REVIEW_EXT(85),train,test,exciting_REVIEW_EXT(85),Tucca Limah,Maria Chuteira,tucca limah::maria chuteira,exciting,0,Dataset1/DS1_TRAIN_MATCH/
exciting_REVIEW_EXT(9),train,test,exciting_REVIEW_EXT(9),FTISLAND,Flower Rock,ftisland::flower rock,exciting,1,Dataset1/DS1_TRAIN_MATCH/
exciting_REVIEW_EXT(91),train,test,exciting_REVIEW_EXT(91),Dj Nau/Dj Serna,Voight-Kampff (Original Mix),dj nau/dj serna::voight-kampff (original mix),exciting,0,Dataset1/DS1_TRAIN_MATCH/
exciting_REVIEW_EXT(98),train,test,exciting_REVIEW_EXT(98),Gotham Bros,Smile Is Trance,gotham bros::smile is trance,exciting,0,Dataset1/DS1_TRAIN_MATCH/
exciting_REVIEW_EXT_Q2(14),train,test,exciting_REVIEW_EXT_Q2(14),Jonas Brothers,6 Minutes,jonas brothers::6 minutes,exciting,1,Dataset1/DS1_TRAIN_MATCH/
exciting_REVIEW_EXT_Q2(30),train,test,exciting_REVIEW_EXT_Q2(30),Seringai,Gaza,seringai::gaza,exciting,0,Dataset1/DS1_TRAIN_MATCH/
exciting_REVIEW_EXT_Q2(34),train,test,exciting_REVIEW_EXT_Q2(34),Naomi Sharon,Another Life (Marten Lou Remix),naomi sharon::another life (marten lou remix),exciting,1,Dataset1/DS1_TRAIN_MATCH/
exciting_TEST_EXT(20)-4-of-8,test,test,exciting_TEST_EXT(20),Neha Kakkar,"Aankh Marey (From ""Simmba"")","neha kakkar::aankh marey (from ""simmba"")",exciting,1,Dataset1/DS1_TEST_MATCH/
exciting_TEST_MIX(9)-6-of-7,val,test,exciting_TEST_MIX(9),Kaoma,Lambada,kaoma::lambada,exciting,1,Dataset1/DS1_VAL_MATCH/
exciting_TEST_MV(28)-2-of-7,train,test,exciting_TEST_MV(28),Sia,Cheap Thrills Remix,sia::cheap thrills remix,exciting,1,Dataset1/DS1_TRAIN_MATCH/
exciting_TEST_MV(53)-8-of-9,train,test,exciting_TEST_MV(53),Missy Elliott,Throw It Back,missy elliott::throw it back,exciting,1,Dataset1/DS1_TRAIN_MATCH/
exciting_TEST_MV(88)-3-of-8,train,test,exciting_TEST_MV(88),Cheryl Cole,Fight For This Love,cheryl cole::fight for this love,exciting,1,Dataset1/DS1_TRAIN_MATCH/
exciting_TEST_RELX(15)-7-of-9,train,test,exciting_TEST_RELX(15),Enrique Iglesias,Bailando,enrique iglesias::bailando,exciting,1,Dataset1/DS1_TRAIN_MATCH/
fear_150,train,test,fear_150,Fear Factory,Fear Campaign,fear factory::fear campaign,fear,1,Dataset1/DS1_TRAIN_MATCH/
fear_160,train,test,fear_160,Sopros,a ordem dos fatores não muda o resultado (feat. spookyss),sopros::a ordem dos fatores não muda o resultado (feat. spookyss),fear,0,Dataset1/DS1_TRAIN_MATCH/
fear_57,train,test,fear_57,Soulfly,Seek 'N' Strike,soulfly::seek 'n' strike,fear,1,Dataset1/DS1_TRAIN_MATCH/
fear_DEAP_DB_HR(14),train,test,fear_DEAP_DB_HR(14),Grace Jones,Corporate Cannibal,grace jones::corporate cannibal,fear,1,Dataset1/DS1_TRAIN_MATCH/
fear_DEAP_DP_TENSxx(9),train,test,fear_DEAP_DP_TENSxx(9),Blur,Song 2 (2012 Remaster),blur::song 2 (2012 remaster),fear,1,Dataset1/DS1_TRAIN_MATCH/
fear_FEAR_TEST(1)-4-of-10,val,test,fear_FEAR_TEST(1),Arch Enemy,The Eagle Flies Alone,arch enemy::the eagle flies alone,fear,1,Dataset1/DS1_VAL_MATCH/
fear_FEAR_TEST(17)-3-of-7,val,test,fear_FEAR_TEST(17),Suicide Silence,You Only Live Once,suicide silence::you only live once,fear,1,Dataset1/DS1_VAL_MATCH/
fear_FEAR_TEST(2)-2-of-8,train,test,fear_FEAR_TEST(2),Butcher Babies,Monsters Ball,butcher babies::monsters ball,fear,1,Dataset1/DS1_TRAIN_MATCH/
fear_FEAR_TEST(5)-6-of-8,val,test,fear_FEAR_TEST(5),Cripper,Animal of Prey,cripper::animal of prey,fear,1,Dataset1/DS1_VAL_MATCH/
fear_FEAR_TEST(7)-4-of-12,val,test,fear_FEAR_TEST(7),Eleine,Enemies,eleine::enemies,fear,1,Dataset1/DS1_VAL_MATCH/
fear_FINAL_DL_Fearr(14),train,test,fear_FINAL_DL_Fearr(14),Charlie Clouser,Quiet Nina (Remix of Breath Roomfrom Saw VI) - remix,charlie clouser::quiet nina (remix of breath roomfrom saw vi) - remix,fear,0,Dataset1/DS1_TRAIN_MATCH/
fear_FINAL_DL_Fearr(23),train,test,fear_FINAL_DL_Fearr(23),Billie Eilish,bury a friend,billie eilish::bury a friend,fear,1,Dataset1/DS1_TRAIN_MATCH/
fear_FINAL_DL_Fearr(25),train,test,fear_FINAL_DL_Fearr(25),Die Antwoord,U Like Boobies?,die antwoord::u like boobies?,fear,1,Dataset1/DS1_TRAIN_MATCH/
fear_FINAL_DL_Fearr(31),val,test,fear_FINAL_DL_Fearr(31),System of a Down,Spiders,system of a down::spiders,fear,1,Dataset1/DS1_VAL_MATCH/
fear_FINAL_DL_Fearr(46),test,test,fear_FINAL_DL_Fearr(46),A Perfect Circle,Judith,a perfect circle::judith,fear,1,Dataset1/DS1_TEST_MATCH/
fear_FINAL_FEAR(1),train,test,fear_FINAL_FEAR(1),SKYND,Gary Heidnik (feat. Jonathan Davis),skynd::gary heidnik (feat. jonathan davis),fear,0,Dataset1/DS1_TRAIN_MATCH/
fear_FINAL_FEAR(11),train,test,fear_FINAL_FEAR(11),V.A,Dân Vũ Lớp 10A5,v.a::dân vũ lớp 10a5,fear,0,Dataset1/DS1_TRAIN_MATCH/
fear_FINAL_FEAR(13),train,test,fear_FINAL_FEAR(13),Rockwell,Somebody's Watching Me,rockwell::somebody's watching me,fear,1,Dataset1/DS1_TRAIN_MATCH/
fear_FINAL_FEAR(22),train,test,fear_FINAL_FEAR(22),Lil Flop,"Run Away, Run Away, Run Away","lil flop::run away, run away, run away",fear,0,Dataset1/DS1_TRAIN_MATCH/
fear_LLT_DL(11)-4-of-7,val,test,fear_LLT_DL(11),My Chemical Romance,Helena,my chemical romance::helena,fear,1,Dataset1/DS1_VAL_MATCH/
fear_LLT_DL(14)-4-of-9,train,test,fear_LLT_DL(14),Crucified Barbara,Rock Me Like The Devil,crucified barbara::rock me like the devil,fear,1,Dataset1/DS1_TRAIN_MATCH/
fear_LLT_DL(6)-2-of-8,train,test,fear_LLT_DL(6),Muse,Supermassive Black Hole (Twilight Soundtrack Version),muse::supermassive black hole (twilight soundtrack version),fear,1,Dataset1/DS1_TRAIN_MATCH/
fear_LLT_FEAR(4)-2-of-9,val,test,fear_LLT_FEAR(4),ONE OK ROCK,Deeper Deeper,one ok rock::deeper deeper,fear,1,Dataset1/DS1_VAL_MATCH/
fear_LLT_HRR(0),train,test,fear_LLT_HRR(0),Straight Line Stitch,Black Veil,straight line stitch::black veil,fear,0,Dataset1/DS1_TRAIN_MATCH/
fear_LLT_HRR(27),train,test,fear_LLT_HRR(27),No Smoke,TipToe,no smoke::tiptoe,fear,0,Dataset1/DS1_TRAIN_MATCH/
fear_ORG_FEAR(117),train,test,fear_ORG_FEAR(117),Dubstep,Amazing Top Dubstep,dubstep::amazing top dubstep,fear,1,Dataset1/DS1_TRAIN_MATCH/
fear_ORG_FEAR(122),train,test,fear_ORG_FEAR(122),Korn,Insane,korn::insane,fear,1,Dataset1/DS1_TRAIN_MATCH/
fear_ORG_FEAR(144),train,test,fear_ORG_FEAR(144),Rammstein,MEIN TEIL,rammstein::mein teil,fear,1,Dataset1/DS1_TRAIN_MATCH/
fear_ORG_FEAR(186),val,test,fear_ORG_FEAR(186),Disturbed,Stupify,disturbed::stupify,fear,1,Dataset1/DS1_VAL_MATCH/
fear_ORG_FEAR(206),test,test,fear_ORG_FEAR(206),Candy Moment,Now and Then,candy moment::now and then,fear,0,Dataset1/DS1_TEST_MATCH/
fear_ORG_FEAR(227),train,test,fear_ORG_FEAR(227),Karin Park,Fryngies,karin park::fryngies,fear,1,Dataset1/DS1_TRAIN_MATCH/
fear_ORG_FEAR(62),train,test,fear_ORG_FEAR(62),The Cure,Lullaby,the cure::lullaby,fear,1,Dataset1/DS1_TRAIN_MATCH/
fear_ORG_RLX(299),train,test,fear_ORG_RLX(299),Bastille,World Gone Mad,bastille::world gone mad,fear,1,Dataset1/DS1_TRAIN_MATCH/
fear_ORG_TENS(355),train,test,fear_ORG_TENS(355),The Nearly Deads,Revenge,the nearly deads::revenge,fear,0,Dataset1/DS1_TRAIN_MATCH/
fear_ORG_TENS(356),train,test,fear_ORG_TENS(356),She Wants Revenge,Tear You Apart,she wants revenge::tear you apart,fear,1,Dataset1/DS1_TRAIN_MATCH/
fear_RELX_MEA(3)-4-of-9,train,test,fear_RELX_MEA(3),Autumn's Grey Solace,Sáwol,autumn's grey solace::sáwol,fear,0,Dataset1/DS1_TRAIN_MATCH/
fear_REVIEW_FEAR(10),train,test,fear_REVIEW_FEAR(10),Weighed In The Balance,Orphans,weighed in the balance::orphans,fear,0,Dataset1/DS1_TRAIN_MATCH/
fear_REVIEW_FEAR(18),train,test,fear_REVIEW_FEAR(18),Die So Fluid,Comets,die so fluid::comets,fear,0,Dataset1/DS1_TRAIN_MATCH/
fear_REVIEW_FEAR(20),val,test,fear_REVIEW_FEAR(20),Cultura Tres,Es Mi Sangre,cultura tres::es mi sangre,fear,0,Dataset1/DS1_VAL_MATCH/
fear_REVIEW_FEAR(42),train,test,fear_REVIEW_FEAR(42),Symphony X,The Serpent's Kiss,symphony x::the serpent's kiss,fear,1,Dataset1/DS1_TRAIN_MATCH/
fear_REVIEW_FEAR(7),val,test,fear_REVIEW_FEAR(7),Live,I Alone,live::i alone,fear,1,Dataset1/DS1_VAL_MATCH/
fear_TENS_HE(73)-4-of-10,train,test,fear_TENS_HE(73),ONE OK ROCK,Kanzen kankaku Dreamer,one ok rock::kanzen kankaku dreamer,fear,1,Dataset1/DS1_TRAIN_MATCH/
fear_TEST_FEAR(1)-6-of-8,test,test,fear_TEST_FEAR(1),Sepultura,Roots Bloody Roots,sepultura::roots bloody roots,fear,1,Dataset1/DS1_TEST_MATCH/
fear_TEST_FEAR(7)-7-of-8,test,test,fear_TEST_FEAR(7),Black Veil Brides,In the End,black veil brides::in the end,fear,1,Dataset1/DS1_TEST_MATCH/
fear_TEST_FEAR(8)-5-of-10,train,test,fear_TEST_FEAR(8),Bullet For My Valentine,Tears Don't Fall (Album Edit),bullet for my valentine::tears don't fall (album edit),fear,1,Dataset1/DS1_TRAIN_MATCH/
fear_TEST_MV(62)-5-of-8,train,test,fear_TEST_MV(62),Mushroomhead,Qwerty,mushroomhead::qwerty,fear,1,Dataset1/DS1_TRAIN_MATCH/
fear_TEST_MV(64)-2-of-7,train,test,fear_TEST_MV(64),Mushroomhead,Graveyard Du Jour,mushroomhead::graveyard du jour,fear,1,Dataset1/DS1_TRAIN_MATCH/
fear_TEST_MV(66)-2-of-8,val,test,fear_TEST_MV(66),Mushroomhead,Out of My Mind,mushroomhead::out of my mind,fear,1,Dataset1/DS1_VAL_MATCH/
fear_TEST_TENS_NN(11)-6-of-8,train,test,fear_TEST_TENS_NN(11),Rammstein,Ich tu dir weh (Radio Edit),rammstein::ich tu dir weh (radio edit),fear,1,Dataset1/DS1_TRAIN_MATCH/
relax_114,train,test,relax_114,Erkin Abdulla,Dude,erkin abdulla::dude,relax,0,Dataset1/DS1_TRAIN_MATCH/
relax_13,train,test,relax_13,Mocidade Independente De Padre Miguel,Elza Deusa Soares,mocidade independente de padre miguel::elza deusa soares,relax,0,Dataset1/DS1_TRAIN_MATCH/
relax_149,train,test,relax_149,Nripesh Upreti,Barilai Male Duet,nripesh upreti::barilai male duet,relax,0,Dataset1/DS1_TRAIN_MATCH/
relax_24,train,test,relax_24,Bodhi Satva,Tarian Seribu,bodhi satva::tarian seribu,relax,0,Dataset1/DS1_TRAIN_MATCH/
relax_26,train,test,relax_26,M. M. Keeravaani,Baahubali 2 The Conclusion - Medley By Ateetam,m. m. keeravaani::baahubali 2 the conclusion - medley by ateetam,relax,0,Dataset1/DS1_TRAIN_MATCH/
relax_36,train,test,relax_36,Btrenta Classic,Taiko Polser,btrenta classic::taiko polser,relax,0,Dataset1/DS1_TRAIN_MATCH/
relax_81,train,test,relax_81,KıvılcımXL,Patlamaya devam PHONK,kıvılcımxl::patlamaya devam phonk,relax,0,Dataset1/DS1_TRAIN_MATCH/
relax_FINAL_DL_Relx(103),train,test,relax_FINAL_DL_Relx(103),Royal Philharmonic Orchestra,The Pines of Rome (I pini di Roma). II. The Pines Near a Catacomb [Pinien von Rom / Les pins de Rome],royal philharmonic orchestra::the pines of rome (i pini di roma). ii. the pines near a catacomb [pinien von rom / les pins de rome],relax,0,Dataset1/DS1_TRAIN_MATCH/
relax_FINAL_DL_Relx(118),val,test,relax_FINAL_DL_Relx(118),Two Steps from Hell,Black Blade (Instrumental),two steps from hell::black blade (instrumental),relax,0,Dataset1/DS1_VAL_MATCH/
relax_FINAL_Relx_DL_Relx(20),train,test,relax_FINAL_Relx_DL_Relx(20),David Rose,Someone To Watch Over Me,david rose::someone to watch over me,relax,0,Dataset1/DS1_TRAIN_MATCH/
relax_FINAL_Relx_DL_Relx(27),train,test,relax_FINAL_Relx_DL_Relx(27),Auli,Metens,auli::metens,relax,0,Dataset1/DS1_TRAIN_MATCH/
relax_FINAL_Relx_DL_Relx(58),train,test,relax_FINAL_Relx_DL_Relx(58),Sir Adrian Boult,Saint John's Night on Bald Mountain,sir adrian boult::saint john's night on bald mountain,relax,0,Dataset1/DS1_TRAIN_MATCH/
relax_FINAL_Relx_DL_Relx(71),val,test,relax_FINAL_Relx_DL_Relx(71),Fabio Cinti,Non è facile a dirsi,fabio cinti::non è facile a dirsi,relax,0,Dataset1/DS1_VAL_MATCH/
relax_LLT_COLLT_RLX(20),val,test,relax_LLT_COLLT_RLX(20),Shabl1,See You Again 2024 (Chinese Remix),shabl1::see you again 2024 (chinese remix),relax,0,Dataset1/DS1_VAL_MATCH/
relax_LLT_COLLT_RLX(35),train,test,relax_LLT_COLLT_RLX(35),To Relaxing,Meditacion para activar el cuerpo,to relaxing::meditacion para activar el cuerpo,relax,0,Dataset1/DS1_TRAIN_MATCH/
relax_LLT_COLLT_RLX(43),train,test,relax_LLT_COLLT_RLX(43),Geova Eucarin,Despacito,geova eucarin::despacito,relax,0,Dataset1/DS1_TRAIN_MATCH/
relax_ORG_NEUTRAL(80),train,test,relax_ORG_NEUTRAL(80),Air,All I Need (feat. Beth Hirsch),air::all i need (feat. beth hirsch),relax,0,Dataset1/DS1_TRAIN_MATCH/
relax_ORG_RLX(117),train,test,relax_ORG_RLX(117),Tamileelam1976,Seventh Day Of Thileepan Anna's Hungerstrike,tamileelam1976::seventh day of thileepan anna's hungerstrike,relax,0,Dataset1/DS1_TRAIN_MATCH/
relax_ORG_RLX(124),train,test,relax_ORG_RLX(124),Eitetsu,shibuki,eitetsu::shibuki,relax,0,Dataset1/DS1_TRAIN_MATCH/
relax_ORG_RLX(127),train,test,relax_ORG_RLX(127),Shabl1,Bad Apple,shabl1::bad apple,relax,0,Dataset1/DS1_TRAIN_MATCH/
relax_ORG_RLX(130),train,test,relax_ORG_RLX(130),Nguyễn Đình Dũng,Golden Heart,nguyễn đình dũng::golden heart,relax,0,Dataset1/DS1_TRAIN_MATCH/
relax_ORG_RLX(131),train,test,relax_ORG_RLX(131),Nusrat Fateh Ali Khan,Yeh Jo Halka Halka Saroor - Live Version,nusrat fateh ali khan::yeh jo halka halka saroor - live version,relax,0,Dataset1/DS1_TRAIN_MATCH/
relax_ORG_RLX(202),train,test,relax_ORG_RLX(202),Mrm Team,The Yoga,mrm team::the yoga,relax,0,Dataset1/DS1_TRAIN_MATCH/
relax_ORG_RLX(205),val,test,relax_ORG_RLX(205),Mrm Team,Water,mrm team::water,relax,0,Dataset1/DS1_VAL_MATCH/
relax_ORG_RLX(215),train,test,relax_ORG_RLX(215),Krafttanken Radio,Deep dive 4,krafttanken radio::deep dive 4,relax,0,Dataset1/DS1_TRAIN_MATCH/
relax_ORG_RLX(216),val,test,relax_ORG_RLX(216),Relaxing Music,Cosmic Calm,relaxing music::cosmic calm,relax,0,Dataset1/DS1_VAL_MATCH/
relax_ORG_RLX(217),train,test,relax_ORG_RLX(217),Relaxing Music,Close Your Eyes,relaxing music::close your eyes,relax,0,Dataset1/DS1_TRAIN_MATCH/
relax_ORG_RLX(223),train,test,relax_ORG_RLX(223),Yellow Brick Cinema,Calming Flute Music 2089,yellow brick cinema::calming flute music 2089,relax,0,Dataset1/DS1_TRAIN_MATCH/
relax_ORG_RLX(229),train,test,relax_ORG_RLX(229),Relaxing Music,at 14,relaxing music::at 14,relax,0,Dataset1/DS1_TRAIN_MATCH/
relax_ORG_RLX(244),val,test,relax_ORG_RLX(244),Covert23 Vs. Quartz,Lost (Original Mix),covert23 vs. quartz::lost (original mix),relax,0,Dataset1/DS1_VAL_MATCH/
relax_ORG_RLX(246),train,test,relax_ORG_RLX(246),Shubha Mudgal,RAAG BHIMPALASI,shubha mudgal::raag bhimpalasi,relax,0,Dataset1/DS1_TRAIN_MATCH/
relax_ORG_RLX(267),train,test,relax_ORG_RLX(267),Rattan Mohan Sharma,Mayi Mero Mann,rattan mohan sharma::mayi mero mann,relax,0,Dataset1/DS1_TRAIN_MATCH/
relax_ORG_RLX(29),train,test,relax_ORG_RLX(29),TimmyDzi,Bắc Tiến,timmydzi::bắc tiến,relax,0,Dataset1/DS1_TRAIN_MATCH/
relax_ORG_RLX(290),train,test,relax_ORG_RLX(290),mazzaj,موسيقى هنديه,mazzaj::موسيقى هنديه,relax,0,Dataset1/DS1_TRAIN_MATCH/
relax_ORG_RLX(30),train,test,relax_ORG_RLX(30),Ara Malikian,Pulp Fiction Theme,ara malikian::pulp fiction theme,relax,0,Dataset1/DS1_TRAIN_MATCH/
relax_ORG_RLX(305),train,test,relax_ORG_RLX(305),Jagjit Singh,Babul Mora / Baju Band Khul Khul Gaye,jagjit singh::babul mora / baju band khul khul gaye,relax,1,Dataset1/DS1_TRAIN_MATCH/
relax_ORG_RLX(306),train,test,relax_ORG_RLX(306),Vikash Singh 1n,Life Line Motives,vikash singh 1n::life line motives,relax,0,Dataset1/DS1_TRAIN_MATCH/
relax_ORG_RLX(307),train,test,relax_ORG_RLX(307),Bolofofos,De Novo,bolofofos::de novo,relax,0,Dataset1/DS1_TRAIN_MATCH/
relax_ORG_RLX(34),val,test,relax_ORG_RLX(34),Vidwan Umayalpuram K,UDUPA MUSIC FESTIVAL,vidwan umayalpuram k::udupa music festival,relax,0,Dataset1/DS1_VAL_MATCH/
relax_ORG_RLX(44),train,test,relax_ORG_RLX(44),Al Vicky Artis,The Love Story,al vicky artis::the love story,relax,0,Dataset1/DS1_TRAIN_MATCH/
relax_ORG_RLX(65),train,test,relax_ORG_RLX(65),Karin Leitner,My Heart Will Go On (Titanic),karin leitner::my heart will go on (titanic),relax,0,Dataset1/DS1_TRAIN_MATCH/
relax_ORG_RLX(67),train,test,relax_ORG_RLX(67),Carles Souza,Dark Snike,carles souza::dark snike,relax,0,Dataset1/DS1_TRAIN_MATCH/
relax_ORG_RLX(72),train,test,relax_ORG_RLX(72),Hans Zimmer,Interstellar Medley,hans zimmer::interstellar medley,relax,0,Dataset1/DS1_TRAIN_MATCH/
relax_ORG_RLX(81),train,test,relax_ORG_RLX(81),Cloudy Comfort,Dreamy Cafe Conversations,cloudy comfort::dreamy cafe conversations,relax,0,Dataset1/DS1_TRAIN_MATCH/
relax_ORG_RLX(90),train,test,relax_ORG_RLX(90),Aviral kapasia,Dandelion Wishes,aviral kapasia::dandelion wishes,relax,0,Dataset1/DS1_TRAIN_MATCH/
relax_REVIEW_EXT(00),train,test,relax_REVIEW_EXT(00),Alexander Rybak,Roll With The Wind,alexander rybak::roll with the wind,relax,1,Dataset1/DS1_TRAIN_MATCH/
relax_REVIEW_RLX(0),train,test,relax_REVIEW_RLX(0),MAKAVELI INSTRUMENTALS,crossfade,makaveli instrumentals::crossfade,relax,0,Dataset1/DS1_TRAIN_MATCH/
relax_REVIEW_RLX(10),train,test,relax_REVIEW_RLX(10),MAKAVELI INSTRUMENTALS,ever listened to,makaveli instrumentals::ever listened to,relax,0,Dataset1/DS1_TRAIN_MATCH/
relax_REVIEW_RLX(15),train,test,relax_REVIEW_RLX(15),Classical Piano Playlist,Ethereal Resonance with Whiskered Companions: Piano's Touch,classical piano playlist::ethereal resonance with whiskered companions: piano's touch,relax,0,Dataset1/DS1_TRAIN_MATCH/
relax_REVIEW_RLX(17),train,test,relax_REVIEW_RLX(17),To Relaxing,Clouds,to relaxing::clouds,relax,0,Dataset1/DS1_TRAIN_MATCH/
relax_REVIEW_RLX(18),train,test,relax_REVIEW_RLX(18),To Relaxing,Auroras,to relaxing::auroras,relax,0,Dataset1/DS1_TRAIN_MATCH/
relax_REVIEW_RLX(21),val,test,relax_REVIEW_RLX(21),Para Meditar y Hacer Yoga,Meditación Guiada,para meditar y hacer yoga::meditación guiada,relax,0,Dataset1/DS1_VAL_MATCH/
relax_REVIEW_RLX(44),train,test,relax_REVIEW_RLX(44),Annette Jones,Magical Raven Journey,annette jones::magical raven journey,relax,0,Dataset1/DS1_TRAIN_MATCH/
relax_REVIEW_RLX(49),train,test,relax_REVIEW_RLX(49),Relaxing Music On,Great Space,relaxing music on::great space,relax,0,Dataset1/DS1_TRAIN_MATCH/
relax_REVIEW_RLX(5),train,test,relax_REVIEW_RLX(5),MAKAVELI INSTRUMENTALS,the most,makaveli instrumentals::the most,relax,0,Dataset1/DS1_TRAIN_MATCH/
relax_REVIEW_RLX(53),train,test,relax_REVIEW_RLX(53),Ocb Relax,Madison,ocb relax::madison,relax,0,Dataset1/DS1_TRAIN_MATCH/
relax_REVIEW_RLX(6),train,test,relax_REVIEW_RLX(6),The Mind Channel,Ideal,the mind channel::ideal,relax,0,Dataset1/DS1_TRAIN_MATCH/
relax_REVIEW_RLX(61),train,test,relax_REVIEW_RLX(61),Dhruva Aliman,Halls Of Neptune (Long Version),dhruva aliman::halls of neptune (long version),relax,0,Dataset1/DS1_TRAIN_MATCH/
relax_REVIEW_RLX(64),train,test,relax_REVIEW_RLX(64),Wade Made,Arabesque,wade made::arabesque,relax,0,Dataset1/DS1_TRAIN_MATCH/
relax_REVIEW_RLX(66),train,test,relax_REVIEW_RLX(66),The Mind Channel,San Francisco,the mind channel::san francisco,relax,0,Dataset1/DS1_TRAIN_MATCH/
relax_REVIEW_RLX(7),train,test,relax_REVIEW_RLX(7),MAKAVELI INSTRUMENTALS,music you,makaveli instrumentals::music you,relax,0,Dataset1/DS1_TRAIN_MATCH/
relax_REVIEW_RLX_LLT(29),train,test,relax_REVIEW_RLX_LLT(29),luvdex,Пальмы,luvdex::пальмы,relax,0,Dataset1/DS1_TRAIN_MATCH/
relax_Rellx_FINAL_DL(143),train,test,relax_Rellx_FINAL_DL(143),SteezyLH,a note to the past (feat. Cosmic Voices from Bulgaria),steezylh::a note to the past (feat. cosmic voices from bulgaria),relax,0,Dataset1/DS1_TRAIN_MATCH/
relax_Rellx_FINAL_DL(162),train,test,relax_Rellx_FINAL_DL(162),DVJ GHOST,Live (Original Mix),dvj ghost::live (original mix),relax,0,Dataset1/DS1_TRAIN_MATCH/
relax_Rellx_FINAL_DL(181),train,test,relax_Rellx_FINAL_DL(181),Apollo's Chariot,winter,apollo's chariot::winter,relax,0,Dataset1/DS1_TRAIN_MATCH/
relax_Rellx_FINAL_DL(25),train,test,relax_Rellx_FINAL_DL(25),Herbsthauch,Gestern War Alles Stein,herbsthauch::gestern war alles stein,relax,0,Dataset1/DS1_TRAIN_MATCH/
relax_Rellx_FINAL_DL(28),train,test,relax_Rellx_FINAL_DL(28),101 Strings Orchestra,"Over the Rainbow (From ""Wizard of Oz"")","101 strings orchestra::over the rainbow (from ""wizard of oz"")",relax,0,Dataset1/DS1_TRAIN_MATCH/
relax_Rellx_FINAL_DL(29),train,test,relax_Rellx_FINAL_DL(29),The Geraldo String Orchestra,Out Of My Dreams,the geraldo string orchestra::out of my dreams,relax,0,Dataset1/DS1_TRAIN_MATCH/
relax_Rellx_FINAL_DL(7),train,test,relax_Rellx_FINAL_DL(7),Somchanda Bhattacharya,Zara Zara 2.0,somchanda bhattacharya::zara zara 2.0,relax,0,Dataset1/DS1_TRAIN_MATCH/
relax_Rellx_FINAL_DL(77),train,test,relax_Rellx_FINAL_DL(77),Shankar Ehsaan Loy,Labb Par Aaye,shankar ehsaan loy::labb par aaye,relax,0,Dataset1/DS1_TRAIN_MATCH/
relax_Rellx_FINAL_DL(99),train,test,relax_Rellx_FINAL_DL(99),Jonna Jinton,Kulning - Calling the Spring,jonna jinton::kulning - calling the spring,relax,0,Dataset1/DS1_TRAIN_MATCH/
relax_Relx_FINAL_DL(105),train,test,relax_Relx_FINAL_DL(105),Golden Salt,Nothing Else Matters (Remastered),golden salt::nothing else matters (remastered),relax,0,Dataset1/DS1_TRAIN_MATCH/
relax_Relx_FINAL_DL(12),train,test,relax_Relx_FINAL_DL(12),"The London Pops Orchestra, Nelson Corbin",Stella by Starlight,"the london pops orchestra, nelson corbin::stella by starlight",relax,0,Dataset1/DS1_TRAIN_MATCH/
relax_Relx_FINAL_DL(124),train,test,relax_Relx_FINAL_DL(124),Tautumeitas,Panama,tautumeitas::panama,relax,1,Dataset1/DS1_TRAIN_MATCH/
relax_Relx_FINAL_DL(15),train,test,relax_Relx_FINAL_DL(15),Sanjay Leela Bhansali,Mohe Rang Do Laal,sanjay leela bhansali::mohe rang do laal,relax,1,Dataset1/DS1_TRAIN_MATCH/
relax_Relx_FINAL_DL(159),train,test,relax_Relx_FINAL_DL(159),New Symphony Orchestra of London,Eine Nacht auf dem kahlen Berge,new symphony orchestra of london::eine nacht auf dem kahlen berge,relax,0,Dataset1/DS1_TRAIN_MATCH/
relax_TEST_MV(57)-4-of-11,train,test,relax_TEST_MV(57),Bishnu Dev,Timi Tare Bhir (तिमी तारे भीर) (Flute Music),bishnu dev::timi tare bhir (तिमी तारे भीर) (flute music),relax,0,Dataset1/DS1_TRAIN_MATCH/
relax_TEST_RELX(23)-13-of-22,val,test,relax_TEST_RELX(23),Anokuch,Light,anokuch::light,relax,0,Dataset1/DS1_VAL_MATCH/
relax_TEST_RELX(26)-8-of-9,val,test,relax_TEST_RELX(26),Mumford & Sons,Little Lion Man,mumford & sons::little lion man,relax,1,Dataset1/DS1_VAL_MATCH/
relax_TEST_RELX(38)-9-of-10,test,test,relax_TEST_RELX(38),Julio Miguel,Merrie Monarch Halau Hula o Hokulani,julio miguel::merrie monarch halau hula o hokulani,relax,0,Dataset1/DS1_TEST_MATCH/
sad_FINAL_DL(82)-5-of-8,test,test,sad_FINAL_DL(82),Aquilo,Calling Me,aquilo::calling me,sad,1,Dataset1/DS1_TEST_MATCH/
sad_FINAL_DL_Sad(0),train,test,sad_FINAL_DL_Sad(0),Selena Gomez,The Heart Wants What It Wants,selena gomez::the heart wants what it wants,sad,1,Dataset1/DS1_TRAIN_MATCH/
sad_FINAL_DL_Sad(13),train,test,sad_FINAL_DL_Sad(13),Nothing Remains,love less,nothing remains::love less,sad,0,Dataset1/DS1_TRAIN_MATCH/
sad_FINAL_DL_Sad(35),train,test,sad_FINAL_DL_Sad(35),Passenger,Let Her Go,passenger::let her go,sad,1,Dataset1/DS1_TRAIN_MATCH/
sad_FINAL_DL_Sad(40),train,test,sad_FINAL_DL_Sad(40),HQ Karaoke,"Read All About It, Pt. III - Karaoke Version","hq karaoke::read all about it, pt. iii - karaoke version",sad,0,Dataset1/DS1_TRAIN_MATCH/
sad_FINAL_DL_Sad(44),train,test,sad_FINAL_DL_Sad(44),Katy Perry,The One That Got Away,katy perry::the one that got away,sad,1,Dataset1/DS1_TRAIN_MATCH/
sad_FINAL_DL_Sad(8),train,test,sad_FINAL_DL_Sad(8),Dido,White Flag (Radio Edit),dido::white flag (radio edit),sad,0,Dataset1/DS1_TRAIN_MATCH/
sad_MIX_TEST(3)-2-of-10,val,test,sad_MIX_TEST(3),Jess Glynne,Take Me Home,jess glynne::take me home,sad,1,Dataset1/DS1_VAL_MATCH/
sad_ORG_SAD(121),val,test,sad_ORG_SAD(121),Taru,Rainy,taru::rainy,sad,0,Dataset1/DS1_VAL_MATCH/
sad_ORG_SAD(126),train,test,sad_ORG_SAD(126),Mariah Carey,We Belong Together,mariah carey::we belong together,sad,1,Dataset1/DS1_TRAIN_MATCH/
sad_ORG_SAD(148),val,test,sad_ORG_SAD(148),Lee Seung Chul,그런 사람 또 없습니다,lee seung chul::그런 사람 또 없습니다,sad,1,Dataset1/DS1_VAL_MATCH/
sad_ORG_SAD(172),train,test,sad_ORG_SAD(172),Thomas Gold,Take Me Home,thomas gold::take me home,sad,1,Dataset1/DS1_TRAIN_MATCH/
sad_ORG_SAD(18),train,test,sad_ORG_SAD(18),Wilco,How to Fight Lonliness,wilco::how to fight lonliness,sad,1,Dataset1/DS1_TRAIN_MATCH/
sad_ORG_SAD(182),train,test,sad_ORG_SAD(182),Kim Sung Kyu,Kontrol,kim sung kyu::kontrol,sad,1,Dataset1/DS1_TRAIN_MATCH/
sad_ORG_SAD(183),train,test,sad_ORG_SAD(183),EXO,12월의 기적,exo::12월의 기적,sad,0,Dataset1/DS1_TRAIN_MATCH/
sad_ORG_SAD(184),train,test,sad_ORG_SAD(184),BerryGood,내 첫사랑,berrygood::내 첫사랑,sad,1,Dataset1/DS1_TRAIN_MATCH/
sad_ORG_SAD(199),train,test,sad_ORG_SAD(199),Brown Eyed Girls,Cleansing Cream,brown eyed girls::cleansing cream,sad,0,Dataset1/DS1_TRAIN_MATCH/
sad_ORG_SAD(213),train,test,sad_ORG_SAD(213),LADIES` CODE,I`m Fine Thank You,ladies` code::i`m fine thank you,sad,1,Dataset1/DS1_TRAIN_MATCH/
sad_ORG_SAD(293),train,test,sad_ORG_SAD(293),My Chemical Romance,I Don't Love You,my chemical romance::i don't love you,sad,1,Dataset1/DS1_TRAIN_MATCH/
sad_ORG_SAD(305),train,test,sad_ORG_SAD(305),Madnap,Love Is Awake,madnap::love is awake,sad,0,Dataset1/DS1_TRAIN_MATCH/
sad_ORG_SAD(311),train,test,sad_ORG_SAD(311),Lee Seung Gi,Return,lee seung gi::return,sad,1,Dataset1/DS1_TRAIN_MATCH/
sad_ORG_SAD(74),train,test,sad_ORG_SAD(74),ZAYN,"I Don’t Wanna Live Forever (Fifty Shades Darker) - From ""Fifty Shades Darker (Original Motion Picture Soundtrack)""","zayn::i don’t wanna live forever (fifty shades darker) - from ""fifty shades darker (original motion picture soundtrack)""",sad,1,Dataset1/DS1_TRAIN_MATCH/
sad_RELX_MEA(6)-2-of-9,train,test,sad_RELX_MEA(6),Terry Devine-King ,ROSE OF ENGLAND,terry devine-king::rose of england,sad,0,Dataset1/DS1_TRAIN_MATCH/
sad_REVIEW_NTRL(44),train,test,sad_REVIEW_NTRL(44),Chinese Silk and Videotape,Almost Over,chinese silk and videotape::almost over,sad,0,Dataset1/DS1_TRAIN_MATCH/
sad_REVIEW_SAD (16),train,test,sad_REVIEW_SAD (16),Dave Sander,Ballett der Bilder,dave sander::ballett der bilder,sad,0,Dataset1/DS1_TRAIN_MATCH/
sad_REVIEW_SAD (24),train,test,sad_REVIEW_SAD (24),Ceylan,Anam Ağlar,ceylan::anam ağlar,sad,0,Dataset1/DS1_TRAIN_MATCH/
sad_REVIEW_SAD (52),train,test,sad_REVIEW_SAD (52),Momonon,Tolong Tuhan,momonon::tolong tuhan,sad,0,Dataset1/DS1_TRAIN_MATCH/
sad_REVIEW_SAD (53),train,test,sad_REVIEW_SAD (53),Nina Vidal,Silver Lining,nina vidal::silver lining,sad,0,Dataset1/DS1_TRAIN_MATCH/
sad_REVIEW_SAD (6),train,test,sad_REVIEW_SAD (6),Rihanna,Stay,rihanna::stay,sad,1,Dataset1/DS1_TRAIN_MATCH/
sad_REVIEW_SAD (60),train,test,sad_REVIEW_SAD (60),Ibrahim Erkal,De Get Yalan Dünya,ibrahim erkal::de get yalan dünya,sad,1,Dataset1/DS1_TRAIN_MATCH/
sad_SAAD_NN(0)-2-of-10,train,test,sad_SAAD_NN(0),Pentatonix,Say Something,pentatonix::say something,sad,1,Dataset1/DS1_TRAIN_MATCH/
sad_SADA_FINAL_DL(28),train,test,sad_SADA_FINAL_DL(28),James Blunt,Carry You Home,james blunt::carry you home,sad,1,Dataset1/DS1_TRAIN_MATCH/
sad_SAD_LLT(10)-4-of-13,train,test,sad_SAD_LLT(10),Joseph H J Joseph Aldenzee,Blue Atmosphere,joseph h j joseph aldenzee::blue atmosphere,sad,0,Dataset1/DS1_TRAIN_MATCH/
sad_SAD_LLT(11),val,test,sad_SAD_LLT(11),Aakanksha Sharma,Naino Ne Baandhi By Aakanksha Sharma,aakanksha sharma::naino ne baandhi by aakanksha sharma,sad,1,Dataset1/DS1_VAL_MATCH/
sad_SAD_LLT(2)-5-of-9,train,test,sad_SAD_LLT(2),Sanam Parowal,Bewafa Hi Rehan De,sanam parowal::bewafa hi rehan de,sad,0,Dataset1/DS1_TRAIN_MATCH/
sad_SAD_LLT(29),train,test,sad_SAD_LLT(29),iKON,GOODBYE ROAD,ikon::goodbye road,sad,1,Dataset1/DS1_TRAIN_MATCH/
sad_SAD_LLT(30)-3-of-6,train,test,sad_SAD_LLT(30),Nandini Srikar,Duaa,nandini srikar::duaa,sad,1,Dataset1/DS1_TRAIN_MATCH/
sad_SAD_TEST(10)-8-of-9,val,test,sad_SAD_TEST(10),Elohim,Hallucinating,elohim::hallucinating,sad,1,Dataset1/DS1_VAL_MATCH/
sad_SAD_TEST(13)-5-of-10,val,test,sad_SAD_TEST(13),Jaymes Young,Happiest Year,jaymes young::happiest year,sad,1,Dataset1/DS1_VAL_MATCH/
sad_SAD_TEST(15)-11-of-12,test,test,sad_SAD_TEST(15),Macklemore & Ryan Lewis,Wing$,macklemore & ryan lewis::wing$,sad,1,Dataset1/DS1_TEST_MATCH/
sad_SAD_TEST(4)-3-of-6,train,test,sad_SAD_TEST(4),Bebe Rexha,Meant to Be (feat. Florida Georgia Line),bebe rexha::meant to be (feat. florida georgia line),sad,1,Dataset1/DS1_TRAIN_MATCH/
sad_Sad_FINAL_DL(32),train,test,sad_Sad_FINAL_DL(32),Tulsi Kumar,Rote Rote Yuhi Raat Guzar,tulsi kumar::rote rote yuhi raat guzar,sad,0,Dataset1/DS1_TRAIN_MATCH/
sad_TEST_MV(45)-3-of-7,train,test,sad_TEST_MV(45),Trishna Gurung,Sajha Ko Bela,trishna gurung::sajha ko bela,sad,1,Dataset1/DS1_TRAIN_MATCH/
sad_TEST_SAD(28)-3-of-10,test,test,sad_TEST_SAD(28),George Michael,Jesus to a Child (Special Radio Edit),george michael::jesus to a child (special radio edit),sad,1,Dataset1/DS1_TEST_MATCH/
sad_TT(10),train,test,sad_TT(10),Jang Pil Soon,Good Bye,jang pil soon::good bye,sad,0,Dataset1/DS1_TRAIN_MATCH/
tense_Exciting_MV_NC3(24)-4-of-6,train,test,tense_Exciting_MV_NC3(24),Zion I,Masters of Ceremony,zion i::masters of ceremony,tense,0,Dataset1/DS1_TRAIN_MATCH/
tense_NORM_HEA(53)-5-of-6,train,test,tense_NORM_HEA(53),BLITZ the AMBASSADOR,Akwaaba,blitz the ambassador::akwaaba,tense,0,Dataset1/DS1_TRAIN_MATCH/
tense_ORG_TENS(166),train,test,tense_ORG_TENS(166),theluckyadhana,Aakash rana 315 attitude shayri,theluckyadhana::aakash rana 315 attitude shayri,tense,0,Dataset1/DS1_TRAIN_MATCH/
tense_ORG_TENS(182),train,test,tense_ORG_TENS(182),Addy Nagar,Do or Die,addy nagar::do or die,tense,0,Dataset1/DS1_TRAIN_MATCH/
tense_ORG_TENS(189),val,test,tense_ORG_TENS(189),Eminem,Lose Yourself (Soundtrack Version),eminem::lose yourself (soundtrack version),tense,1,Dataset1/DS1_VAL_MATCH/
tense_ORG_TENS(240),train,test,tense_ORG_TENS(240),BTS,RUN,bts::run,tense,1,Dataset1/DS1_TRAIN_MATCH/
tense_ORG_TENS(262),train,test,tense_ORG_TENS(262),Ratter,One Shot,ratter::one shot,tense,0,Dataset1/DS1_TRAIN_MATCH/
tense_ORG_TENS(341),val,test,tense_ORG_TENS(341),Ministry,Revenge,ministry::revenge,tense,0,Dataset1/DS1_VAL_MATCH/
tense_ORG_TENS(350),train,test,tense_ORG_TENS(350),DJ Kamron Cox,Go Crazy (feat. Maine Musik & Tec),dj kamron cox::go crazy (feat. maine musik & tec),tense,0,Dataset1/DS1_TRAIN_MATCH/
tense_ORG_TENS(75),train,test,tense_ORG_TENS(75),Sublime,Santeria,sublime::santeria,tense,1,Dataset1/DS1_TRAIN_MATCH/
tense_REVIEW_FEAR(40),train,test,tense_REVIEW_FEAR(40),Pieter T,It Would Be You,pieter t::it would be you,tense,0,Dataset1/DS1_TRAIN_MATCH/
tense_REVIEW_NTRL(32),train,test,tense_REVIEW_NTRL(32),Wiz Khalifa,Black And Yellow (G-Mix) (Instrumental),wiz khalifa::black and yellow (g-mix) (instrumental),tense,1,Dataset1/DS1_TRAIN_MATCH/
tense_REVIEW_NTRL(39),train,test,tense_REVIEW_NTRL(39),The YY,Hail Mary Pt. 2 REMASTERED,the yy::hail mary pt. 2 remastered,tense,0,Dataset1/DS1_TRAIN_MATCH/
tense_REVIEW_NTRL(73),train,test,tense_REVIEW_NTRL(73),H.A.S,Pékin Express,h.a.s::pékin express,tense,0,Dataset1/DS1_TRAIN_MATCH/
tense_REVIEW_TENS(15),train,test,tense_REVIEW_TENS(15),Call of the Void,Napalm Lungs,call of the void::napalm lungs,tense,0,Dataset1/DS1_TRAIN_MATCH/
tense_REVIEW_TENS(2),train,test,tense_REVIEW_TENS(2),Smosh,Ultimate Assassin's Creed 3 Song,smosh::ultimate assassin's creed 3 song,tense,1,Dataset1/DS1_TRAIN_MATCH/
tense_REVIEW_TENS(26),train,test,tense_REVIEW_TENS(26),Exit 380,Moonshiners Run,exit 380::moonshiners run,tense,0,Dataset1/DS1_TRAIN_MATCH/
tense_REVIEW_TENS(33),train,test,tense_REVIEW_TENS(33),In Light of Us,All That I Feel,in light of us::all that i feel,tense,0,Dataset1/DS1_TRAIN_MATCH/
tense_REVIEW_TENS(70),train,test,tense_REVIEW_TENS(70),Paradise Lost,Symbol Of Life,paradise lost::symbol of life,tense,1,Dataset1/DS1_TRAIN_MATCH/
tense_TENS_HE(113)-4-of-6,train,test,tense_TENS_HE(113),Big Joe,Urano,big joe::urano,tense,0,Dataset1/DS1_TRAIN_MATCH/
tense_TENS_HE(115)-5-of-7,train,test,tense_TENS_HE(115),Thandiwe Love,Christmas Please Come,thandiwe love::christmas please come,tense,0,Dataset1/DS1_TRAIN_MATCH/
tense_TENS_HE(177)-2-of-8,train,test,tense_TENS_HE(177),Wiz Khalifa,We Own It (Fast & Furious),wiz khalifa::we own it (fast & furious),tense,1,Dataset1/DS1_TRAIN_MATCH/
tense_TENS_HE(22)-2-of-8,train,test,tense_TENS_HE(22),Simple Plan,Take My Hand,simple plan::take my hand,tense,1,Dataset1/DS1_TRAIN_MATCH/
tense_TENS_LLT(17)),train,test,tense_TENS_LLT(17)),Reld Aurel,I Need Help,reld aurel::i need help,tense,0,Dataset1/DS1_TRAIN_MATCH/
tense_TENS_LLT(2)-10-of-13,train,test,tense_TENS_LLT(2),Chance The Rapper,Hot Shower,chance the rapper::hot shower,tense,1,Dataset1/DS1_TRAIN_MATCH/
tense_TENS_LLT(3)-5-of-10,train,test,tense_TENS_LLT(3),Snoop Dogg,Nuthin' But a 'G' Thang,snoop dogg::nuthin' but a 'g' thang,tense,1,Dataset1/DS1_TRAIN_MATCH/
tense_TENS_LLT(39)),train,test,tense_TENS_LLT(39)),House of Matoto,Amoutin,house of matoto::amoutin,tense,0,Dataset1/DS1_TRAIN_MATCH/
tense_TENS_LLT(48)),test,test,tense_TENS_LLT(48)),CERTIFIED GUAPBOY AYEFIVE,Drama,certified guapboy ayefive::drama,tense,0,Dataset1/DS1_TEST_MATCH/
tense_TENS_LLT(60)),test,test,tense_TENS_LLT(60)),Reybboy,Chờ,reybboy::chờ,tense,0,Dataset1/DS1_TEST_MATCH/
tense_TENS_MM(13)-4-of-6,test,test,tense_TENS_MM(13),Denzel Curry,RICKY,denzel curry::ricky,tense,1,Dataset1/DS1_TEST_MATCH/
tense_TENS_MM(6)-4-of-8,train,test,tense_TENS_MM(6),Will Smith,"Men In Black (From ""Men In Black"" Soundtrack)","will smith::men in black (from ""men in black"" soundtrack)",tense,1,Dataset1/DS1_TRAIN_MATCH/
tense_TEST_MV(1)-8-of-9,val,test,tense_TEST_MV(1),Akon,Hurt Somebody,akon::hurt somebody,tense,0,Dataset1/DS1_VAL_MATCH/
tense_TEST_MV(2)-8-of-10,train,test,tense_TEST_MV(2),Avicii,I Could Be The One (Avicii Vs. Nicky Romero),avicii::i could be the one (avicii vs. nicky romero),tense,1,Dataset1/DS1_TRAIN_MATCH/
tense_TEST_MV(84)-7-of-9,train,test,tense_TEST_MV(84),Kaveli,Jason Statham,kaveli::jason statham,tense,0,Dataset1/DS1_TRAIN_MATCH/
tense_TEST_TENS(29)-5-of-14,val,test,tense_TEST_TENS(29),Justice,Stress,justice::stress,tense,0,Dataset1/DS1_VAL_MATCH/
tense_TEST_TENS(33)-9-of-14,train,test,tense_TEST_TENS(33),Kings of Leon,Beautiful War,kings of leon::beautiful war,tense,1,Dataset1/DS1_TRAIN_MATCH/
tense_TEST_TENS_NN(14)-7-of-11,train,test,tense_TEST_TENS_NN(14),Wale,Ambition (feat. Meek Mill & Rick Ross),wale::ambition (feat. meek mill & rick ross),tense,1,Dataset1/DS1_TRAIN_MATCH/
tense_TEST_TENS_NN(4)-3-of-6,train,test,tense_TEST_TENS_NN(4),Gucci Mane,1st Day out Tha Feds,gucci mane::1st day out tha feds,tense,1,Dataset1/DS1_TRAIN_MATCH/
tense_Tens_DEAP_DP_TENS(10),train,test,tense_Tens_DEAP_DP_TENS(10),The White Stripes,Seven Nation Army,the white stripes::seven nation army,tense,1,Dataset1/DS1_TRAIN_MATCH/
exciting_145,val,train,exciting_145,Pramod Kharel,Yo Kura Gopya,pramod kharel::yo kura gopya,exciting,1,Dataset1/DS1_VAL_MATCH/
exciting_192,train,train,exciting_192,Masaka Kids Africana,Joy of Togetherness,masaka kids africana::joy of togetherness,exciting,0,Dataset1/DS1_TRAIN_MATCH/
exciting_193,train,train,exciting_193,Petit Afro,Kitoki,petit afro::kitoki,exciting,0,Dataset1/DS1_TRAIN_MATCH/
exciting_292,train,train,exciting_292,MattyB,Shake It Off,mattyb::shake it off,exciting,0,Dataset1/DS1_TRAIN_MATCH/
exciting_43,train,train,exciting_43,Ritmo Africano,Kids Africana Dancing,ritmo africano::kids africana dancing,exciting,0,Dataset1/DS1_TRAIN_MATCH/
exciting_DEAP_DBW_EXT(11),train,train,exciting_DEAP_DBW_EXT(11),Aqua,Barbie Girl,aqua::barbie girl,exciting,1,Dataset1/DS1_TRAIN_MATCH/
exciting_DEAP_DBW_EXT(12),train,train,exciting_DEAP_DBW_EXT(12),Aqua,Barbie Girl,aqua::barbie girl,exciting,1,Dataset1/DS1_TRAIN_MATCH/
exciting_DEAP_DBW_EXT(21),val,train,exciting_DEAP_DBW_EXT(21),The B-52's,Love Shack,the b-52's::love shack,exciting,1,Dataset1/DS1_VAL_MATCH/
exciting_DEAP_DBW_EXT(30),train,train,exciting_DEAP_DBW_EXT(30),The Black Eyed Peas,My Humps,the black eyed peas::my humps,exciting,1,Dataset1/DS1_TRAIN_MATCH/
exciting_DEAP_DBW_EXT(31),val,train,exciting_DEAP_DBW_EXT(31),The Black Eyed Peas,My Humps,the black eyed peas::my humps,exciting,1,Dataset1/DS1_VAL_MATCH/
exciting_DEAP_DBW_EXT(32),train,train,exciting_DEAP_DBW_EXT(32),Shakira,She Wolf,shakira::she wolf,exciting,1,Dataset1/DS1_TRAIN_MATCH/
exciting_DEAP_DBW_EXT(33),train,train,exciting_DEAP_DBW_EXT(33),Shakira,She Wolf,shakira::she wolf,exciting,1,Dataset1/DS1_TRAIN_MATCH/
exciting_DEAP_DBW_EXT(39),train,train,exciting_DEAP_DBW_EXT(39),Michael Franti & Spearhead,Say Hey (I Love You),michael franti & spearhead::say hey (i love you),exciting,1,Dataset1/DS1_TRAIN_MATCH/
exciting_DEAP_DBW_EXT(4),train,train,exciting_DEAP_DBW_EXT(4),Mika,Love Today,mika::love today,exciting,1,Dataset1/DS1_TRAIN_MATCH/
exciting_DEAP_DBW_EXT(5),val,train,exciting_DEAP_DBW_EXT(5),Mika,Love Today,mika::love today,exciting,1,Dataset1/DS1_VAL_MATCH/
exciting_DEAP_DBW_EXT(6),train,train,exciting_DEAP_DBW_EXT(6),Mika,Love Today,mika::love today,exciting,1,Dataset1/DS1_TRAIN_MATCH/
exciting_DEAP_DB_EX(24),val,train,exciting_DEAP_DB_EX(24),Pharrell Williams,"Happy (From ""Despicable Me 2"")","pharrell williams::happy (from ""despicable me 2"")",exciting,1,Dataset1/DS1_VAL_MATCH/
exciting_DEAP_DB_EX(25),train,train,exciting_DEAP_DB_EX(25),Pharrell Williams,"Happy (From ""Despicable Me 2"")","pharrell williams::happy (from ""despicable me 2"")",exciting,1,Dataset1/DS1_TRAIN_MATCH/
exciting_DEAP_DB_EX(29),train,train,exciting_DEAP_DB_EX(29),Justin Bieber,Beauty And A Beat,justin bieber::beauty and a beat,exciting,1,Dataset1/DS1_TRAIN_MATCH/
exciting_DEAP_DB_EX(3),train,train,exciting_DEAP_DB_EX(3),Christina Aguilera,Nasty Naughty Boy,christina aguilera::nasty naughty boy,exciting,1,Dataset1/DS1_TRAIN_MATCH/
exciting_DEAP_DB_EX(30),val,train,exciting_DEAP_DB_EX(30),Justin Bieber,Beauty And A Beat,justin bieber::beauty and a beat,exciting,1,Dataset1/DS1_VAL_MATCH/
exciting_DEAP_DB_EX(32),val,train,exciting_DEAP_DB_EX(32),Alphabeat,Fascination,alphabeat::fascination,exciting,1,Dataset1/DS1_VAL_MATCH/
exciting_DEAP_DB_EXTT(10),train,train,exciting_DEAP_DB_EXTT(10),Jordyn Taylor,Accessory,jordyn taylor::accessory,exciting,0,Dataset1/DS1_TRAIN_MATCH/
exciting_DEAP_DB_EXTT(13),train,train,exciting_DEAP_DB_EXTT(13),Michael Jackson,Blame It on the Boogie,michael jackson::blame it on the boogie,exciting,1,Dataset1/DS1_TRAIN_MATCH/
exciting_DEAP_DB_EXTT(16),train,train,exciting_DEAP_DB_EXTT(16),blink-182,First Date,blink-182::first date,exciting,1,Dataset1/DS1_TRAIN_MATCH/
exciting_DEAP_DB_EXTT(17),val,train,exciting_DEAP_DB_EXTT(17),blink-182,First Date,blink-182::first date,exciting,1,Dataset1/DS1_VAL_MATCH/
exciting_DEAP_DB_EXTT(5),train,train,exciting_DEAP_DB_EXTT(5),Fatboy Slim,Weapon Of Choice,fatboy slim::weapon of choice,exciting,1,Dataset1/DS1_TRAIN_MATCH/
exciting_DEAP_DB_EXTT(8),train,train,exciting_DEAP_DB_EXTT(8),The Black Eyed Peas,My Humps,the black eyed peas::my humps,exciting,1,Dataset1/DS1_TRAIN_MATCH/
exciting_DEAP_DB_EXTT(9),val,train,exciting_DEAP_DB_EXTT(9),Jordyn Taylor,Accessory,jordyn taylor::accessory,exciting,0,Dataset1/DS1_VAL_MATCH/
exciting_DEAP_DB_NT(44),train,train,exciting_DEAP_DB_NT(44),Junior Senior,Move Your feet,junior senior::move your feet,exciting,1,Dataset1/DS1_TRAIN_MATCH/
exciting_EXT_S1(0),test,train,exciting_EXT_S1(0),"VISHAL DADLANI, NEHA BHASIN",SWAG SE SWAGAT,"vishal dadlani, neha bhasin::swag se swagat",exciting,1,Dataset1/DS1_TEST_MATCH/
exciting_EXT_S1(1),val,train,exciting_EXT_S1(1),Mina Niraula,Choli (Original Motion Picture Soundtrack),mina niraula::choli (original motion picture soundtrack),exciting,0,Dataset1/DS1_VAL_MATCH/
exciting_EXT_S1(11),train,train,exciting_EXT_S1(11),Michael Jackson,Blame It on the Boogie,michael jackson::blame it on the boogie,exciting,1,Dataset1/DS1_TRAIN_MATCH/
exciting_EXT_S1(13),train,train,exciting_EXT_S1(13),TWICE,LIKEY,twice::likey,exciting,1,Dataset1/DS1_TRAIN_MATCH/
exciting_EXT_S1(15),train,train,exciting_EXT_S1(15),Macklemore & Ryan Lewis,Can't Hold Us (feat. Ray Dalton),macklemore & ryan lewis::can't hold us (feat. ray dalton),exciting,1,Dataset1/DS1_TRAIN_MATCH/
exciting_EXT_S1(17),train,train,exciting_EXT_S1(17),Owl City,Good Time,owl city::good time,exciting,1,Dataset1/DS1_TRAIN_MATCH/
exciting_EXT_S1(19),train,train,exciting_EXT_S1(19),BTS,MIC Drop,bts::mic drop,exciting,1,Dataset1/DS1_TRAIN_MATCH/
exciting_EXT_S1(20),val,train,exciting_EXT_S1(20),ARIJIT SINGH,NASHE SI CHADH GAYI - REMIX,arijit singh::nashe si chadh gayi - remix,exciting,1,Dataset1/DS1_VAL_MATCH/
exciting_EXT_S1(22),train,train,exciting_EXT_S1(22),,,,exciting,0,Dataset1/DS1_TRAIN_MATCH/
exciting_EXT_S1(24),train,train,exciting_EXT_S1(24),Eden,Apposè,eden::apposè,exciting,0,Dataset1/DS1_TRAIN_MATCH/
exciting_EXT_S1(25),train,train,exciting_EXT_S1(25),Phoenix,Lisztomania,phoenix::lisztomania,exciting,1,Dataset1/DS1_TRAIN_MATCH/
exciting_EXT_S1(26),train,train,exciting_EXT_S1(26),,,,exciting,0,Dataset1/DS1_TRAIN_MATCH/
exciting_EXT_S1(28),train,train,exciting_EXT_S1(28),Big Time Rush,Halfway There,big time rush::halfway there,exciting,1,Dataset1/DS1_TRAIN_MATCH/
exciting_EXT_S1(29),train,train,exciting_EXT_S1(29),HyunA,Red,hyuna::red,exciting,1,Dataset1/DS1_TRAIN_MATCH/
exciting_EXT_S1(32),train,train,exciting_EXT_S1(32),DJ Snake,Taki Taki,dj snake::taki taki,exciting,1,Dataset1/DS1_TRAIN_MATCH/
exciting_EXT_S1(4),train,train,exciting_EXT_S1(4),John Travolta,You're The One That I Want,john travolta::you're the one that i want,exciting,1,Dataset1/DS1_TRAIN_MATCH/
exciting_EXT_TEST(1)-3-of-6,val,train,exciting_EXT_TEST(1),Lanae,Whine,lanae::whine,exciting,0,Dataset1/DS1_VAL_MATCH/
exciting_EXT_TEST(1)-5-of-6,test,train,exciting_EXT_TEST(1),Lanae,Whine,lanae::whine,exciting,0,Dataset1/DS1_TEST_MATCH/
exciting_Exciting_10,train,train,exciting_Exciting_10,Avril Lavigne,Here's To Never Growing Up,avril lavigne::here's to never growing up,exciting,1,Dataset1/DS1_TRAIN_MATCH/
exciting_Exciting_MV_3GPP(14)-4-of-5,train,train,exciting_Exciting_MV_3GPP(14),,,,exciting,0,Dataset1/DS1_TRAIN_MATCH/
exciting_Exciting_MV_3GPP(25)-7-of-8,train,train,exciting_Exciting_MV_3GPP(25),,,,exciting,0,Dataset1/DS1_TRAIN_MATCH/
exciting_Exciting_MV_3GPP(37)-5-of-7,train,train,exciting_Exciting_MV_3GPP(37),,,,exciting,0,Dataset1/DS1_TRAIN_MATCH/
exciting_Exciting_MV_3GPP(38)-4-of-9,train,train,exciting_Exciting_MV_3GPP(38),Rosana,Hoy,rosana::hoy,exciting,0,Dataset1/DS1_TRAIN_MATCH/
exciting_Exciting_MV_3GPP(4)-2-of-8,train,train,exciting_Exciting_MV_3GPP(4),,,,exciting,0,Dataset1/DS1_TRAIN_MATCH/
exciting_Exciting_MV_3GPP(41)-2-of-8,train,train,exciting_Exciting_MV_3GPP(41),Rick Astley,Never Gonna Give You Up - Escape to NY Mix,rick astley::never gonna give you up - escape to ny mix,exciting,1,Dataset1/DS1_TRAIN_MATCH/
exciting_Exciting_MV_3GPP(53)-2-of-9,train,train,exciting_Exciting_MV_3GPP(53),Ke$ha,TiK ToK,ke$ha::tik tok,exciting,1,Dataset1/DS1_TRAIN_MATCH/
exciting_Exciting_MV_3GPP(54)-9-of-10,val,train,exciting_Exciting_MV_3GPP(54),DJ Leo,Toubabou Dance,dj leo::toubabou dance,exciting,0,Dataset1/DS1_VAL_MATCH/
exciting_Exciting_MV_3GPP(6)-2-of-7,train,train,exciting_Exciting_MV_3GPP(6),Madeon,The City,madeon::the city,exciting,1,Dataset1/DS1_TRAIN_MATCH/
exciting_Exciting_MV_3GPP(64)-7-of-8,train,train,exciting_Exciting_MV_3GPP(64),Đang Cập Nhật,DJ,đang cập nhật::dj,exciting,0,Dataset1/DS1_TRAIN_MATCH/
exciting_Exciting_MV_NC(3)-3-of-10,val,train,exciting_Exciting_MV_NC(3),365DaBand,Saigon Here We Come,365daband::saigon here we come,exciting,0,Dataset1/DS1_VAL_MATCH/
exciting_Exciting_MV_NC02,train,train,exciting_Exciting_MV_NC02,"Mr Neyo ""El Embajador""",Ahora Me Voy,"mr neyo ""el embajador""::ahora me voy",exciting,0,Dataset1/DS1_TRAIN_MATCH/
exciting_Exciting_MV_NC07,train,train,exciting_Exciting_MV_NC07,Big Time Rush,Halfway There,big time rush::halfway there,exciting,1,Dataset1/DS1_TRAIN_MATCH/
exciting_Exciting_MV_NC10,train,train,exciting_Exciting_MV_NC10,Robert Miles,Children (Lose Control) [Extended Mix],robert miles::children (lose control) [extended mix],exciting,0,Dataset1/DS1_TRAIN_MATCH/
exciting_Exciting_MV_NC2(23)-4-of-5,train,train,exciting_Exciting_MV_NC2(23),Alexandra Stan,Mr. Saxobeat,alexandra stan::mr. saxobeat,exciting,1,Dataset1/DS1_TRAIN_MATCH/
exciting_Exciting_MV_NC2(3)-3-of-10,train,train,exciting_Exciting_MV_NC2(3),,,,exciting,0,Dataset1/DS1_TRAIN_MATCH/
exciting_Exciting_MV_NC2(4)-2-of-8,val,train,exciting_Exciting_MV_NC2(4),Rico,Kisütött a Nap,rico::kisütött a nap,exciting,0,Dataset1/DS1_VAL_MATCH/
exciting_Exciting_MV_NC2(41)-6-of-8,val,train,exciting_Exciting_MV_NC2(41),BRADIO,Flyers,bradio::flyers,exciting,1,Dataset1/DS1_VAL_MATCH/
exciting_Exciting_MV_NC2(42)-3-of-9,train,train,exciting_Exciting_MV_NC2(42),Anna Lee/Igor Dyachkov/U-Jeen,Sakura (Radio Edit),anna lee/igor dyachkov/u-jeen::sakura (radio edit),exciting,0,Dataset1/DS1_TRAIN_MATCH/
exciting_Exciting_MV_NC2(43)-5-of-8,train,train,exciting_Exciting_MV_NC2(43),Arcangel,Ella Me Dice,arcangel::ella me dice,exciting,1,Dataset1/DS1_TRAIN_MATCH/
exciting_Exciting_MV_NC2(49)-2-of-7,train,train,exciting_Exciting_MV_NC2(49),Psy,Gangnam Style / 2 Legit 2 Quit Mashup,psy::gangnam style / 2 legit 2 quit mashup,exciting,1,Dataset1/DS1_TRAIN_MATCH/
exciting_Exciting_MV_NC2(55)-9-of-10,train,train,exciting_Exciting_MV_NC2(55),Bindy Brar,Apna Garan Howe,bindy brar::apna garan howe,exciting,0,Dataset1/DS1_TRAIN_MATCH/
exciting_Exciting_MV_NC2(63)-5-of-8,train,train,exciting_Exciting_MV_NC2(63),D2k,Everything Go!,d2k::everything go!,exciting,0,Dataset1/DS1_TRAIN_MATCH/
exciting_Exciting_MV_NC2(66)-5-of-10,train,train,exciting_Exciting_MV_NC2(66),Lady Gaga,Bad Romance (Radio Edit),lady gaga::bad romance (radio edit),exciting,1,Dataset1/DS1_TRAIN_MATCH/
exciting_Exciting_MV_NC2(68)-4-of-6,val,train,exciting_Exciting_MV_NC2(68),"Country Kko Kko, Tim, Khổng Tú Quỳnh",Young and Wreckless,"country kko kko, tim, khổng tú quỳnh::young and wreckless",exciting,0,Dataset1/DS1_VAL_MATCH/
exciting_Exciting_MV_NC2(71)-5-of-6,train,train,exciting_Exciting_MV_NC2(71),Eclipse Musical,Corazon de Acero,eclipse musical::corazon de acero,exciting,0,Dataset1/DS1_TRAIN_MATCH/
exciting_Exciting_MV_NC2(82)-4-of-7,train,train,exciting_Exciting_MV_NC2(82),"Frontliner, Leonie Meijer, Jan Henk de Groot",I Can See The Light,"frontliner, leonie meijer, jan henk de groot::i can see the light",exciting,0,Dataset1/DS1_TRAIN_MATCH/
exciting_Exciting_MV_NC3(31)-4-of-7,train,train,exciting_Exciting_MV_NC3(31),Noel G.,Live Forever (feat. Tommie Nibbs) (Radio Edit),noel g.::live forever (feat. tommie nibbs) (radio edit),exciting,0,Dataset1/DS1_TRAIN_MATCH/
exciting_Ext_FINAL_DL(0),val,train,exciting_Ext_FINAL_DL(0),Janma Rai,Godawari Banaima,janma rai::godawari banaima,exciting,0,Dataset1/DS1_VAL_MATCH/
exciting_Ext_FINAL_DL(1),train,train,exciting_Ext_FINAL_DL(1),Kali Prasad Baskota,Jaalma,kali prasad baskota::jaalma,exciting,1,Dataset1/DS1_TRAIN_MATCH/
exciting_Ext_FINAL_DL(16),train,train,exciting_Ext_FINAL_DL(16),Maroon 5,Sugar,maroon 5::sugar,exciting,1,Dataset1/DS1_TRAIN_MATCH/
exciting_Ext_FINAL_DL(19),train,train,exciting_Ext_FINAL_DL(19),DJ Perreo,Astronomía,dj perreo::astronomía,exciting,0,Dataset1/DS1_TRAIN_MATCH/
exciting_Ext_FINAL_DL(2),train,train,exciting_Ext_FINAL_DL(2),Kali Prasad Baskota,Jaalma,kali prasad baskota::jaalma,exciting,1,Dataset1/DS1_TRAIN_MATCH/
exciting_Ext_FINAL_DL(21),val,train,exciting_Ext_FINAL_DL(21),DJ Perreo,Astronomía,dj perreo::astronomía,exciting,0,Dataset1/DS1_VAL_MATCH/
exciting_Ext_FINAL_DL(22),train,train,exciting_Ext_FINAL_DL(22),Debbie Gibson,Electric Youth - Deep House Mix,debbie gibson::electric youth - deep house mix,exciting,1,Dataset1/DS1_TRAIN_MATCH/
exciting_Ext_FINAL_DL(23),train,train,exciting_Ext_FINAL_DL(23),Debbie Gibson,Electric Youth - Deep House Mix,debbie gibson::electric youth - deep house mix,exciting,1,Dataset1/DS1_TRAIN_MATCH/
exciting_Ext_FINAL_DL(7),train,train,exciting_Ext_FINAL_DL(7),AronChupa,I'm the Santa Claoz,aronchupa::i'm the santa claoz,exciting,1,Dataset1/DS1_TRAIN_MATCH/
exciting_FINAL_DL-Ext(0),test,train,exciting_FINAL_DL-Ext(0),Janma Rai,Godawari Banaima,janma rai::godawari banaima,exciting,0,Dataset1/DS1_TEST_MATCH/
exciting_FINAL_DL-Ext(11),train,train,exciting_FINAL_DL-Ext(11),Debbie Gibson,Electric Youth - Deep House Mix,debbie gibson::electric youth - deep house mix,exciting,1,Dataset1/DS1_TRAIN_MATCH/
exciting_FINAL_DL-Ext(13),train,train,exciting_FINAL_DL-Ext(13),,,,exciting,0,Dataset1/DS1_TRAIN_MATCH/
exciting_HAPPY_HEA(114)-2-of-9,train,train,exciting_HAPPY_HEA(114),,,,exciting,0,Dataset1/DS1_TRAIN_MATCH/
exciting_HAPPY_HEA(14)-6-of-8,train,train,exciting_HAPPY_HEA(14),Rick Springfield,Jessie's Girl,rick springfield::jessie's girl,exciting,1,Dataset1/DS1_TRAIN_MATCH/
exciting_HAPPY_HEA(16)-6-of-7,train,train,exciting_HAPPY_HEA(16),BadBoyz,Let's go,badboyz::let's go,exciting,0,Dataset1/DS1_TRAIN_MATCH/
exciting_HAPPY_HEA(170)-2-of-5,train,train,exciting_HAPPY_HEA(170),Matt Hunter Correa,Mi Senorita,matt hunter correa::mi senorita,exciting,1,Dataset1/DS1_TRAIN_MATCH/
exciting_HAPPY_HEA(190)-2-of-9,train,train,exciting_HAPPY_HEA(190),,,,exciting,0,Dataset1/DS1_TRAIN_MATCH/
exciting_HAPPY_HEA(23)-3-of-8,train,train,exciting_HAPPY_HEA(23),BIGBANG,MAKE LOVE,bigbang::make love,exciting,1,Dataset1/DS1_TRAIN_MATCH/
exciting_HAPPY_HEA(3)-2-of-8,train,train,exciting_HAPPY_HEA(3),Apink,I Don't Know,apink::i don't know,exciting,1,Dataset1/DS1_TRAIN_MATCH/
exciting_HAPPY_HEA(61)-2-of-10,train,train,exciting_HAPPY_HEA(61),Pharrell Williams,"Happy (From ""Despicable Me 2"")","pharrell williams::happy (from ""despicable me 2"")",exciting,1,Dataset1/DS1_TRAIN_MATCH/
exciting_HAPPY_HEA(61)-9-of-10,train,train,exciting_HAPPY_HEA(61),Pharrell Williams,"Happy (From ""Despicable Me 2"")","pharrell williams::happy (from ""despicable me 2"")",exciting,1,Dataset1/DS1_TRAIN_MATCH/
exciting_HAPPY_HEA(83)-2-of-8,train,train,exciting_HAPPY_HEA(83),Snoop Dogg,Bring It Back,snoop dogg::bring it back,exciting,0,Dataset1/DS1_TRAIN_MATCH/
exciting_HAPPY_HEA(91)-9-of-11,train,train,exciting_HAPPY_HEA(91),,,,exciting,0,Dataset1/DS1_TRAIN_MATCH/
exciting_HAPPY_HEA(98)-6-of-8,train,train,exciting_HAPPY_HEA(98),Gosia Kotwica,Ze mną będziesz,gosia kotwica::ze mną będziesz,exciting,0,Dataset1/DS1_TRAIN_MATCH/
exciting_HPY_EXT_LLT(13),train,train,exciting_HPY_EXT_LLT(13),Avicii,Wake Me Up (Radio Edit),avicii::wake me up (radio edit),exciting,1,Dataset1/DS1_TRAIN_MATCH/
exciting_HPY_NTR_LLT(30),train,train,exciting_HPY_NTR_LLT(30),,,,exciting,0,Dataset1/DS1_TRAIN_MATCH/
exciting_Happy_01,train,train,exciting_Happy_01,DJ Daniel Kim,Pop Danthology 2014 (Remix),dj daniel kim::pop danthology 2014 (remix),exciting,0,Dataset1/DS1_TRAIN_MATCH/
exciting_MIX_TEST(0)-2-of-8,test,train,exciting_MIX_TEST(0),Alesha Dixon,Let's Get Excited,alesha dixon::let's get excited,exciting,1,Dataset1/DS1_TEST_MATCH/
exciting_MIX_TEST(0)-6-of-8,val,train,exciting_MIX_TEST(0),Alesha Dixon,Let's Get Excited,alesha dixon::let's get excited,exciting,1,Dataset1/DS1_VAL_MATCH/
exciting_MIX_TEST(1)-4-of-6,test,train,exciting_MIX_TEST(1),Indi Star,All My Friends,indi star::all my friends,exciting,0,Dataset1/DS1_TEST_MATCH/
exciting_MIX_TEST(1)-5-of-6,val,train,exciting_MIX_TEST(1),Indi Star,All My Friends,indi star::all my friends,exciting,0,Dataset1/DS1_VAL_MATCH/
exciting_MIX_TEST(5)-6-of-7,val,train,exciting_MIX_TEST(5),Lloyd,Excited,lloyd::excited,exciting,1,Dataset1/DS1_VAL_MATCH/
exciting_MIX_TEST(6)-3-of-8,test,train,exciting_MIX_TEST(6),Outloud,I'm so Excited,outloud::i'm so excited,exciting,1,Dataset1/DS1_TEST_MATCH/
exciting_MIX_TEST(6)-7-of-8,val,train,exciting_MIX_TEST(6),Outloud,I'm so Excited,outloud::i'm so excited,exciting,1,Dataset1/DS1_VAL_MATCH/
exciting_ORG_EXT(1),train,train,exciting_ORG_EXT(1),Mika,Love Today,mika::love today,exciting,1,Dataset1/DS1_TRAIN_MATCH/
exciting_ORG_EXT(10),train,train,exciting_ORG_EXT(10),Justin Bieber,Beauty And A Beat,justin bieber::beauty and a beat,exciting,1,Dataset1/DS1_TRAIN_MATCH/
exciting_ORG_EXT(104),train,train,exciting_ORG_EXT(104),TWICE,Signal,twice::signal,exciting,1,Dataset1/DS1_TRAIN_MATCH/
exciting_ORG_EXT(105),train,train,exciting_ORG_EXT(105),TWICE,Signal,twice::signal,exciting,1,Dataset1/DS1_TRAIN_MATCH/
exciting_ORG_EXT(116),train,train,exciting_ORG_EXT(116),TWICE,LIKEY,twice::likey,exciting,1,Dataset1/DS1_TRAIN_MATCH/
exciting_ORG_EXT(117),train,train,exciting_ORG_EXT(117),TWICE,LIKEY,twice::likey,exciting,1,Dataset1/DS1_TRAIN_MATCH/
exciting_ORG_EXT(119),train,train,exciting_ORG_EXT(119),TWICE,LIKEY,twice::likey,exciting,1,Dataset1/DS1_TRAIN_MATCH/
exciting_ORG_EXT(120),train,train,exciting_ORG_EXT(120),TWICE,LIKEY,twice::likey,exciting,1,Dataset1/DS1_TRAIN_MATCH/
exciting_ORG_EXT(136),train,train,exciting_ORG_EXT(136),G-Dragon,WHO YOU?,g-dragon::who you?,exciting,1,Dataset1/DS1_TRAIN_MATCH/
exciting_ORG_EXT(141),train,train,exciting_ORG_EXT(141),4Minute,Crazy,4minute::crazy,exciting,1,Dataset1/DS1_TRAIN_MATCH/
exciting_ORG_EXT(146),train,train,exciting_ORG_EXT(146),TaeYang,"눈, 코, 입","taeyang::눈, 코, 입",exciting,1,Dataset1/DS1_TRAIN_MATCH/
exciting_ORG_EXT(148),train,train,exciting_ORG_EXT(148),PSY,I LUV IT,psy::i luv it,exciting,1,Dataset1/DS1_TRAIN_MATCH/
exciting_ORG_EXT(151),val,train,exciting_ORG_EXT(151),EXO-K,Overdose,exo-k::overdose,exciting,1,Dataset1/DS1_VAL_MATCH/
exciting_ORG_EXT(152),train,train,exciting_ORG_EXT(152),BTS,Jungkook Jealous Boyfriend,bts::jungkook jealous boyfriend,exciting,0,Dataset1/DS1_TRAIN_MATCH/
exciting_ORG_EXT(156),train,train,exciting_ORG_EXT(156),BIGBANG ,BANG BANG BANG,bigbang::bang bang bang,exciting,1,Dataset1/DS1_TRAIN_MATCH/
exciting_ORG_EXT(158),train,train,exciting_ORG_EXT(158),PSY,DADDY,psy::daddy,exciting,1,Dataset1/DS1_TRAIN_MATCH/
exciting_ORG_EXT(162),train,train,exciting_ORG_EXT(162),Psy,Gangnam Style / 2 Legit 2 Quit Mashup,psy::gangnam style / 2 legit 2 quit mashup,exciting,1,Dataset1/DS1_TRAIN_MATCH/
exciting_ORG_EXT(163),train,train,exciting_ORG_EXT(163),Psy,Gangnam Style / 2 Legit 2 Quit Mashup,psy::gangnam style / 2 legit 2 quit mashup,exciting,1,Dataset1/DS1_TRAIN_MATCH/
exciting_ORG_EXT(166),train,train,exciting_ORG_EXT(166),Aqua,Barbie Girl,aqua::barbie girl,exciting,1,Dataset1/DS1_TRAIN_MATCH/
exciting_ORG_EXT(170),train,train,exciting_ORG_EXT(170),Pharrell Williams,"Happy (From ""Despicable Me 2"")","pharrell williams::happy (from ""despicable me 2"")",exciting,1,Dataset1/DS1_TRAIN_MATCH/
exciting_ORG_EXT(171),train,train,exciting_ORG_EXT(171),Pharrell Williams,"Happy (From ""Despicable Me 2"")","pharrell williams::happy (from ""despicable me 2"")",exciting,1,Dataset1/DS1_TRAIN_MATCH/
exciting_ORG_EXT(174),train,train,exciting_ORG_EXT(174),Macklemore & Ryan Lewis,Can't Hold Us (feat. Ray Dalton),macklemore & ryan lewis::can't hold us (feat. ray dalton),exciting,1,Dataset1/DS1_TRAIN_MATCH/
exciting_ORG_EXT(176),train,train,exciting_ORG_EXT(176),Macklemore & Ryan Lewis,Can't Hold Us (feat. Ray Dalton),macklemore & ryan lewis::can't hold us (feat. ray dalton),exciting,1,Dataset1/DS1_TRAIN_MATCH/
exciting_ORG_EXT(178),train,train,exciting_ORG_EXT(178),Justin Timberlake,Can't Stop The Feeling!,justin timberlake::can't stop the feeling!,exciting,1,Dataset1/DS1_TRAIN_MATCH/
exciting_ORG_EXT(179),val,train,exciting_ORG_EXT(179),Justin Timberlake,Can't Stop The Feeling!,justin timberlake::can't stop the feeling!,exciting,1,Dataset1/DS1_VAL_MATCH/
exciting_ORG_EXT(18),train,train,exciting_ORG_EXT(18),Michael Franti & Spearhead,Say Hey (I Love You),michael franti & spearhead::say hey (i love you),exciting,1,Dataset1/DS1_TRAIN_MATCH/
exciting_ORG_EXT(182),train,train,exciting_ORG_EXT(182),Justin Timberlake,Can't Stop The Feeling!,justin timberlake::can't stop the feeling!,exciting,1,Dataset1/DS1_TRAIN_MATCH/
exciting_ORG_EXT(186),train,train,exciting_ORG_EXT(186),Justin Timberlake,Can't Stop The Feeling!,justin timberlake::can't stop the feeling!,exciting,1,Dataset1/DS1_TRAIN_MATCH/
exciting_ORG_EXT(191),train,train,exciting_ORG_EXT(191),Taylor Swift,You Belong With Me,taylor swift::you belong with me,exciting,1,Dataset1/DS1_TRAIN_MATCH/
exciting_ORG_EXT(195),train,train,exciting_ORG_EXT(195),Charly Black,Party Animal,charly black::party animal,exciting,1,Dataset1/DS1_TRAIN_MATCH/
exciting_ORG_EXT(203),train,train,exciting_ORG_EXT(203),Luke Conard,Good Time (feat. Missglamorazzi),luke conard::good time (feat. missglamorazzi),exciting,0,Dataset1/DS1_TRAIN_MATCH/
exciting_ORG_EXT(204),train,train,exciting_ORG_EXT(204),,,,exciting,0,Dataset1/DS1_TRAIN_MATCH/
exciting_ORG_EXT(205),train,train,exciting_ORG_EXT(205),,,,exciting,0,Dataset1/DS1_TRAIN_MATCH/
exciting_ORG_EXT(21),train,train,exciting_ORG_EXT(21),Michael Franti & Spearhead,Say Hey (I Love You),michael franti & spearhead::say hey (i love you),exciting,1,Dataset1/DS1_TRAIN_MATCH/
exciting_ORG_EXT(212),train,train,exciting_ORG_EXT(212),Bad Bunny,MIA (feat. Drake),bad bunny::mia (feat. drake),exciting,1,Dataset1/DS1_TRAIN_MATCH/
exciting_ORG_EXT(214),train,train,exciting_ORG_EXT(214),Bad Bunny,MIA (feat. Drake),bad bunny::mia (feat. drake),exciting,1,Dataset1/DS1_TRAIN_MATCH/
exciting_ORG_EXT(215),train,train,exciting_ORG_EXT(215),Andra,Sudamericana (feat. Pachanga),andra::sudamericana (feat. pachanga),exciting,0,Dataset1/DS1_TRAIN_MATCH/
exciting_ORG_EXT(216),train,train,exciting_ORG_EXT(216),Andra,Sudamericana (feat. Pachanga),andra::sudamericana (feat. pachanga),exciting,1,Dataset1/DS1_TRAIN_MATCH/
exciting_ORG_EXT(217),train,train,exciting_ORG_EXT(217),Andra,Sudamericana (feat. Pachanga),andra::sudamericana (feat. pachanga),exciting,0,Dataset1/DS1_TRAIN_MATCH/
exciting_ORG_EXT(219),train,train,exciting_ORG_EXT(219),Luke Conard,Good Time (feat. Missglamorazzi),luke conard::good time (feat. missglamorazzi),exciting,0,Dataset1/DS1_TRAIN_MATCH/
exciting_ORG_EXT(222),train,train,exciting_ORG_EXT(222),Ahad Aman,Wildflower,ahad aman::wildflower,exciting,0,Dataset1/DS1_TRAIN_MATCH/
exciting_ORG_EXT(223),train,train,exciting_ORG_EXT(223),Owl City,Good Time,owl city::good time,exciting,1,Dataset1/DS1_TRAIN_MATCH/
exciting_ORG_EXT(224),train,train,exciting_ORG_EXT(224),Owl City,Good Time,owl city::good time,exciting,1,Dataset1/DS1_TRAIN_MATCH/
exciting_ORG_EXT(226),val,train,exciting_ORG_EXT(226),Owl City,Good Time,owl city::good time,exciting,1,Dataset1/DS1_VAL_MATCH/
exciting_ORG_EXT(229),train,train,exciting_ORG_EXT(229),Macklemore,Marmalade (feat. Lil Yachty),macklemore::marmalade (feat. lil yachty),exciting,1,Dataset1/DS1_TRAIN_MATCH/
exciting_ORG_EXT(231),train,train,exciting_ORG_EXT(231),Macklemore,Marmalade (feat. Lil Yachty),macklemore::marmalade (feat. lil yachty),exciting,1,Dataset1/DS1_TRAIN_MATCH/
exciting_ORG_EXT(233),train,train,exciting_ORG_EXT(233),,,,exciting,0,Dataset1/DS1_TRAIN_MATCH/
exciting_ORG_EXT(236),train,train,exciting_ORG_EXT(236),Mariah Carey,Emotions (Album Version),mariah carey::emotions (album version),exciting,1,Dataset1/DS1_TRAIN_MATCH/
exciting_ORG_EXT(238),train,train,exciting_ORG_EXT(238),Mariah Carey,Emotions (Album Version),mariah carey::emotions (album version),exciting,1,Dataset1/DS1_TRAIN_MATCH/
exciting_ORG_EXT(239),train,train,exciting_ORG_EXT(239),Mariah Carey,Emotions (Album Version),mariah carey::emotions (album version),exciting,1,Dataset1/DS1_TRAIN_MATCH/
exciting_ORG_EXT(240),train,train,exciting_ORG_EXT(240),Mariah Carey,Emotions (Album Version),mariah carey::emotions (album version),exciting,1,Dataset1/DS1_TRAIN_MATCH/
exciting_ORG_EXT(241),train,train,exciting_ORG_EXT(241),Mariah Carey,Emotions (Album Version),mariah carey::emotions (album version),exciting,1,Dataset1/DS1_TRAIN_MATCH/
exciting_ORG_EXT(243),train,train,exciting_ORG_EXT(243),Ariana Grande,"thank u, next","ariana grande::thank u, next",exciting,1,Dataset1/DS1_TRAIN_MATCH/
exciting_ORG_EXT(248),test,train,exciting_ORG_EXT(248),MOMOLAND,BBoom BBoom,momoland::bboom bboom,exciting,1,Dataset1/DS1_TEST_MATCH/
exciting_ORG_EXT(25),train,train,exciting_ORG_EXT(25),Mika,Love Today,mika::love today,exciting,1,Dataset1/DS1_TRAIN_MATCH/
exciting_ORG_EXT(251),val,train,exciting_ORG_EXT(251),Las Ketchup,The Ketchup Song (Aserejé) (Spanglish Version),las ketchup::the ketchup song (aserejé) (spanglish version),exciting,1,Dataset1/DS1_VAL_MATCH/
exciting_ORG_EXT(252),train,train,exciting_ORG_EXT(252),Las Ketchup,The Ketchup Song (Aserejé) (Spanglish Version),las ketchup::the ketchup song (aserejé) (spanglish version),exciting,1,Dataset1/DS1_TRAIN_MATCH/
exciting_ORG_EXT(253),train,train,exciting_ORG_EXT(253),Macklemore & Ryan Lewis,Can't Hold Us (feat. Ray Dalton),macklemore & ryan lewis::can't hold us (feat. ray dalton),exciting,1,Dataset1/DS1_TRAIN_MATCH/
exciting_ORG_EXT(258),test,train,exciting_ORG_EXT(258),Luis Fonsi,Despacito,luis fonsi::despacito,exciting,1,Dataset1/DS1_TEST_MATCH/
exciting_ORG_EXT(267),train,train,exciting_ORG_EXT(267),SMTOWN,10. Gee,smtown::10. gee,exciting,0,Dataset1/DS1_TRAIN_MATCH/
exciting_ORG_EXT(268),train,train,exciting_ORG_EXT(268),Psy,Gentleman,psy::gentleman,exciting,1,Dataset1/DS1_TRAIN_MATCH/
exciting_ORG_EXT(269),train,train,exciting_ORG_EXT(269),Psy,Gentleman,psy::gentleman,exciting,1,Dataset1/DS1_TRAIN_MATCH/
exciting_ORG_EXT(270),train,train,exciting_ORG_EXT(270),BTS,Save Me,bts::save me,exciting,0,Dataset1/DS1_TRAIN_MATCH/
exciting_ORG_EXT(271),train,train,exciting_ORG_EXT(271),BTS,War Of Hormone,bts::war of hormone,exciting,1,Dataset1/DS1_TRAIN_MATCH/
exciting_ORG_EXT(272),train,train,exciting_ORG_EXT(272),V.A,12b7,v.a::12b7,exciting,0,Dataset1/DS1_TRAIN_MATCH/
exciting_ORG_EXT(275),train,train,exciting_ORG_EXT(275),Aqua,Barbie Girl,aqua::barbie girl,exciting,1,Dataset1/DS1_TRAIN_MATCH/
exciting_ORG_EXT(276),train,train,exciting_ORG_EXT(276),MOMOLAND,BBoom BBoom,momoland::bboom bboom,exciting,1,Dataset1/DS1_TRAIN_MATCH/
exciting_ORG_EXT(279),train,train,exciting_ORG_EXT(279),Taylor Swift,You Belong With Me,taylor swift::you belong with me,exciting,1,Dataset1/DS1_TRAIN_MATCH/
exciting_ORG_EXT(281),train,train,exciting_ORG_EXT(281),,,,exciting,0,Dataset1/DS1_TRAIN_MATCH/
exciting_ORG_EXT(285),train,train,exciting_ORG_EXT(285),MOMOLAND,BBoom BBoom,momoland::bboom bboom,exciting,1,Dataset1/DS1_TRAIN_MATCH/
exciting_ORG_EXT(287),train,train,exciting_ORG_EXT(287),Psy,Gangnam Style / 2 Legit 2 Quit Mashup,psy::gangnam style / 2 legit 2 quit mashup,exciting,1,Dataset1/DS1_TRAIN_MATCH/
exciting_ORG_EXT(288),train,train,exciting_ORG_EXT(288),Katy Perry,Birthday,katy perry::birthday,exciting,1,Dataset1/DS1_TRAIN_MATCH/
exciting_ORG_EXT(289),train,train,exciting_ORG_EXT(289),John Travolta,"You're The One That I Want (From ""Grease"")","john travolta::you're the one that i want (from ""grease"")",exciting,1,Dataset1/DS1_TRAIN_MATCH/
exciting_ORG_EXT(303),train,train,exciting_ORG_EXT(303),MOMOLAND,BBoom BBoom,momoland::bboom bboom,exciting,1,Dataset1/DS1_TRAIN_MATCH/
exciting_ORG_EXT(325),train,train,exciting_ORG_EXT(325),ARIJIT SINGH,NASHE SI CHADH GAYI - REMIX,arijit singh::nashe si chadh gayi - remix,exciting,1,Dataset1/DS1_TRAIN_MATCH/
exciting_ORG_EXT(330),train,train,exciting_ORG_EXT(330),K'NAAN,Wavin' Flag,k'naan::wavin' flag,exciting,1,Dataset1/DS1_TRAIN_MATCH/
exciting_ORG_EXT(332),train,train,exciting_ORG_EXT(332),Major Lazer,Lean On,major lazer::lean on,exciting,1,Dataset1/DS1_TRAIN_MATCH/
exciting_ORG_EXT(333),train,train,exciting_ORG_EXT(333),Priyanka Chopra,Exotic,priyanka chopra::exotic,exciting,1,Dataset1/DS1_TRAIN_MATCH/
exciting_ORG_EXT(334),train,train,exciting_ORG_EXT(334),Nayer,Suave (Kiss Me) [feat. Mohombi & Pitbull],nayer::suave (kiss me) [feat. mohombi & pitbull],exciting,1,Dataset1/DS1_TRAIN_MATCH/
exciting_ORG_EXT(337),val,train,exciting_ORG_EXT(337),Shakira,Hips Don't Lie (Spotify Anniversary Version),shakira::hips don't lie (spotify anniversary version),exciting,1,Dataset1/DS1_VAL_MATCH/
exciting_ORG_EXT(34),train,train,exciting_ORG_EXT(34),Alphabeat,Fascination,alphabeat::fascination,exciting,1,Dataset1/DS1_TRAIN_MATCH/
exciting_ORG_EXT(341),val,train,exciting_ORG_EXT(341),Ariana Grande,Side To Side,ariana grande::side to side,exciting,1,Dataset1/DS1_VAL_MATCH/
exciting_ORG_EXT(342),train,train,exciting_ORG_EXT(342),Fifth Harmony,Me & My Girls (Radio Disney Version),fifth harmony::me & my girls (radio disney version),exciting,1,Dataset1/DS1_TRAIN_MATCH/
exciting_ORG_EXT(345),train,train,exciting_ORG_EXT(345),Kiesza,Hideaway,kiesza::hideaway,exciting,1,Dataset1/DS1_TRAIN_MATCH/
exciting_ORG_EXT(346),val,train,exciting_ORG_EXT(346),Kiesza,Hideaway,kiesza::hideaway,exciting,1,Dataset1/DS1_VAL_MATCH/
exciting_ORG_EXT(35),train,train,exciting_ORG_EXT(35),Alphabeat,Fascination,alphabeat::fascination,exciting,1,Dataset1/DS1_TRAIN_MATCH/
exciting_ORG_EXT(354),train,train,exciting_ORG_EXT(354),Nayer,Suave (Kiss Me) [feat. Mohombi & Pitbull],nayer::suave (kiss me) [feat. mohombi & pitbull],exciting,1,Dataset1/DS1_TRAIN_MATCH/
exciting_ORG_EXT(36),train,train,exciting_ORG_EXT(36),Michael Franti & Spearhead,Say Hey (I Love You),michael franti & spearhead::say hey (i love you),exciting,1,Dataset1/DS1_TRAIN_MATCH/
exciting_ORG_EXT(38),train,train,exciting_ORG_EXT(38),Mika,Love Today,mika::love today,exciting,1,Dataset1/DS1_TRAIN_MATCH/
exciting_ORG_EXT(46),train,train,exciting_ORG_EXT(46),John Travolta,You're The One That I Want,john travolta::you're the one that i want,exciting,1,Dataset1/DS1_TRAIN_MATCH/
exciting_ORG_EXT(48),train,train,exciting_ORG_EXT(48),The B-52's,Love Shack,the b-52's::love shack,exciting,1,Dataset1/DS1_TRAIN_MATCH/
exciting_ORG_EXT(52),test,train,exciting_ORG_EXT(52),The Black Eyed Peas,My Humps,the black eyed peas::my humps,exciting,1,Dataset1/DS1_TEST_MATCH/
exciting_ORG_EXT(59),train,train,exciting_ORG_EXT(59),Besra,March of the Bored,besra::march of the bored,exciting,0,Dataset1/DS1_TRAIN_MATCH/
exciting_ORG_EXT(66),train,train,exciting_ORG_EXT(66),Pharrell Williams,"Happy (From ""Despicable Me 2"")","pharrell williams::happy (from ""despicable me 2"")",exciting,1,Dataset1/DS1_TRAIN_MATCH/
exciting_ORG_EXT(69),train,train,exciting_ORG_EXT(69),Deepak Bajracharya,Satisfied,deepak bajracharya::satisfied,exciting,1,Dataset1/DS1_TRAIN_MATCH/
exciting_ORG_EXT(70),train,train,exciting_ORG_EXT(70),Deepak Bajracharya,Satisfied,deepak bajracharya::satisfied,exciting,1,Dataset1/DS1_TRAIN_MATCH/
exciting_ORG_EXT(73),train,train,exciting_ORG_EXT(73),Far East Movement,Like A G6,far east movement::like a g6,exciting,1,Dataset1/DS1_TRAIN_MATCH/
exciting_ORG_EXT(74),train,train,exciting_ORG_EXT(74),Far East Movement,Like A G6,far east movement::like a g6,exciting,1,Dataset1/DS1_TRAIN_MATCH/
exciting_ORG_EXT(77),train,train,exciting_ORG_EXT(77),Charts Hits Megastars,Party Rock Anthem,charts hits megastars::party rock anthem,exciting,0,Dataset1/DS1_TRAIN_MATCH/
exciting_ORG_EXT(79),train,train,exciting_ORG_EXT(79),Ahad Aman,Wildflower,ahad aman::wildflower,exciting,0,Dataset1/DS1_TRAIN_MATCH/
exciting_ORG_EXT(80),train,train,exciting_ORG_EXT(80),Ahad Aman,Wildflower,ahad aman::wildflower,exciting,0,Dataset1/DS1_TRAIN_MATCH/
exciting_ORG_EXT(82),train,train,exciting_ORG_EXT(82),for KING & COUNTRY,joy.,for king & country::joy.,exciting,1,Dataset1/DS1_TRAIN_MATCH/
exciting_ORG_EXT(83),train,train,exciting_ORG_EXT(83),for KING & COUNTRY,joy.,for king & country::joy.,exciting,1,Dataset1/DS1_TRAIN_MATCH/
exciting_ORG_EXT(88),train,train,exciting_ORG_EXT(88),London Boys,I'm Gonna Give My Heart,london boys::i'm gonna give my heart,exciting,1,Dataset1/DS1_TRAIN_MATCH/
exciting_ORG_EXT(89),train,train,exciting_ORG_EXT(89),London Boys,I'm Gonna Give My Heart,london boys::i'm gonna give my heart,exciting,1,Dataset1/DS1_TRAIN_MATCH/
exciting_ORG_EXT(97),train,train,exciting_ORG_EXT(97),A.R. Rahman,"Tum Tak (From ""Raanjhanaa"")","a.r. rahman::tum tak (from ""raanjhanaa"")",exciting,1,Dataset1/DS1_TRAIN_MATCH/
exciting_ORG_NEUTRAL(63),train,train,exciting_ORG_NEUTRAL(63),blink-182,First Date,blink-182::first date,exciting,1,Dataset1/DS1_TRAIN_MATCH/
exciting_ORG_NEUTRAL(78),train,train,exciting_ORG_NEUTRAL(78),blink-182,First Date,blink-182::first date,exciting,1,Dataset1/DS1_TRAIN_MATCH/
exciting_RELX_MEA(15)-5-of-8,train,train,exciting_RELX_MEA(15),,,,exciting,0,Dataset1/DS1_TRAIN_MATCH/
exciting_RELX_MEA(2)-3-of-7,train,train,exciting_RELX_MEA(2),D-Why,"2,000 Miles","d-why::2,000 miles",exciting,0,Dataset1/DS1_TRAIN_MATCH/
exciting_REVIEW_EXT(10),train,train,exciting_REVIEW_EXT(10),Lady Gaga,Bad Romance (Radio Edit),lady gaga::bad romance (radio edit),exciting,1,Dataset1/DS1_TRAIN_MATCH/
exciting_REVIEW_EXT(102),train,train,exciting_REVIEW_EXT(102),Avicii,Wake Me Up (Radio Edit),avicii::wake me up (radio edit),exciting,1,Dataset1/DS1_TRAIN_MATCH/
exciting_REVIEW_EXT(104),train,train,exciting_REVIEW_EXT(104),,,,exciting,0,Dataset1/DS1_TRAIN_MATCH/
exciting_REVIEW_EXT(105),train,train,exciting_REVIEW_EXT(105),,,,exciting,0,Dataset1/DS1_TRAIN_MATCH/
exciting_REVIEW_EXT(106),train,train,exciting_REVIEW_EXT(106),Pharrell Williams,"Happy (From ""Despicable Me 2"")","pharrell williams::happy (from ""despicable me 2"")",exciting,1,Dataset1/DS1_TRAIN_MATCH/
exciting_REVIEW_EXT(107),train,train,exciting_REVIEW_EXT(107),Dayna Nyange,Nivute Kwako,dayna nyange::nivute kwako,exciting,0,Dataset1/DS1_TRAIN_MATCH/
exciting_REVIEW_EXT(108),train,train,exciting_REVIEW_EXT(108),,,,exciting,0,Dataset1/DS1_TRAIN_MATCH/
exciting_REVIEW_EXT(109),train,train,exciting_REVIEW_EXT(109),Geo Da Silva,I'll Do You Like a Truck,geo da silva::i'll do you like a truck,exciting,0,Dataset1/DS1_TRAIN_MATCH/
exciting_REVIEW_EXT(11),train,train,exciting_REVIEW_EXT(11),,,,exciting,0,Dataset1/DS1_TRAIN_MATCH/
exciting_REVIEW_EXT(110),train,train,exciting_REVIEW_EXT(110),Rihanna,Where Have You Been,rihanna::where have you been,exciting,1,Dataset1/DS1_TRAIN_MATCH/
exciting_REVIEW_EXT(111),train,train,exciting_REVIEW_EXT(111),DJ Daniel Kim,Pop Danthology 2014 (Remix),dj daniel kim::pop danthology 2014 (remix),exciting,0,Dataset1/DS1_TRAIN_MATCH/
exciting_REVIEW_EXT(17),train,train,exciting_REVIEW_EXT(17),Ke$ha,TiK ToK,ke$ha::tik tok,exciting,1,Dataset1/DS1_TRAIN_MATCH/
exciting_REVIEW_EXT(21),train,train,exciting_REVIEW_EXT(21),US5,The Boys Are Back,us5::the boys are back,exciting,1,Dataset1/DS1_TRAIN_MATCH/
exciting_REVIEW_EXT(30),train,train,exciting_REVIEW_EXT(30),365DaBand,Saigon Here We Come,365daband::saigon here we come,exciting,0,Dataset1/DS1_TRAIN_MATCH/
exciting_REVIEW_EXT(33),train,train,exciting_REVIEW_EXT(33),"Mr Neyo ""El Embajador""",Ahora Me Voy,"mr neyo ""el embajador""::ahora me voy",exciting,0,Dataset1/DS1_TRAIN_MATCH/
exciting_REVIEW_EXT(38),train,train,exciting_REVIEW_EXT(38),Rhavyyje jayangie,Madtrack,rhavyyje jayangie::madtrack,exciting,0,Dataset1/DS1_TRAIN_MATCH/
exciting_REVIEW_EXT(4),train,train,exciting_REVIEW_EXT(4),Iggy Azalea,Bounce,iggy azalea::bounce,exciting,1,Dataset1/DS1_TRAIN_MATCH/
exciting_REVIEW_EXT(40),train,train,exciting_REVIEW_EXT(40),,,,exciting,0,Dataset1/DS1_TRAIN_MATCH/
exciting_REVIEW_EXT(43),train,train,exciting_REVIEW_EXT(43),Syster Sol,Throw It On The Floor,syster sol::throw it on the floor,exciting,0,Dataset1/DS1_TRAIN_MATCH/
exciting_REVIEW_EXT(6),train,train,exciting_REVIEW_EXT(6),Pitbull,Feel This Moment (Radio Edit),pitbull::feel this moment (radio edit),exciting,1,Dataset1/DS1_TRAIN_MATCH/
exciting_REVIEW_EXT(60),train,train,exciting_REVIEW_EXT(60),Lloyd,Bang!!!!,lloyd::bang!!!!,exciting,1,Dataset1/DS1_TRAIN_MATCH/
exciting_REVIEW_EXT(62),train,train,exciting_REVIEW_EXT(62),,,,exciting,0,Dataset1/DS1_TRAIN_MATCH/
exciting_REVIEW_EXT(65),train,train,exciting_REVIEW_EXT(65),,,,exciting,0,Dataset1/DS1_TRAIN_MATCH/
exciting_REVIEW_EXT(68),train,train,exciting_REVIEW_EXT(68),,,,exciting,0,Dataset1/DS1_TRAIN_MATCH/
exciting_REVIEW_EXT(69),train,train,exciting_REVIEW_EXT(69),Eusebio,Alegría,eusebio::alegría,exciting,0,Dataset1/DS1_TRAIN_MATCH/
exciting_REVIEW_EXT(7),train,train,exciting_REVIEW_EXT(7),Lindsay Lohan,Rumors,lindsay lohan::rumors,exciting,1,Dataset1/DS1_TRAIN_MATCH/
exciting_REVIEW_EXT(73),train,train,exciting_REVIEW_EXT(73),House Rockerz,Herzrasen (Original Radio Edit),house rockerz::herzrasen (original radio edit),exciting,1,Dataset1/DS1_TRAIN_MATCH/
exciting_REVIEW_EXT(74),train,train,exciting_REVIEW_EXT(74),Irem Derici,Sevgi Olsun Taştan Olsun,irem derici::sevgi olsun taştan olsun,exciting,1,Dataset1/DS1_TRAIN_MATCH/
exciting_REVIEW_EXT(81),train,train,exciting_REVIEW_EXT(81),Lady Gaga,Applause,lady gaga::applause,exciting,1,Dataset1/DS1_TRAIN_MATCH/
exciting_REVIEW_EXT(83),train,train,exciting_REVIEW_EXT(83),Enej,Tak Smakuje Życie,enej::tak smakuje życie,exciting,1,Dataset1/DS1_TRAIN_MATCH/
exciting_REVIEW_EXT(87),train,train,exciting_REVIEW_EXT(87),,,,exciting,0,Dataset1/DS1_TRAIN_MATCH/
exciting_REVIEW_EXT(89),train,train,exciting_REVIEW_EXT(89),Negro Jose,Ya No Te Creo,negro jose::ya no te creo,exciting,0,Dataset1/DS1_TRAIN_MATCH/
exciting_REVIEW_EXT(93),train,train,exciting_REVIEW_EXT(93),Preslava,Razkriy me,preslava::razkriy me,exciting,0,Dataset1/DS1_TRAIN_MATCH/
exciting_REVIEW_EXT(97),train,train,exciting_REVIEW_EXT(97),Harmonik,Let's Go,harmonik::let's go,exciting,0,Dataset1/DS1_TRAIN_MATCH/
exciting_REVIEW_EXT_Q2(1),train,train,exciting_REVIEW_EXT_Q2(1),Rihanna,Where Have You Been,rihanna::where have you been,exciting,1,Dataset1/DS1_TRAIN_MATCH/
exciting_REVIEW_EXT_Q2(101),train,train,exciting_REVIEW_EXT_Q2(101),Matt Hunter Correa,Mi Senorita,matt hunter correa::mi senorita,exciting,1,Dataset1/DS1_TRAIN_MATCH/
exciting_REVIEW_EXT_Q2(102),train,train,exciting_REVIEW_EXT_Q2(102),Klaus Layer,Rapresent feat. Simple One,klaus layer::rapresent feat. simple one,exciting,0,Dataset1/DS1_TRAIN_MATCH/
exciting_REVIEW_EXT_Q2(13),train,train,exciting_REVIEW_EXT_Q2(13),,,,exciting,0,Dataset1/DS1_TRAIN_MATCH/
exciting_REVIEW_EXT_Q2(15),train,train,exciting_REVIEW_EXT_Q2(15),Ke$ha,TiK ToK,ke$ha::tik tok,exciting,1,Dataset1/DS1_TRAIN_MATCH/
exciting_REVIEW_EXT_Q2(17),train,train,exciting_REVIEW_EXT_Q2(17),Santanu Sahu,Traffic Babu,santanu sahu::traffic babu,exciting,0,Dataset1/DS1_TRAIN_MATCH/
exciting_REVIEW_EXT_Q2(19),train,train,exciting_REVIEW_EXT_Q2(19),US5,The Boys Are Back,us5::the boys are back,exciting,1,Dataset1/DS1_TRAIN_MATCH/
exciting_REVIEW_EXT_Q2(21),val,train,exciting_REVIEW_EXT_Q2(21),Đang Cập Nhật,DJ,đang cập nhật::dj,exciting,0,Dataset1/DS1_VAL_MATCH/
exciting_REVIEW_EXT_Q2(23),train,train,exciting_REVIEW_EXT_Q2(23),shu-t,Change me (feat. MEIKO),shu-t::change me (feat. meiko),exciting,0,Dataset1/DS1_TRAIN_MATCH/
exciting_REVIEW_EXT_Q2(26),train,train,exciting_REVIEW_EXT_Q2(26),"Mr Neyo ""El Embajador""",Ahora Me Voy,"mr neyo ""el embajador""::ahora me voy",exciting,0,Dataset1/DS1_TRAIN_MATCH/
exciting_REVIEW_EXT_Q2(28),train,train,exciting_REVIEW_EXT_Q2(28),Rico,Kisütött a Nap,rico::kisütött a nap,exciting,0,Dataset1/DS1_TRAIN_MATCH/
exciting_REVIEW_EXT_Q2(29),train,train,exciting_REVIEW_EXT_Q2(29),Snap!,The Power,snap!::the power,exciting,1,Dataset1/DS1_TRAIN_MATCH/
exciting_REVIEW_EXT_Q2(36),train,train,exciting_REVIEW_EXT_Q2(36),,,,exciting,0,Dataset1/DS1_TRAIN_MATCH/
exciting_REVIEW_EXT_Q2(37),train,train,exciting_REVIEW_EXT_Q2(37),LUDMILLA,Hoje,ludmilla::hoje,exciting,1,Dataset1/DS1_TRAIN_MATCH/
exciting_REVIEW_EXT_Q2(39),train,train,exciting_REVIEW_EXT_Q2(39),Vital Knights,We Just Entered (Vol.2),vital knights::we just entered (vol.2),exciting,0,Dataset1/DS1_TRAIN_MATCH/
exciting_REVIEW_EXT_Q2(40),train,train,exciting_REVIEW_EXT_Q2(40),Alexandra Stan,Mr. Saxobeat,alexandra stan::mr. saxobeat,exciting,1,Dataset1/DS1_TRAIN_MATCH/
exciting_REVIEW_EXT_Q2(49),train,train,exciting_REVIEW_EXT_Q2(49),BRADIO,Flyers,bradio::flyers,exciting,1,Dataset1/DS1_TRAIN_MATCH/
exciting_REVIEW_EXT_Q2(67),train,train,exciting_REVIEW_EXT_Q2(67),Rosana,Hoy,rosana::hoy,exciting,0,Dataset1/DS1_TRAIN_MATCH/
exciting_REVIEW_EXT_Q2(7),train,train,exciting_REVIEW_EXT_Q2(7),Remady,Single Ladies (feat. J-Son),remady::single ladies (feat. j-son),exciting,0,Dataset1/DS1_TRAIN_MATCH/
exciting_REVIEW_EXT_Q2(84),train,train,exciting_REVIEW_EXT_Q2(84),Acid Drink,Unique (Original Mix),acid drink::unique (original mix),exciting,0,Dataset1/DS1_TRAIN_MATCH/
exciting_REVIEW_EXT_Q2(93),train,train,exciting_REVIEW_EXT_Q2(93),Henrique & Juliano,Não Gosto Eu Amo,henrique & juliano::não gosto eu amo,exciting,1,Dataset1/DS1_TRAIN_MATCH/
exciting_REVIEW_EXT_Q2(97),train,train,exciting_REVIEW_EXT_Q2(97),Dj Andi,Happiness,dj andi::happiness,exciting,0,Dataset1/DS1_TRAIN_MATCH/
exciting_TEST(0)-4-of-7,train,train,exciting_TEST(0),KARA,Honey,kara::honey,exciting,1,Dataset1/DS1_TRAIN_MATCH/
exciting_TEST_EXT(1)-30-of-31,val,train,exciting_TEST_EXT(1),,,,exciting,0,Dataset1/DS1_VAL_MATCH/
exciting_TEST_EXT(10)-16-of-98,train,train,exciting_TEST_EXT(10),Mika Singh,"Milegi Milegi (From ""Stree"")","mika singh::milegi milegi (from ""stree"")",exciting,0,Dataset1/DS1_TRAIN_MATCH/
exciting_TEST_EXT(10)-2-of-98,train,train,exciting_TEST_EXT(10),Neha Kakkar,"Dilbar (From ""Satyameva Jayate"")","neha kakkar::dilbar (from ""satyameva jayate"")",exciting,1,Dataset1/DS1_TRAIN_MATCH/
exciting_TEST_EXT(10)-26-of-98,train,train,exciting_TEST_EXT(10),Yo Yo Honey Singh,Urvashi,yo yo honey singh::urvashi,exciting,1,Dataset1/DS1_TRAIN_MATCH/
exciting_TEST_EXT(10)-32-of-98,test,train,exciting_TEST_EXT(10),Guru Randhawa,"High Rated Gabru (From ""Nawabzaade"")","guru randhawa::high rated gabru (from ""nawabzaade"")",exciting,0,Dataset1/DS1_TEST_MATCH/
exciting_TEST_EXT(10)-46-of-98,test,train,exciting_TEST_EXT(10),Aas Narayan Sharma,Chait Me Chiyar K Marela Eyar,aas narayan sharma::chait me chiyar k marela eyar,exciting,0,Dataset1/DS1_TEST_MATCH/
exciting_TEST_EXT(10)-94-of-98,train,train,exciting_TEST_EXT(10),Ranveer Singh,Padmaavat Khalibali,ranveer singh::padmaavat khalibali,exciting,0,Dataset1/DS1_TRAIN_MATCH/
exciting_TEST_EXT(11)-14-of-56,train,train,exciting_TEST_EXT(11),Neha Kakkar,"O Saki Saki (From ""Batla House"")","neha kakkar::o saki saki (from ""batla house"")",exciting,1,Dataset1/DS1_TRAIN_MATCH/
exciting_TEST_EXT(11)-2-of-56,test,train,exciting_TEST_EXT(11),Badshah,"Garmi (From ""Street Dancer 3D"") (feat. Varun Dhawan)","badshah::garmi (from ""street dancer 3d"") (feat. varun dhawan)",exciting,0,Dataset1/DS1_TEST_MATCH/
exciting_TEST_EXT(12)-2-of-7,test,train,exciting_TEST_EXT(12),Tanishk Bagchi,Makhna,tanishk bagchi::makhna,exciting,1,Dataset1/DS1_TEST_MATCH/
exciting_TEST_EXT(13)-59-of-72,train,train,exciting_TEST_EXT(13),Badshah,"Sheher Ki Ladki (From ""Khandaani Shafakhana"")","badshah::sheher ki ladki (from ""khandaani shafakhana"")",exciting,1,Dataset1/DS1_TRAIN_MATCH/
exciting_TEST_EXT(13)-64-of-72,train,train,exciting_TEST_EXT(13),Jasbir Jassi,"Koka (From ""Khandaani Shafakhana"")","jasbir jassi::koka (from ""khandaani shafakhana"")",exciting,0,Dataset1/DS1_TRAIN_MATCH/
exciting_TEST_EXT(13)-70-of-72,test,train,exciting_TEST_EXT(13),Tony Kakkar,"Coca Cola (From ""Luka Chuppi"")","tony kakkar::coca cola (from ""luka chuppi"")",exciting,1,Dataset1/DS1_TEST_MATCH/
exciting_TEST_EXT(15)-102-of-153,train,train,exciting_TEST_EXT(15),Arya Acharya,"52 Non Stop Dilbar Dilbar Remix(Remix By Kedrock,Sd Style)","arya acharya::52 non stop dilbar dilbar remix(remix by kedrock,sd style)",exciting,0,Dataset1/DS1_TRAIN_MATCH/
exciting_TEST_EXT(15)-11-of-153,train,train,exciting_TEST_EXT(15),Arya Acharya,"52 Non Stop Dilbar Dilbar Remix(Remix By Kedrock,Sd Style)","arya acharya::52 non stop dilbar dilbar remix(remix by kedrock,sd style)",exciting,0,Dataset1/DS1_TRAIN_MATCH/
exciting_TEST_EXT(15)-115-of-153,train,train,exciting_TEST_EXT(15),Arya Acharya,"52 Non Stop Dilbar Dilbar Remix(Remix By Kedrock,Sd Style)","arya acharya::52 non stop dilbar dilbar remix(remix by kedrock,sd style)",exciting,0,Dataset1/DS1_TRAIN_MATCH/
exciting_TEST_EXT(15)-130-of-153,train,train,exciting_TEST_EXT(15),Arya Acharya,"52 Non Stop Dilbar Dilbar Remix(Remix By Kedrock,Sd Style)","arya acharya::52 non stop dilbar dilbar remix(remix by kedrock,sd style)",exciting,0,Dataset1/DS1_TRAIN_MATCH/
exciting_TEST_EXT(15)-144-of-153,train,train,exciting_TEST_EXT(15),Arya Acharya,"52 Non Stop Dilbar Dilbar Remix(Remix By Kedrock,Sd Style)","arya acharya::52 non stop dilbar dilbar remix(remix by kedrock,sd style)",exciting,0,Dataset1/DS1_TRAIN_MATCH/
exciting_TEST_EXT(15)-16-of-153,train,train,exciting_TEST_EXT(15),Zack Knight/Jasmin Walia,Bom Diggy,zack knight/jasmin walia::bom diggy,exciting,1,Dataset1/DS1_TRAIN_MATCH/
exciting_TEST_EXT(15)-26-of-153,train,train,exciting_TEST_EXT(15),Arya Acharya,"52 Non Stop Dilbar Dilbar Remix(Remix By Kedrock,Sd Style)","arya acharya::52 non stop dilbar dilbar remix(remix by kedrock,sd style)",exciting,0,Dataset1/DS1_TRAIN_MATCH/
exciting_TEST_EXT(15)-34-of-153,test,train,exciting_TEST_EXT(15),Arya Acharya,"52 Non Stop Dilbar Dilbar Remix(Remix By Kedrock,Sd Style)","arya acharya::52 non stop dilbar dilbar remix(remix by kedrock,sd style)",exciting,0,Dataset1/DS1_TEST_MATCH/
exciting_TEST_EXT(15)-46-of-153,train,train,exciting_TEST_EXT(15),Arya Acharya,"52 Non Stop Dilbar Dilbar Remix(Remix By Kedrock,Sd Style)","arya acharya::52 non stop dilbar dilbar remix(remix by kedrock,sd style)",exciting,0,Dataset1/DS1_TRAIN_MATCH/
exciting_TEST_EXT(15)-75-of-153,train,train,exciting_TEST_EXT(15),Arijit Singh,Subah Subah,arijit singh::subah subah,exciting,1,Dataset1/DS1_TRAIN_MATCH/
exciting_TEST_EXT(15)-82-of-153,train,train,exciting_TEST_EXT(15),Arya Acharya,"52 Non Stop Dilbar Dilbar Remix(Remix By Kedrock,Sd Style)","arya acharya::52 non stop dilbar dilbar remix(remix by kedrock,sd style)",exciting,0,Dataset1/DS1_TRAIN_MATCH/
exciting_TEST_EXT(15)-88-of-153,train,train,exciting_TEST_EXT(15),Arya Acharya,"52 Non Stop Dilbar Dilbar Remix(Remix By Kedrock,Sd Style)","arya acharya::52 non stop dilbar dilbar remix(remix by kedrock,sd style)",exciting,0,Dataset1/DS1_TRAIN_MATCH/
exciting_TEST_EXT(15)-93-of-153,train,train,exciting_TEST_EXT(15),Arya Acharya,"52 Non Stop Dilbar Dilbar Remix(Remix By Kedrock,Sd Style)","arya acharya::52 non stop dilbar dilbar remix(remix by kedrock,sd style)",exciting,0,Dataset1/DS1_TRAIN_MATCH/
exciting_TEST_EXT(16)-22-of-84,train,train,exciting_TEST_EXT(16),,,,exciting,0,Dataset1/DS1_TRAIN_MATCH/
exciting_TEST_EXT(16)-39-of-84,train,train,exciting_TEST_EXT(16),,,,exciting,0,Dataset1/DS1_TRAIN_MATCH/
exciting_TEST_EXT(16)-45-of-84,train,train,exciting_TEST_EXT(16),Shreya Ghosal,Silsila Ye Chahat Ka,shreya ghosal::silsila ye chahat ka,exciting,1,Dataset1/DS1_TRAIN_MATCH/
exciting_TEST_EXT(16)-62-of-84,train,train,exciting_TEST_EXT(16),Sanjay Leela Bhansali,Minnaadhi Minnal,sanjay leela bhansali::minnaadhi minnal,exciting,0,Dataset1/DS1_TRAIN_MATCH/
exciting_TEST_EXT(16)-73-of-84,train,train,exciting_TEST_EXT(16),Shreya Ghosal,Dola Re Dola,shreya ghosal::dola re dola,exciting,1,Dataset1/DS1_TRAIN_MATCH/
exciting_TEST_EXT(17)-2-of-10,test,train,exciting_TEST_EXT(17),MC Hammer,Mc Hammer - Cant Touch This,mc hammer::mc hammer - cant touch this,exciting,1,Dataset1/DS1_TEST_MATCH/
exciting_TEST_EXT(17)-8-of-10,val,train,exciting_TEST_EXT(17),MC Hammer,Mc Hammer - Cant Touch This,mc hammer::mc hammer - cant touch this,exciting,1,Dataset1/DS1_VAL_MATCH/
exciting_TEST_EXT(18)-16-of-73,train,train,exciting_TEST_EXT(18),Neha Kakkar,Tan Tana Tan Tan Tan (feat. Bilawal),neha kakkar::tan tana tan tan tan (feat. bilawal),exciting,0,Dataset1/DS1_TRAIN_MATCH/
exciting_TEST_EXT(18)-2-of-73,train,train,exciting_TEST_EXT(18),Bappi Lehri and Badshah,Loge Tamma Tamma Loge,bappi lehri and badshah::loge tamma tamma loge,exciting,0,Dataset1/DS1_TRAIN_MATCH/
exciting_TEST_EXT(18)-34-of-73,train,train,exciting_TEST_EXT(18),Meet Bros Anjjan,Chittiyaan Kalaiyaan,meet bros anjjan::chittiyaan kalaiyaan,exciting,1,Dataset1/DS1_TRAIN_MATCH/
exciting_TEST_EXT(18)-59-of-73,train,train,exciting_TEST_EXT(18),Vishal Dadlani,Selfie Le Le Re,vishal dadlani::selfie le le re,exciting,0,Dataset1/DS1_TRAIN_MATCH/
exciting_TEST_EXT(2)-6-of-19,val,train,exciting_TEST_EXT(2),รวมศิลปิน,O.K.นะคะ,รวมศิลปิน::o.k.นะคะ,exciting,0,Dataset1/DS1_VAL_MATCH/
exciting_TEST_EXT(7)-7-of-8,val,train,exciting_TEST_EXT(7),Selairium,Legendary,selairium::legendary,exciting,0,Dataset1/DS1_VAL_MATCH/
exciting_TEST_EXT(9)-10-of-95,train,train,exciting_TEST_EXT(9),Sohail Sen,"Shaitan Ka Saala (From ""Housefull 4"")","sohail sen::shaitan ka saala (from ""housefull 4"")",exciting,1,Dataset1/DS1_TRAIN_MATCH/
exciting_TEST_EXT(9)-15-of-95,test,train,exciting_TEST_EXT(9),Neha Kakkar,Yaad Piya Ki Aane Lagi,neha kakkar::yaad piya ki aane lagi,exciting,1,Dataset1/DS1_TEST_MATCH/
exciting_TEST_EXT(9)-2-of-95,train,train,exciting_TEST_EXT(9),Yash Narvekar,"Muqabla (From ""Street Dancer 3D"")","yash narvekar::muqabla (from ""street dancer 3d"")",exciting,1,Dataset1/DS1_TRAIN_MATCH/
exciting_TEST_EXT(9)-23-of-95,train,train,exciting_TEST_EXT(9),Mika Singh,"Ankhiyon Se Goli Mare (From ""Pati Patni Aur Woh"")","mika singh::ankhiyon se goli mare (from ""pati patni aur woh"")",exciting,1,Dataset1/DS1_TRAIN_MATCH/
exciting_TEST_EXT(9)-25-of-95,test,train,exciting_TEST_EXT(9),Mika Singh,"Ankhiyon Se Goli Mare (From ""Pati Patni Aur Woh"")","mika singh::ankhiyon se goli mare (from ""pati patni aur woh"")",exciting,1,Dataset1/DS1_TEST_MATCH/
exciting_TEST_EXT(9)-3-of-95,test,train,exciting_TEST_EXT(9),Yash Narvekar,"Muqabla (From ""Street Dancer 3D"")","yash narvekar::muqabla (from ""street dancer 3d"")",exciting,1,Dataset1/DS1_TEST_MATCH/
exciting_TEST_EXT(9)-45-of-95,test,train,exciting_TEST_EXT(9),Neha Kakkar,"Ek Toh Kum Zindagani (From ""Marjaavaan"")","neha kakkar::ek toh kum zindagani (from ""marjaavaan"")",exciting,0,Dataset1/DS1_TEST_MATCH/
exciting_TEST_EXT(9)-69-of-95,train,train,exciting_TEST_EXT(9),Guru Randhawa,Slowly Slowly,guru randhawa::slowly slowly,exciting,0,Dataset1/DS1_TRAIN_MATCH/
exciting_TEST_EXT(9)-73-of-95,train,train,exciting_TEST_EXT(9),,,,exciting,0,Dataset1/DS1_TRAIN_MATCH/
exciting_TEST_EXT(9)-78-of-95,train,train,exciting_TEST_EXT(9),Jassie Gill,"Nikle Currant (From ""Nikle Currant"")","jassie gill::nikle currant (from ""nikle currant"")",exciting,0,Dataset1/DS1_TRAIN_MATCH/
exciting_TEST_EXT(9)-85-of-95,train,train,exciting_TEST_EXT(9),Badshah,"Munna Badnaam Hua (From ""Dabangg 3"")","badshah::munna badnaam hua (from ""dabangg 3"")",exciting,0,Dataset1/DS1_TRAIN_MATCH/
exciting_TEST_EXT(9)-89-of-95,test,train,exciting_TEST_EXT(9),Garry Sandhu,"Hauli Hauli (From ""De De Pyaar De"")","garry sandhu::hauli hauli (from ""de de pyaar de"")",exciting,1,Dataset1/DS1_TEST_MATCH/
exciting_TEST_MIX(8)-6-of-7,val,train,exciting_TEST_MIX(8),Cherona,Rigga-Ding-Dong-Song,cherona::rigga-ding-dong-song,exciting,1,Dataset1/DS1_VAL_MATCH/
exciting_TEST_MV(10)-10-of-25,train,train,exciting_TEST_MV(10),Sofia Reyes,"1, 2, 3 (feat. Jason Derulo & De La Ghetto)","sofia reyes::1, 2, 3 (feat. jason derulo & de la ghetto)",exciting,1,Dataset1/DS1_TRAIN_MATCH/
exciting_TEST_MV(10)-13-of-25,train,train,exciting_TEST_MV(10),Anne-Marie,Perfect to Me,anne-marie::perfect to me,exciting,1,Dataset1/DS1_TRAIN_MATCH/
exciting_TEST_MV(10)-17-of-25,train,train,exciting_TEST_MV(10),Enrique Iglesias x Pitbull,Move To Miami,enrique iglesias x pitbull::move to miami,exciting,1,Dataset1/DS1_TRAIN_MATCH/
exciting_TEST_MV(10)-18-of-25,train,train,exciting_TEST_MV(10),"C. Tangana, Becky G feat. Alizzz",Booty,"c. tangana, becky g feat. alizzz::booty",exciting,1,Dataset1/DS1_TRAIN_MATCH/
exciting_TEST_MV(10)-2-of-25,train,train,exciting_TEST_MV(10),Bruno Mars,Finesse (Remix) [feat. Cardi B],bruno mars::finesse (remix) [feat. cardi b],exciting,1,Dataset1/DS1_TRAIN_MATCH/
exciting_TEST_MV(10)-20-of-25,train,train,exciting_TEST_MV(10),David Guetta,Don't Leave Me Alone (feat. Anne-Marie),david guetta::don't leave me alone (feat. anne-marie),exciting,1,Dataset1/DS1_TRAIN_MATCH/
exciting_TEST_MV(10)-22-of-25,train,train,exciting_TEST_MV(10),Kygo feat. Sandro Cavazza,Happy Now,kygo feat. sandro cavazza::happy now,exciting,1,Dataset1/DS1_TRAIN_MATCH/
exciting_TEST_MV(10)-3-of-25,train,train,exciting_TEST_MV(10),Marshmello,FRIENDS,marshmello::friends,exciting,1,Dataset1/DS1_TRAIN_MATCH/
exciting_TEST_MV(10)-4-of-25,train,train,exciting_TEST_MV(10),James Arthur,Rewrite The Stars,james arthur::rewrite the stars,exciting,1,Dataset1/DS1_TRAIN_MATCH/
exciting_TEST_MV(10)-5-of-25,train,train,exciting_TEST_MV(10),Sofia Reyes,"1, 2, 3 (feat. Jason Derulo & De La Ghetto)","sofia reyes::1, 2, 3 (feat. jason derulo & de la ghetto)",exciting,1,Dataset1/DS1_TRAIN_MATCH/
exciting_TEST_MV(11)-4-of-6,train,train,exciting_TEST_MV(11),Major Lazer,Lean On,major lazer::lean on,exciting,1,Dataset1/DS1_TRAIN_MATCH/
exciting_TEST_MV(11)-5-of-6,train,train,exciting_TEST_MV(11),Major Lazer,Lean On,major lazer::lean on,exciting,1,Dataset1/DS1_TRAIN_MATCH/
exciting_TEST_MV(12)-2-of-8,train,train,exciting_TEST_MV(12),DJ Snake,Taki Taki,dj snake::taki taki,exciting,0,Dataset1/DS1_TRAIN_MATCH/
exciting_TEST_MV(13)-6-of-10,val,train,exciting_TEST_MV(13),Luis Fonsi,Despacito - Versión Pop,luis fonsi::despacito - versión pop,exciting,1,Dataset1/DS1_VAL_MATCH/
exciting_TEST_MV(13)-8-of-10,train,train,exciting_TEST_MV(13),Luis Fonsi,Despacito,luis fonsi::despacito,exciting,1,Dataset1/DS1_TRAIN_MATCH/
exciting_TEST_MV(14)-12-of-21,train,train,exciting_TEST_MV(14),Future,Lay Up,future::lay up,exciting,1,Dataset1/DS1_TRAIN_MATCH/
exciting_TEST_MV(14)-14-of-21,train,train,exciting_TEST_MV(14),Lady Gaga,Swine,lady gaga::swine,exciting,1,Dataset1/DS1_TRAIN_MATCH/
exciting_TEST_MV(14)-16-of-21,train,train,exciting_TEST_MV(14),Missy Elliott,One Minute Man (feat. Ludacris),missy elliott::one minute man (feat. ludacris),exciting,1,Dataset1/DS1_TRAIN_MATCH/
exciting_TEST_MV(14)-17-of-21,train,train,exciting_TEST_MV(14),Missy Elliott,Work It (feat. 50 Cent) - Remix,missy elliott::work it (feat. 50 cent) - remix,exciting,1,Dataset1/DS1_TRAIN_MATCH/
exciting_TEST_MV(14)-18-of-21,val,train,exciting_TEST_MV(14),Missy Elliott,Work It (feat. 50 Cent) - Remix,missy elliott::work it (feat. 50 cent) - remix,exciting,1,Dataset1/DS1_VAL_MATCH/
exciting_TEST_MV(14)-19-of-21,train,train,exciting_TEST_MV(14),Missy Elliott,Work It (feat. 50 Cent) - Remix,missy elliott::work it (feat. 50 cent) - remix,exciting,1,Dataset1/DS1_TRAIN_MATCH/
exciting_TEST_MV(14)-5-of-21,train,train,exciting_TEST_MV(14),Dj Tik Tok Mix,Baile Y Más Baile Para Ti,dj tik tok mix::baile y más baile para ti,exciting,0,Dataset1/DS1_TRAIN_MATCH/
exciting_TEST_MV(14)-6-of-21,train,train,exciting_TEST_MV(14),Nicki Minaj,Request Dance Crew New Kings,nicki minaj::request dance crew new kings,exciting,0,Dataset1/DS1_TRAIN_MATCH/
exciting_TEST_MV(14)-8-of-21,train,train,exciting_TEST_MV(14),"Jay Park, Mino ","Mashup All I Wanna Do, 7/11, Okey Dokey","jay park, mino::mashup all i wanna do, 7/11, okey dokey",exciting,0,Dataset1/DS1_TRAIN_MATCH/
exciting_TEST_MV(14)-9-of-21,train,train,exciting_TEST_MV(14),Mahlote,Customer,mahlote::customer,exciting,0,Dataset1/DS1_TRAIN_MATCH/
exciting_TEST_MV(15)-2-of-13,train,train,exciting_TEST_MV(15),Marracash,Badabum Cha Cha,marracash::badabum cha cha,exciting,1,Dataset1/DS1_TRAIN_MATCH/
exciting_TEST_MV(17)-11-of-15,train,train,exciting_TEST_MV(17),JENNIE,SOLO (Live),jennie::solo (live),exciting,1,Dataset1/DS1_TRAIN_MATCH/
exciting_TEST_MV(17)-14-of-15,train,train,exciting_TEST_MV(17),Drake,In My Feelings,drake::in my feelings,exciting,1,Dataset1/DS1_TRAIN_MATCH/
exciting_TEST_MV(17)-2-of-15,val,train,exciting_TEST_MV(17),,,,exciting,0,Dataset1/DS1_VAL_MATCH/
exciting_TEST_MV(17)-3-of-15,train,train,exciting_TEST_MV(17),Dua Lipa,Kiss and Make Up,dua lipa::kiss and make up,exciting,1,Dataset1/DS1_TRAIN_MATCH/
exciting_TEST_MV(17)-4-of-15,train,train,exciting_TEST_MV(17),Alex Gonzaga,Chambe,alex gonzaga::chambe,exciting,1,Dataset1/DS1_TRAIN_MATCH/
exciting_TEST_MV(18)-2-of-7,val,train,exciting_TEST_MV(18),FoxY,On the Low,foxy::on the low,exciting,0,Dataset1/DS1_VAL_MATCH/
exciting_TEST_MV(18)-6-of-7,train,train,exciting_TEST_MV(18),Burna Boy,On the Low,burna boy::on the low,exciting,1,Dataset1/DS1_TRAIN_MATCH/
exciting_TEST_MV(19)-4-of-8,train,train,exciting_TEST_MV(19),Fuse ODG,Antenna (UK Radio Edit),fuse odg::antenna (uk radio edit),exciting,1,Dataset1/DS1_TRAIN_MATCH/
exciting_TEST_MV(19)-6-of-8,train,train,exciting_TEST_MV(19),Fuse Odg,Antenna - Remix,fuse odg::antenna - remix,exciting,1,Dataset1/DS1_TRAIN_MATCH/
exciting_TEST_MV(21)-4-of-18,train,train,exciting_TEST_MV(21),Neha Kakkar,"O Saki Saki (From ""Batla House"")","neha kakkar::o saki saki (from ""batla house"")",exciting,1,Dataset1/DS1_TRAIN_MATCH/
exciting_TEST_MV(27)-6-of-7,train,train,exciting_TEST_MV(27),Almoda Rana Uprety,"Yeti Yeti Pani (From ""Kri"")","almoda rana uprety::yeti yeti pani (from ""kri"")",exciting,0,Dataset1/DS1_TRAIN_MATCH/
exciting_TEST_MV(4)-5-of-8,train,train,exciting_TEST_MV(4),,,,exciting,0,Dataset1/DS1_TRAIN_MATCH/
exciting_TEST_MV(42)-8-of-12,train,train,exciting_TEST_MV(42),Nepalians,"Kutu Ma Kutu Supari Dana | कुटु मा कुटु, सुपारी दाना, कुटु मा कुटु","nepalians::kutu ma kutu supari dana | कुटु मा कुटु, सुपारी दाना, कुटु मा कुटु",exciting,0,Dataset1/DS1_TRAIN_MATCH/
exciting_TEST_MV(5)-2-of-8,train,train,exciting_TEST_MV(5),Apink,NoNoNo,apink::nonono,exciting,1,Dataset1/DS1_TRAIN_MATCH/
exciting_TEST_MV(56)-2-of-9,train,train,exciting_TEST_MV(56),Taylor Swift,Shake It Off,taylor swift::shake it off,exciting,1,Dataset1/DS1_TRAIN_MATCH/
exciting_TEST_MV(56)-7-of-9,train,train,exciting_TEST_MV(56),Taylor Swift,Shake It Off,taylor swift::shake it off,exciting,1,Dataset1/DS1_TRAIN_MATCH/
exciting_TEST_MV(6)-18-of-26,train,train,exciting_TEST_MV(6),4MINUTE,Crazy,4minute::crazy,exciting,1,Dataset1/DS1_TRAIN_MATCH/
exciting_TEST_MV(6)-19-of-26,train,train,exciting_TEST_MV(6),SMTOWN,10. Gee,smtown::10. gee,exciting,0,Dataset1/DS1_TRAIN_MATCH/
exciting_TEST_MV(6)-2-of-26,train,train,exciting_TEST_MV(6),V.A,Mashup: Like This - Luv - Danger...,v.a::mashup: like this - luv - danger...,exciting,0,Dataset1/DS1_TRAIN_MATCH/
exciting_TEST_MV(6)-20-of-26,train,train,exciting_TEST_MV(6),TAEYEON,Why,taeyeon::why,exciting,1,Dataset1/DS1_TRAIN_MATCH/
exciting_TEST_MV(6)-21-of-26,train,train,exciting_TEST_MV(6),,,,exciting,0,Dataset1/DS1_TRAIN_MATCH/
exciting_TEST_MV(6)-22-of-26,train,train,exciting_TEST_MV(6),,,,exciting,0,Dataset1/DS1_TRAIN_MATCH/
exciting_TEST_MV(6)-3-of-26,train,train,exciting_TEST_MV(6),Apink,NoNoNo,apink::nonono,exciting,0,Dataset1/DS1_TRAIN_MATCH/
exciting_TEST_MV(6)-4-of-26,train,train,exciting_TEST_MV(6),AOA,Heart Attack,aoa::heart attack,exciting,0,Dataset1/DS1_TRAIN_MATCH/
exciting_TEST_MV(6)-5-of-26,train,train,exciting_TEST_MV(6),AOA,Like a Cat,aoa::like a cat,exciting,1,Dataset1/DS1_TRAIN_MATCH/
exciting_TEST_MV(6)-8-of-26,train,train,exciting_TEST_MV(6),EXID,Ah Yeah,exid::ah yeah,exciting,1,Dataset1/DS1_TRAIN_MATCH/
exciting_TEST_MV(6)-9-of-26,train,train,exciting_TEST_MV(6),Fiestar,Mirror,fiestar::mirror,exciting,1,Dataset1/DS1_TRAIN_MATCH/
exciting_TEST_MV(7)-4-of-7,train,train,exciting_TEST_MV(7),Tren-D,Candy Boy,tren-d::candy boy,exciting,1,Dataset1/DS1_TRAIN_MATCH/
exciting_TEST_MV(7)-6-of-7,train,train,exciting_TEST_MV(7),Tren-D,Candy Boy,tren-d::candy boy,exciting,1,Dataset1/DS1_TRAIN_MATCH/
exciting_TEST_MV(8)-5-of-10,train,train,exciting_TEST_MV(8),V.A,Nhạc Văn Nghệ,v.a::nhạc văn nghệ,exciting,0,Dataset1/DS1_TRAIN_MATCH/
exciting_TEST_MV(80)-2-of-6,train,train,exciting_TEST_MV(80),Lennert Wolfs,Love You Longtime,lennert wolfs::love you longtime,exciting,0,Dataset1/DS1_TRAIN_MATCH/
exciting_TEST_MV(9)-10-of-12,train,train,exciting_TEST_MV(9),Acid Drink,Unique (Original Mix),acid drink::unique (original mix),exciting,0,Dataset1/DS1_TRAIN_MATCH/
exciting_TEST_MV(9)-7-of-12,train,train,exciting_TEST_MV(9),Loga Y Crucas,Princesa Do Brasil - Radio Edit,loga y crucas::princesa do brasil - radio edit,exciting,0,Dataset1/DS1_TRAIN_MATCH/
exciting_TEST_MV(9)-8-of-12,train,train,exciting_TEST_MV(9),Loga Y Crucas,Princesa Do Brasil,loga y crucas::princesa do brasil,exciting,0,Dataset1/DS1_TRAIN_MATCH/
exciting_TT(11),train,train,exciting_TT(11),THE ARK,The Light,the ark::the light,exciting,0,Dataset1/DS1_TRAIN_MATCH/
exciting_TT(16),train,train,exciting_TT(16),Rick Astley,Never Gonna Give You Up - Escape to NY Mix,rick astley::never gonna give you up - escape to ny mix,exciting,1,Dataset1/DS1_TRAIN_MATCH/
exciting_TT(17),train,train,exciting_TT(17),Shakira,She Wolf,shakira::she wolf,exciting,1,Dataset1/DS1_TRAIN_MATCH/
exciting_TT(19),train,train,exciting_TT(19),Michael Franti & Spearhead,Say Hey (I Love You),michael franti & spearhead::say hey (i love you),exciting,1,Dataset1/DS1_TRAIN_MATCH/
exciting_TT(7),train,train,exciting_TT(7),Psy,Gangnam Style / 2 Legit 2 Quit Mashup,psy::gangnam style / 2 legit 2 quit mashup,exciting,1,Dataset1/DS1_TRAIN_MATCH/
exciting_TT(9),train,train,exciting_TT(9),,,,exciting,0,Dataset1/DS1_TRAIN_MATCH/
exciting_gn9Tn2-Tt0Q_000090_000120,train,train,exciting_gn9Tn2-Tt0Q_000090_000120,Mina Niraula,Choli (Original Motion Picture Soundtrack),mina niraula::choli (original motion picture soundtrack),exciting,0,Dataset1/DS1_TRAIN_MATCH/
fear_161,train,train,fear_161,Fear Factory,Powershifter,fear factory::powershifter,fear,0,Dataset1/DS1_TRAIN_MATCH/
fear_22,train,train,fear_22,STALAGGH,012,stalaggh::012,fear,0,Dataset1/DS1_TRAIN_MATCH/
fear_23,val,train,fear_23,Death Decline,Useless Sacrifice,death decline::useless sacrifice,fear,1,Dataset1/DS1_VAL_MATCH/
fear_42,train,train,fear_42,Annihilator,Deadlock,annihilator::deadlock,fear,1,Dataset1/DS1_TRAIN_MATCH/
fear_61,train,train,fear_61,Rammstein,Du hast,rammstein::du hast,fear,1,Dataset1/DS1_TRAIN_MATCH/
fear_70,train,train,fear_70,,,,fear,0,Dataset1/DS1_TRAIN_MATCH/
fear_DEAP_DB_FEARR(1),train,train,fear_DEAP_DB_FEARR(1),The Cranberries,Zombie,the cranberries::zombie,fear,1,Dataset1/DS1_TRAIN_MATCH/
fear_DEAP_DB_HR(0),train,train,fear_DEAP_DB_HR(0),Dark Funeral,My Funeral,dark funeral::my funeral,fear,0,Dataset1/DS1_TRAIN_MATCH/
fear_DEAP_DB_HR(17),train,train,fear_DEAP_DB_HR(17),Deicide,Homage For Satan,deicide::homage for satan,fear,1,Dataset1/DS1_TRAIN_MATCH/
fear_DEAP_DB_HR(18),train,train,fear_DEAP_DB_HR(18),Deicide,Homage For Satan,deicide::homage for satan,fear,1,Dataset1/DS1_TRAIN_MATCH/
fear_DEAP_DB_HR(19),train,train,fear_DEAP_DB_HR(19),Deicide,Homage For Satan,deicide::homage for satan,fear,1,Dataset1/DS1_TRAIN_MATCH/
fear_DEAP_DB_HR(20),train,train,fear_DEAP_DB_HR(20),Mortemia,The One I Once Was,mortemia::the one i once was,fear,0,Dataset1/DS1_TRAIN_MATCH/
fear_DEAP_DB_HR(23),train,train,fear_DEAP_DB_HR(23),,,,fear,0,Dataset1/DS1_TRAIN_MATCH/
fear_DEAP_DB_HR(24),train,train,fear_DEAP_DB_HR(24),,,,fear,0,Dataset1/DS1_TRAIN_MATCH/
fear_DEAP_DB_HR(25),train,train,fear_DEAP_DB_HR(25),Marilyn Manson,The Beautiful People,marilyn manson::the beautiful people,fear,1,Dataset1/DS1_TRAIN_MATCH/
fear_DEAP_DB_HR(26),train,train,fear_DEAP_DB_HR(26),Marilyn Manson,The Beautiful People,marilyn manson::the beautiful people,fear,1,Dataset1/DS1_TRAIN_MATCH/
fear_DEAP_DB_HR(27),train,train,fear_DEAP_DB_HR(27),Marilyn Manson,The Beautiful People,marilyn manson::the beautiful people,fear,1,Dataset1/DS1_TRAIN_MATCH/
fear_DEAP_DB_HR(34),train,train,fear_DEAP_DB_HR(34),Sepultura,Refuse / Resist,sepultura::refuse / resist,fear,1,Dataset1/DS1_TRAIN_MATCH/
fear_DEAP_DB_HR(35),train,train,fear_DEAP_DB_HR(35),Sepultura,Refuse / Resist,sepultura::refuse / resist,fear,1,Dataset1/DS1_TRAIN_MATCH/
fear_DEAP_DB_HR(38),train,train,fear_DEAP_DB_HR(38),Cradle of Filth,Scorched Earth Erotica,cradle of filth::scorched earth erotica,fear,1,Dataset1/DS1_TRAIN_MATCH/
fear_DEAP_DB_HR(39),train,train,fear_DEAP_DB_HR(39),Cradle of Filth,Scorched Earth Erotica,cradle of filth::scorched earth erotica,fear,1,Dataset1/DS1_TRAIN_MATCH/
fear_DEAP_DB_HR(48),train,train,fear_DEAP_DB_HR(48),Dark Funeral,My Funeral,dark funeral::my funeral,fear,1,Dataset1/DS1_TRAIN_MATCH/
fear_DEAP_DB_HR(49),test,train,fear_DEAP_DB_HR(49),Dark Funeral,My Funeral,dark funeral::my funeral,fear,0,Dataset1/DS1_TEST_MATCH/
fear_DEAP_DB_HR(6),train,train,fear_DEAP_DB_HR(6),Katatonia,The Longest Year,katatonia::the longest year,fear,1,Dataset1/DS1_TRAIN_MATCH/
fear_DEAP_DB_HR(8),train,train,fear_DEAP_DB_HR(8),Katatonia,The Longest Year,katatonia::the longest year,fear,1,Dataset1/DS1_TRAIN_MATCH/
fear_DEAP_DB_HR(9),train,train,fear_DEAP_DB_HR(9),Mortemia,The One I Once Was,mortemia::the one i once was,fear,0,Dataset1/DS1_TRAIN_MATCH/
fear_DEAP_DB_HRR(20),train,train,fear_DEAP_DB_HRR(20),,,,fear,0,Dataset1/DS1_TRAIN_MATCH/
fear_DEAP_DB_HRR(22),train,train,fear_DEAP_DB_HRR(22),The Cranberries,Zombie,the cranberries::zombie,fear,1,Dataset1/DS1_TRAIN_MATCH/
fear_DEAP_DP_TENSMM(0),train,train,fear_DEAP_DP_TENSMM(0),Dead To Fall,Bastard Set of Dreams,dead to fall::bastard set of dreams,fear,0,Dataset1/DS1_TRAIN_MATCH/
fear_DEAP_DP_TENSMM(11),train,train,fear_DEAP_DP_TENSMM(11),,,,fear,0,Dataset1/DS1_TRAIN_MATCH/
fear_DEAP_DP_TENSMM(14),train,train,fear_DEAP_DP_TENSMM(14),Trapped Under Ice,Believe,trapped under ice::believe,fear,1,Dataset1/DS1_TRAIN_MATCH/
fear_DEAP_DP_TENSMM(18),val,train,fear_DEAP_DP_TENSMM(18),Trapped Under Ice,Believe,trapped under ice::believe,fear,1,Dataset1/DS1_VAL_MATCH/
fear_DEAP_DP_TENSMM(22),train,train,fear_DEAP_DP_TENSMM(22),Dead To Fall,Bastard Set of Dreams,dead to fall::bastard set of dreams,fear,0,Dataset1/DS1_TRAIN_MATCH/
fear_DEAP_DP_TENSxx(12),train,train,fear_DEAP_DP_TENSxx(12),Smashing Pumpkins,Bullet With Butterfly Wings,smashing pumpkins::bullet with butterfly wings,fear,1,Dataset1/DS1_TRAIN_MATCH/
fear_DEAP_DP_TENSxx(15),val,train,fear_DEAP_DP_TENSxx(15),Smashing Pumpkins,Bullet With Butterfly Wings,smashing pumpkins::bullet with butterfly wings,fear,1,Dataset1/DS1_VAL_MATCH/
fear_DEAP_DP_TENSxx(3),train,train,fear_DEAP_DP_TENSxx(3),Stigmata,В отражении глаз,stigmata::в отражении глаз,fear,0,Dataset1/DS1_TRAIN_MATCH/
fear_DEAP_DP_TENSxx(4),test,train,fear_DEAP_DP_TENSxx(4),Stigmata,В отражении глаз,stigmata::в отражении глаз,fear,0,Dataset1/DS1_TEST_MATCH/
fear_Exciting_MV_3GPP(5)-2-of-7,train,train,fear_Exciting_MV_3GPP(5),Donots,Pick Up The Pieces,donots::pick up the pieces,fear,1,Dataset1/DS1_TRAIN_MATCH/
fear_Exciting_MV_NC2(45)-2-of-10,train,train,fear_Exciting_MV_NC2(45),,,,fear,0,Dataset1/DS1_TRAIN_MATCH/
fear_FEAR_TEST(0)-13-of-15,test,train,fear_FEAR_TEST(0),Alien Weaponry,Kai Tangata,alien weaponry::kai tangata,fear,1,Dataset1/DS1_TEST_MATCH/
fear_FEAR_TEST(0)-4-of-15,val,train,fear_FEAR_TEST(0),Alien Weaponry,Kai Tangata,alien weaponry::kai tangata,fear,1,Dataset1/DS1_VAL_MATCH/
fear_FEAR_TEST(0)-6-of-15,train,train,fear_FEAR_TEST(0),Alien Weaponry,Kai Tangata,alien weaponry::kai tangata,fear,1,Dataset1/DS1_TRAIN_MATCH/
fear_FEAR_TEST(13)-2-of-8,test,train,fear_FEAR_TEST(13),Rammstein,Du hast,rammstein::du hast,fear,1,Dataset1/DS1_TEST_MATCH/
fear_FEAR_TEST(13)-7-of-8,train,train,fear_FEAR_TEST(13),Rammstein,Du hast,rammstein::du hast,fear,1,Dataset1/DS1_TRAIN_MATCH/
fear_FEAR_TEST(14)-3-of-9,test,train,fear_FEAR_TEST(14),Shepherds Reign,Le Manu,shepherds reign::le manu,fear,1,Dataset1/DS1_TEST_MATCH/
fear_FEAR_TEST(14)-6-of-9,train,train,fear_FEAR_TEST(14),Shepherds Reign,Le Manu,shepherds reign::le manu,fear,1,Dataset1/DS1_TRAIN_MATCH/
fear_FEAR_TEST(14)-8-of-9,val,train,fear_FEAR_TEST(14),Shepherds Reign,Le Manu,shepherds reign::le manu,fear,1,Dataset1/DS1_VAL_MATCH/
fear_FEAR_TEST(15)-7-of-12,val,train,fear_FEAR_TEST(15),Slipknot,The Devil in I,slipknot::the devil in i,fear,1,Dataset1/DS1_VAL_MATCH/
fear_FEAR_TEST(19)-5-of-11,train,train,fear_FEAR_TEST(19),The HU,Wolf Totem,the hu::wolf totem,fear,1,Dataset1/DS1_TRAIN_MATCH/
fear_FEAR_TEST(19)-8-of-11,val,train,fear_FEAR_TEST(19),The HU,Wolf Totem,the hu::wolf totem,fear,1,Dataset1/DS1_VAL_MATCH/
fear_FEAR_TEST(4)-3-of-7,val,train,fear_FEAR_TEST(4),Butcher Babies,They're Coming to Take Me Away,butcher babies::they're coming to take me away,fear,1,Dataset1/DS1_VAL_MATCH/
fear_FEAR_TEST(4)-6-of-7,test,train,fear_FEAR_TEST(4),Butcher Babies,They're Coming to Take Me Away,butcher babies::they're coming to take me away,fear,1,Dataset1/DS1_TEST_MATCH/
fear_FEAR_TEST(6)-10-of-12,test,train,fear_FEAR_TEST(6),Death Decline,Useless Sacrifice,death decline::useless sacrifice,fear,1,Dataset1/DS1_TEST_MATCH/
fear_FINAL_DL(115)-8-of-8,test,train,fear_FINAL_DL(115),London Voices;Ozzy Osbourne,Straight to Hell,london voices;ozzy osbourne::straight to hell,fear,0,Dataset1/DS1_TEST_MATCH/
fear_FINAL_DL_Fear(0),val,train,fear_FINAL_DL_Fear(0),Nine Inch Nails,Head Like A Hole,nine inch nails::head like a hole,fear,1,Dataset1/DS1_VAL_MATCH/
fear_FINAL_DL_Fear(18),train,train,fear_FINAL_DL_Fear(18),Metallica,Until It Sleeps,metallica::until it sleeps,fear,1,Dataset1/DS1_TRAIN_MATCH/
fear_FINAL_DL_Fear(22),train,train,fear_FINAL_DL_Fear(22),Cradle Of Filth,From the Cradle to Enslave,cradle of filth::from the cradle to enslave,fear,1,Dataset1/DS1_TRAIN_MATCH/
fear_FINAL_DL_Fear(24),val,train,fear_FINAL_DL_Fear(24),Ансамбль Христа спасителя и мать сыра земля,Наши иконы самые красивые,ансамбль христа спасителя и мать сыра земля::наши иконы самые красивые,fear,0,Dataset1/DS1_VAL_MATCH/
fear_FINAL_DL_Fear(46),train,train,fear_FINAL_DL_Fear(46),Ozzy Osbourne,Bark at the Moon,ozzy osbourne::bark at the moon,fear,1,Dataset1/DS1_TRAIN_MATCH/
fear_FINAL_DL_Fear(47),train,train,fear_FINAL_DL_Fear(47),Rob Zombie,Dragula,rob zombie::dragula,fear,1,Dataset1/DS1_TRAIN_MATCH/
fear_FINAL_DL_Fear(49),train,train,fear_FINAL_DL_Fear(49),,,,fear,0,Dataset1/DS1_TRAIN_MATCH/
fear_FINAL_DL_Fear(52),train,train,fear_FINAL_DL_Fear(52),Marylin Manson,Sweet Dreams (Are Made Of This),marylin manson::sweet dreams (are made of this),fear,1,Dataset1/DS1_TRAIN_MATCH/
fear_FINAL_DL_Fear(53),train,train,fear_FINAL_DL_Fear(53),Yeah Yeah Yeahs,Y Control,yeah yeah yeahs::y control,fear,1,Dataset1/DS1_TRAIN_MATCH/
fear_FINAL_DL_Fear(54),train,train,fear_FINAL_DL_Fear(54),Yeah Yeah Yeahs,Y Control,yeah yeah yeahs::y control,fear,1,Dataset1/DS1_TRAIN_MATCH/
fear_FINAL_DL_Fear(73),val,train,fear_FINAL_DL_Fear(73),Thomas V. Warren,Aenima,thomas v. warren::aenima,fear,0,Dataset1/DS1_VAL_MATCH/
fear_FINAL_DL_Fear(74),train,train,fear_FINAL_DL_Fear(74),London Voices;Ozzy Osbourne,Straight to Hell,london voices;ozzy osbourne::straight to hell,fear,1,Dataset1/DS1_TRAIN_MATCH/
fear_FINAL_DL_Fear(77),test,train,fear_FINAL_DL_Fear(77),Nine Inch Nails,Head Like A Hole,nine inch nails::head like a hole,fear,1,Dataset1/DS1_TEST_MATCH/
fear_FINAL_DL_Fear(78),train,train,fear_FINAL_DL_Fear(78),Nine Inch Nails,Head Like A Hole,nine inch nails::head like a hole,fear,1,Dataset1/DS1_TRAIN_MATCH/
fear_FINAL_DL_Fear(79),train,train,fear_FINAL_DL_Fear(79),Nine Inch Nails,Head Like A Hole,nine inch nails::head like a hole,fear,1,Dataset1/DS1_TRAIN_MATCH/
fear_FINAL_DL_Fearr(0),train,train,fear_FINAL_DL_Fearr(0),,,,fear,0,Dataset1/DS1_TRAIN_MATCH/
fear_FINAL_DL_Fearr(1),train,train,fear_FINAL_DL_Fearr(1),,,,fear,0,Dataset1/DS1_TRAIN_MATCH/
fear_FINAL_DL_Fearr(11),train,train,fear_FINAL_DL_Fearr(11),,,,fear,0,Dataset1/DS1_TRAIN_MATCH/
fear_FINAL_DL_Fearr(17),train,train,fear_FINAL_DL_Fearr(17),Disturbed,Down with the Sickness,disturbed::down with the sickness,fear,1,Dataset1/DS1_TRAIN_MATCH/
fear_FINAL_DL_Fearr(19),train,train,fear_FINAL_DL_Fearr(19),Metallica,Fade To Black,metallica::fade to black,fear,1,Dataset1/DS1_TRAIN_MATCH/
fear_FINAL_DL_Fearr(21),train,train,fear_FINAL_DL_Fearr(21),,,,fear,0,Dataset1/DS1_TRAIN_MATCH/
fear_FINAL_DL_Fearr(27),train,train,fear_FINAL_DL_Fearr(27),,,,fear,0,Dataset1/DS1_TRAIN_MATCH/
fear_FINAL_DL_Fearr(3),train,train,fear_FINAL_DL_Fearr(3),Die Antwoord,I Fink U Freeky,die antwoord::i fink u freeky,fear,1,Dataset1/DS1_TRAIN_MATCH/
fear_FINAL_DL_Fearr(33),train,train,fear_FINAL_DL_Fearr(33),Primus,My Name Is Mud,primus::my name is mud,fear,1,Dataset1/DS1_TRAIN_MATCH/
fear_FINAL_DL_Fearr(34),train,train,fear_FINAL_DL_Fearr(34),Ozzy Osbourne,Under the Graveyard,ozzy osbourne::under the graveyard,fear,1,Dataset1/DS1_TRAIN_MATCH/
fear_FINAL_DL_Fearr(35),train,train,fear_FINAL_DL_Fearr(35),Ozzy Osbourne,Under the Graveyard,ozzy osbourne::under the graveyard,fear,1,Dataset1/DS1_TRAIN_MATCH/
fear_FINAL_DL_Fearr(37),train,train,fear_FINAL_DL_Fearr(37),Rammstein,Du hast,rammstein::du hast,fear,1,Dataset1/DS1_TRAIN_MATCH/
fear_FINAL_DL_Fearr(39),train,train,fear_FINAL_DL_Fearr(39),Disturbed,Down with the Sickness,disturbed::down with the sickness,fear,1,Dataset1/DS1_TRAIN_MATCH/
fear_FINAL_DL_Fearr(4),train,train,fear_FINAL_DL_Fearr(4),Die Antwoord,I Fink U Freeky,die antwoord::i fink u freeky,fear,1,Dataset1/DS1_TRAIN_MATCH/
fear_FINAL_DL_Fearr(41),train,train,fear_FINAL_DL_Fearr(41),Metallica,Fade To Black,metallica::fade to black,fear,1,Dataset1/DS1_TRAIN_MATCH/
fear_FINAL_DL_Fearr(43),train,train,fear_FINAL_DL_Fearr(43),Marylin Manson,Sweet Dreams (Are Made Of This),marylin manson::sweet dreams (are made of this),fear,1,Dataset1/DS1_TRAIN_MATCH/
fear_FINAL_DL_Fearr(44),val,train,fear_FINAL_DL_Fearr(44),DIR EN GREY,OBSCURE,dir en grey::obscure,fear,0,Dataset1/DS1_VAL_MATCH/
fear_FINAL_DL_Fearr(57),train,train,fear_FINAL_DL_Fearr(57),Marilyn Manson,The Beautiful People,marilyn manson::the beautiful people,fear,1,Dataset1/DS1_TRAIN_MATCH/
fear_FINAL_DL_Fearr(8),train,train,fear_FINAL_DL_Fearr(8),Watain,On Hornes Impaled,watain::on hornes impaled,fear,1,Dataset1/DS1_TRAIN_MATCH/
fear_FINAL_DL_Fearr(9),val,train,fear_FINAL_DL_Fearr(9),,,,fear,0,Dataset1/DS1_VAL_MATCH/
fear_FINAL_FEAR(10),train,train,fear_FINAL_FEAR(10),Michael Jackson,Thriller,michael jackson::thriller,fear,1,Dataset1/DS1_TRAIN_MATCH/
fear_FINAL_FEAR(16),train,train,fear_FINAL_FEAR(16),Ozzy Osbourne,Bark at the Moon,ozzy osbourne::bark at the moon,fear,1,Dataset1/DS1_TRAIN_MATCH/
fear_FINAL_FEAR(18),train,train,fear_FINAL_FEAR(18),Thomas V. Warren,Aenima,thomas v. warren::aenima,fear,0,Dataset1/DS1_TRAIN_MATCH/
fear_FINAL_FEAR(20),train,train,fear_FINAL_FEAR(20),Tool,Sober,tool::sober,fear,1,Dataset1/DS1_TRAIN_MATCH/
fear_FINAL_FEAR(21),train,train,fear_FINAL_FEAR(21),Tool,Sober,tool::sober,fear,1,Dataset1/DS1_TRAIN_MATCH/
fear_FINAL_FEAR(24),train,train,fear_FINAL_FEAR(24),DJ Mundial,Pop Songs World,dj mundial::pop songs world,fear,0,Dataset1/DS1_TRAIN_MATCH/
fear_FINAL_FEAR(25),train,train,fear_FINAL_FEAR(25),Disturbed,The Sound of Silence,disturbed::the sound of silence,fear,1,Dataset1/DS1_TRAIN_MATCH/
fear_FINAL_FEAR(26),train,train,fear_FINAL_FEAR(26),Disturbed,The Sound of Silence,disturbed::the sound of silence,fear,1,Dataset1/DS1_TRAIN_MATCH/
fear_FINAL_FEAR(4),train,train,fear_FINAL_FEAR(4),Godsmack,I Stand Alone,godsmack::i stand alone,fear,1,Dataset1/DS1_TRAIN_MATCH/
fear_FINAL_FEAR(6),train,train,fear_FINAL_FEAR(6),Evanescence,Going Under,evanescence::going under,fear,1,Dataset1/DS1_TRAIN_MATCH/
fear_FINAL_FEAR(7),train,train,fear_FINAL_FEAR(7),Skillet,Hero,skillet::hero,fear,1,Dataset1/DS1_TRAIN_MATCH/
fear_Fear_FINAL_DL(1),train,train,fear_Fear_FINAL_DL(1),Primus,My Name Is Mud,primus::my name is mud,fear,1,Dataset1/DS1_TRAIN_MATCH/
fear_Fear_FINAL_DL(22),val,train,fear_Fear_FINAL_DL(22),Get Scared,Suffer,get scared::suffer,fear,1,Dataset1/DS1_VAL_MATCH/
fear_Fear_FINAL_DL(23),train,train,fear_Fear_FINAL_DL(23),Get Scared,Suffer,get scared::suffer,fear,1,Dataset1/DS1_TRAIN_MATCH/
fear_Fear_FINAL_DL(24),train,train,fear_Fear_FINAL_DL(24),Get Scared,Suffer,get scared::suffer,fear,1,Dataset1/DS1_TRAIN_MATCH/
fear_Fear_FINAL_DL(4),train,train,fear_Fear_FINAL_DL(4),Skillet,Hero,skillet::hero,fear,1,Dataset1/DS1_TRAIN_MATCH/
fear_LLT_DL(0)-2-of-10,train,train,fear_LLT_DL(0),,,,fear,0,Dataset1/DS1_TRAIN_MATCH/
fear_LLT_DL(0)-6-of-10,train,train,fear_LLT_DL(0),Didker,Rivalry,didker::rivalry,fear,0,Dataset1/DS1_TRAIN_MATCH/
fear_LLT_DL(0)-7-of-10,train,train,fear_LLT_DL(0),DIDKER,Rivalry,didker::rivalry,fear,0,Dataset1/DS1_TRAIN_MATCH/
fear_LLT_DL(1)-2-of-7,val,train,fear_LLT_DL(1),SM Soundtrack Music,Eminem & 2Pac - Ivar The Boneless (2017) (Prod. by Sadikbeatz),sm soundtrack music::eminem & 2pac - ivar the boneless (2017) (prod. by sadikbeatz),fear,0,Dataset1/DS1_VAL_MATCH/
fear_LLT_DL(1)-4-of-7,train,train,fear_LLT_DL(1),SM Soundtrack Music,Eminem & 2Pac - Ivar The Boneless (2017) (Prod. by Sadikbeatz),sm soundtrack music::eminem & 2pac - ivar the boneless (2017) (prod. by sadikbeatz),fear,0,Dataset1/DS1_TRAIN_MATCH/
fear_LLT_DL(10)-2-of-10,train,train,fear_LLT_DL(10),Godsmack,Awake,godsmack::awake,fear,1,Dataset1/DS1_TRAIN_MATCH/
fear_LLT_DL(12)-2-of-7,train,train,fear_LLT_DL(12),Imagine Dragons,Thunder,imagine dragons::thunder,fear,1,Dataset1/DS1_TRAIN_MATCH/
fear_LLT_DL(12)-4-of-7,train,train,fear_LLT_DL(12),Imagine Dragons,Thunder,imagine dragons::thunder,fear,1,Dataset1/DS1_TRAIN_MATCH/
fear_LLT_DL(2)-4-of-12,train,train,fear_LLT_DL(2),Manowar,Warriors of the World United,manowar::warriors of the world united,fear,1,Dataset1/DS1_TRAIN_MATCH/
fear_LLT_DL(2)-8-of-12,val,train,fear_LLT_DL(2),Manowar,Warriors of the World United,manowar::warriors of the world united,fear,1,Dataset1/DS1_VAL_MATCH/
fear_LLT_DL(7)-4-of-8,train,train,fear_LLT_DL(7),ONE OK ROCK,Taking Off,one ok rock::taking off,fear,1,Dataset1/DS1_TRAIN_MATCH/
fear_LLT_DL(7)-7-of-8,train,train,fear_LLT_DL(7),ONE OK ROCK,Taking Off,one ok rock::taking off,fear,1,Dataset1/DS1_TRAIN_MATCH/
fear_LLT_DL(8)-2-of-9,train,train,fear_LLT_DL(8),AC/DC,Hard as a Rock,ac/dc::hard as a rock,fear,1,Dataset1/DS1_TRAIN_MATCH/
fear_LLT_DL(8)-5-of-9,train,train,fear_LLT_DL(8),AC/DC,Hard as a Rock,ac/dc::hard as a rock,fear,1,Dataset1/DS1_TRAIN_MATCH/
fear_LLT_DL(9)-3-of-6,train,train,fear_LLT_DL(9),Gary Glitter,Rock And Roll (Part 1),gary glitter::rock and roll (part 1),fear,1,Dataset1/DS1_TRAIN_MATCH/
fear_LLT_DL(9)-5-of-6,train,train,fear_LLT_DL(9),Gary Glitter,Rock And Roll (Part 1),gary glitter::rock and roll (part 1),fear,1,Dataset1/DS1_TRAIN_MATCH/
fear_LLT_FEAR(10)-2-of-9,val,train,fear_LLT_FEAR(10),Venom Prison,Usurper of the Throne,venom prison::usurper of the throne,fear,0,Dataset1/DS1_VAL_MATCH/
fear_LLT_FEAR(10)-6-of-9,train,train,fear_LLT_FEAR(10),Venom Prison,Usurper of the Throne,venom prison::usurper of the throne,fear,0,Dataset1/DS1_TRAIN_MATCH/
fear_LLT_FEAR(11)-7-of-8,train,train,fear_LLT_FEAR(11),LINKIN PARK,BURN IT DOWN,linkin park::burn it down,fear,1,Dataset1/DS1_TRAIN_MATCH/
fear_LLT_FEAR(3)-2-of-8,train,train,fear_LLT_FEAR(3),ONE OK ROCK,Cry Out,one ok rock::cry out,fear,1,Dataset1/DS1_TRAIN_MATCH/
fear_LLT_FEAR(3)-5-of-8,train,train,fear_LLT_FEAR(3),ONE OK ROCK,Cry Out,one ok rock::cry out,fear,1,Dataset1/DS1_TRAIN_MATCH/
fear_LLT_HRR(18),train,train,fear_LLT_HRR(18),Nine Inch Nails,The Perfect Drug,nine inch nails::the perfect drug,fear,1,Dataset1/DS1_TRAIN_MATCH/
fear_LLT_HRR(19),train,train,fear_LLT_HRR(19),Nine Inch Nails,The Perfect Drug,nine inch nails::the perfect drug,fear,1,Dataset1/DS1_TRAIN_MATCH/
fear_LLT_HRR(21),train,train,fear_LLT_HRR(21),The Prodigy,Breathe (Edit),the prodigy::breathe (edit),fear,1,Dataset1/DS1_TRAIN_MATCH/
fear_LLT_HRR(22),train,train,fear_LLT_HRR(22),The Prodigy,Breathe (Edit),the prodigy::breathe (edit),fear,1,Dataset1/DS1_TRAIN_MATCH/
fear_LLT_HRR(25),train,train,fear_LLT_HRR(25),Queens of the Stone Age,Burn The Witch,queens of the stone age::burn the witch,fear,1,Dataset1/DS1_TRAIN_MATCH/
fear_LLT_HRR(30),train,train,fear_LLT_HRR(30),Metallica,For Whom The Bell Tolls,metallica::for whom the bell tolls,fear,1,Dataset1/DS1_TRAIN_MATCH/
fear_LLT_HRR(31),train,train,fear_LLT_HRR(31),Marilyn Manson,This Is The New Shit,marilyn manson::this is the new shit,fear,1,Dataset1/DS1_TRAIN_MATCH/
fear_LLT_HRR(32),train,train,fear_LLT_HRR(32),Marilyn Manson,This Is The New Shit,marilyn manson::this is the new shit,fear,1,Dataset1/DS1_TRAIN_MATCH/
fear_LLT_HRR(33),test,train,fear_LLT_HRR(33),Marilyn Manson,This Is The New Shit,marilyn manson::this is the new shit,fear,1,Dataset1/DS1_TEST_MATCH/
fear_LLT_HRR(41),train,train,fear_LLT_HRR(41),Mushroomhead,Save Us,mushroomhead::save us,fear,1,Dataset1/DS1_TRAIN_MATCH/
fear_LLT_HRR(42),train,train,fear_LLT_HRR(42),Mushroomhead,Save Us,mushroomhead::save us,fear,0,Dataset1/DS1_TRAIN_MATCH/
fear_LLT_HRR(7),train,train,fear_LLT_HRR(7),Mushroomhead,Your Soul Is Mine,mushroomhead::your soul is mine,fear,1,Dataset1/DS1_TRAIN_MATCH/
fear_LLT_HRR(9),train,train,fear_LLT_HRR(9),Gruesome,Dimensions of Horror,gruesome::dimensions of horror,fear,1,Dataset1/DS1_TRAIN_MATCH/
fear_LLT_HRR_MO(0),train,train,fear_LLT_HRR_MO(0),,,,fear,0,Dataset1/DS1_TRAIN_MATCH/
fear_LLT_HRR_MO(1),train,train,fear_LLT_HRR_MO(1),,,,fear,0,Dataset1/DS1_TRAIN_MATCH/
fear_LLT_HRR_MR(4),train,train,fear_LLT_HRR_MR(4),The Prodigy,Breathe (Edit),the prodigy::breathe (edit),fear,1,Dataset1/DS1_TRAIN_MATCH/
fear_LLT_HRR_MR(6),train,train,fear_LLT_HRR_MR(6),Metallica,For Whom The Bell Tolls,metallica::for whom the bell tolls,fear,1,Dataset1/DS1_TRAIN_MATCH/
fear_LLT_TENS(4)-4-of-14,train,train,fear_LLT_TENS(4),2Pac,California Love,2pac::california love,fear,1,Dataset1/DS1_TRAIN_MATCH/
fear_LLT_TENS(4)-6-of-14,train,train,fear_LLT_TENS(4),2Pac,California Love,2pac::california love,fear,1,Dataset1/DS1_TRAIN_MATCH/
fear_ORG_FEAR(1),train,train,fear_ORG_FEAR(1),Cradle of Filth,Scorched Earth Erotica,cradle of filth::scorched earth erotica,fear,1,Dataset1/DS1_TRAIN_MATCH/
fear_ORG_FEAR(100),val,train,fear_ORG_FEAR(100),Hawk Eyes,"I Hate This,Do You Like It?","hawk eyes::i hate this,do you like it?",fear,0,Dataset1/DS1_VAL_MATCH/
fear_ORG_FEAR(101),train,train,fear_ORG_FEAR(101),Drowning Pool,Killin' Me,drowning pool::killin' me,fear,1,Dataset1/DS1_TRAIN_MATCH/
fear_ORG_FEAR(102),train,train,fear_ORG_FEAR(102),Korn,Here to Stay,korn::here to stay,fear,1,Dataset1/DS1_TRAIN_MATCH/
fear_ORG_FEAR(103),train,train,fear_ORG_FEAR(103),Korn,Here to Stay,korn::here to stay,fear,1,Dataset1/DS1_TRAIN_MATCH/
fear_ORG_FEAR(104),train,train,fear_ORG_FEAR(104),Disturbed,Perfect Insanity,disturbed::perfect insanity,fear,1,Dataset1/DS1_TRAIN_MATCH/
fear_ORG_FEAR(105),train,train,fear_ORG_FEAR(105),Korn,Here to Stay,korn::here to stay,fear,1,Dataset1/DS1_TRAIN_MATCH/
fear_ORG_FEAR(112),train,train,fear_ORG_FEAR(112),Godsmack,I Stand Alone,godsmack::i stand alone,fear,1,Dataset1/DS1_TRAIN_MATCH/
fear_ORG_FEAR(113),val,train,fear_ORG_FEAR(113),Michael Jackson,Thriller,michael jackson::thriller,fear,1,Dataset1/DS1_VAL_MATCH/
fear_ORG_FEAR(118),train,train,fear_ORG_FEAR(118),Oomph!,Sandmann,oomph!::sandmann,fear,1,Dataset1/DS1_TRAIN_MATCH/
fear_ORG_FEAR(12),train,train,fear_ORG_FEAR(12),Marilyn Manson,The Beautiful People,marilyn manson::the beautiful people,fear,1,Dataset1/DS1_TRAIN_MATCH/
fear_ORG_FEAR(120),train,train,fear_ORG_FEAR(120),Oomph!,Sandmann,oomph!::sandmann,fear,1,Dataset1/DS1_TRAIN_MATCH/
fear_ORG_FEAR(131),val,train,fear_ORG_FEAR(131),Takida,The Fear,takida::the fear,fear,0,Dataset1/DS1_VAL_MATCH/
fear_ORG_FEAR(135),train,train,fear_ORG_FEAR(135),DIR EN GREY,OBSCURE,dir en grey::obscure,fear,1,Dataset1/DS1_TRAIN_MATCH/
fear_ORG_FEAR(138),train,train,fear_ORG_FEAR(138),Aesop Rock,Coffee (Main),aesop rock::coffee (main),fear,0,Dataset1/DS1_TRAIN_MATCH/
fear_ORG_FEAR(139),test,train,fear_ORG_FEAR(139),Aesop Rock,Coffee (Main),aesop rock::coffee (main),fear,0,Dataset1/DS1_TEST_MATCH/
fear_ORG_FEAR(14),val,train,fear_ORG_FEAR(14),Marilyn Manson,The Beautiful People,marilyn manson::the beautiful people,fear,1,Dataset1/DS1_VAL_MATCH/
fear_ORG_FEAR(143),train,train,fear_ORG_FEAR(143),Aesop Rock,Coffee (Main),aesop rock::coffee (main),fear,0,Dataset1/DS1_TRAIN_MATCH/
fear_ORG_FEAR(147),val,train,fear_ORG_FEAR(147),Motionless In White,Creatures,motionless in white::creatures,fear,1,Dataset1/DS1_VAL_MATCH/
fear_ORG_FEAR(148),train,train,fear_ORG_FEAR(148),Fable Cry,Dead or Alive (For Now),fable cry::dead or alive (for now),fear,0,Dataset1/DS1_TRAIN_MATCH/
fear_ORG_FEAR(149),train,train,fear_ORG_FEAR(149),Motionless In White,Creatures,motionless in white::creatures,fear,1,Dataset1/DS1_TRAIN_MATCH/
fear_ORG_FEAR(150),train,train,fear_ORG_FEAR(150),Fable Cry,Dead or Alive (For Now),fable cry::dead or alive (for now),fear,0,Dataset1/DS1_TRAIN_MATCH/
fear_ORG_FEAR(152),train,train,fear_ORG_FEAR(152),Panic! At The Disco,Emperor's New Clothes,panic! at the disco::emperor's new clothes,fear,1,Dataset1/DS1_TRAIN_MATCH/
fear_ORG_FEAR(153),train,train,fear_ORG_FEAR(153),Panic! At The Disco,Emperor's New Clothes,panic! at the disco::emperor's new clothes,fear,1,Dataset1/DS1_TRAIN_MATCH/
fear_ORG_FEAR(155),train,train,fear_ORG_FEAR(155),Panic! At The Disco,Emperor's New Clothes,panic! at the disco::emperor's new clothes,fear,1,Dataset1/DS1_TRAIN_MATCH/
fear_ORG_FEAR(156),train,train,fear_ORG_FEAR(156),Panic! At The Disco,Emperor's New Clothes,panic! at the disco::emperor's new clothes,fear,1,Dataset1/DS1_TRAIN_MATCH/
fear_ORG_FEAR(16),train,train,fear_ORG_FEAR(16),Cradle of Filth,Scorched Earth Erotica,cradle of filth::scorched earth erotica,fear,1,Dataset1/DS1_TRAIN_MATCH/
fear_ORG_FEAR(162),train,train,fear_ORG_FEAR(162),Misfits,Scream,misfits::scream,fear,1,Dataset1/DS1_TRAIN_MATCH/
fear_ORG_FEAR(163),train,train,fear_ORG_FEAR(163),Misfits,Scream,misfits::scream,fear,1,Dataset1/DS1_TRAIN_MATCH/
fear_ORG_FEAR(17),train,train,fear_ORG_FEAR(17),Cradle of Filth,Scorched Earth Erotica,cradle of filth::scorched earth erotica,fear,1,Dataset1/DS1_TRAIN_MATCH/
fear_ORG_FEAR(170),train,train,fear_ORG_FEAR(170),Godsmack,Voodoo,godsmack::voodoo,fear,0,Dataset1/DS1_TRAIN_MATCH/
fear_ORG_FEAR(171),train,train,fear_ORG_FEAR(171),Godsmack,Voodoo,godsmack::voodoo,fear,0,Dataset1/DS1_TRAIN_MATCH/
fear_ORG_FEAR(172),val,train,fear_ORG_FEAR(172),Godsmack,Voodoo,godsmack::voodoo,fear,0,Dataset1/DS1_VAL_MATCH/
fear_ORG_FEAR(173),train,train,fear_ORG_FEAR(173),Godsmack,Voodoo,godsmack::voodoo,fear,0,Dataset1/DS1_TRAIN_MATCH/
fear_ORG_FEAR(175),train,train,fear_ORG_FEAR(175),Godsmack,Voodoo,godsmack::voodoo,fear,0,Dataset1/DS1_TRAIN_MATCH/
fear_ORG_FEAR(176),train,train,fear_ORG_FEAR(176),Marilyn Manson,Tourniquet,marilyn manson::tourniquet,fear,1,Dataset1/DS1_TRAIN_MATCH/
fear_ORG_FEAR(178),train,train,fear_ORG_FEAR(178),Marilyn Manson,Tourniquet,marilyn manson::tourniquet,fear,1,Dataset1/DS1_TRAIN_MATCH/
fear_ORG_FEAR(179),train,train,fear_ORG_FEAR(179),Marilyn Manson,Tourniquet,marilyn manson::tourniquet,fear,1,Dataset1/DS1_TRAIN_MATCH/
fear_ORG_FEAR(18),train,train,fear_ORG_FEAR(18),Deicide,Homage For Satan,deicide::homage for satan,fear,1,Dataset1/DS1_TRAIN_MATCH/
fear_ORG_FEAR(180),train,train,fear_ORG_FEAR(180),Marilyn Manson,Tourniquet,marilyn manson::tourniquet,fear,1,Dataset1/DS1_TRAIN_MATCH/
fear_ORG_FEAR(181),train,train,fear_ORG_FEAR(181),Marilyn Manson,Tourniquet,marilyn manson::tourniquet,fear,1,Dataset1/DS1_TRAIN_MATCH/
fear_ORG_FEAR(182),train,train,fear_ORG_FEAR(182),Marilyn Manson,Tourniquet,marilyn manson::tourniquet,fear,1,Dataset1/DS1_TRAIN_MATCH/
fear_ORG_FEAR(19),train,train,fear_ORG_FEAR(19),Deicide,Homage For Satan,deicide::homage for satan,fear,1,Dataset1/DS1_TRAIN_MATCH/
fear_ORG_FEAR(190),train,train,fear_ORG_FEAR(190),Green Day,21 Guns,green day::21 guns,fear,1,Dataset1/DS1_TRAIN_MATCH/
fear_ORG_FEAR(192),train,train,fear_ORG_FEAR(192),Hawk Eyes,"I Hate This,Do You Like It?","hawk eyes::i hate this,do you like it?",fear,0,Dataset1/DS1_TRAIN_MATCH/
fear_ORG_FEAR(194),train,train,fear_ORG_FEAR(194),Hawk Eyes,"I Hate This,Do You Like It?","hawk eyes::i hate this,do you like it?",fear,0,Dataset1/DS1_TRAIN_MATCH/
fear_ORG_FEAR(195),train,train,fear_ORG_FEAR(195),Hawk Eyes,"I Hate This,Do You Like It?","hawk eyes::i hate this,do you like it?",fear,0,Dataset1/DS1_TRAIN_MATCH/
fear_ORG_FEAR(197),train,train,fear_ORG_FEAR(197),Phantom Planet,Big Brat,phantom planet::big brat,fear,1,Dataset1/DS1_TRAIN_MATCH/
fear_ORG_FEAR(199),train,train,fear_ORG_FEAR(199),Phantom Planet,Big Brat,phantom planet::big brat,fear,1,Dataset1/DS1_TRAIN_MATCH/
fear_ORG_FEAR(202),train,train,fear_ORG_FEAR(202),,,,fear,0,Dataset1/DS1_TRAIN_MATCH/
fear_ORG_FEAR(203),train,train,fear_ORG_FEAR(203),,,,fear,0,Dataset1/DS1_TRAIN_MATCH/
fear_ORG_FEAR(204),train,train,fear_ORG_FEAR(204),,,,fear,0,Dataset1/DS1_TRAIN_MATCH/
fear_ORG_FEAR(205),train,train,fear_ORG_FEAR(205),,,,fear,0,Dataset1/DS1_TRAIN_MATCH/
fear_ORG_FEAR(207),train,train,fear_ORG_FEAR(207),,,,fear,0,Dataset1/DS1_TRAIN_MATCH/
fear_ORG_FEAR(208),train,train,fear_ORG_FEAR(208),,,,fear,0,Dataset1/DS1_TRAIN_MATCH/
fear_ORG_FEAR(210),train,train,fear_ORG_FEAR(210),,,,fear,0,Dataset1/DS1_TRAIN_MATCH/
fear_ORG_FEAR(215),train,train,fear_ORG_FEAR(215),Nine Inch Nails,Closer,nine inch nails::closer,fear,1,Dataset1/DS1_TRAIN_MATCH/
fear_ORG_FEAR(217),train,train,fear_ORG_FEAR(217),Cradle Of Filth,From the Cradle to Enslave,cradle of filth::from the cradle to enslave,fear,1,Dataset1/DS1_TRAIN_MATCH/
fear_ORG_FEAR(218),train,train,fear_ORG_FEAR(218),Cradle Of Filth,From the Cradle to Enslave,cradle of filth::from the cradle to enslave,fear,1,Dataset1/DS1_TRAIN_MATCH/
fear_ORG_FEAR(220),train,train,fear_ORG_FEAR(220),Cradle Of Filth,From the Cradle to Enslave,cradle of filth::from the cradle to enslave,fear,1,Dataset1/DS1_TRAIN_MATCH/
fear_ORG_FEAR(221),train,train,fear_ORG_FEAR(221),Cradle Of Filth,From the Cradle to Enslave,cradle of filth::from the cradle to enslave,fear,1,Dataset1/DS1_TRAIN_MATCH/
fear_ORG_FEAR(222),train,train,fear_ORG_FEAR(222),Cradle Of Filth,From the Cradle to Enslave,cradle of filth::from the cradle to enslave,fear,1,Dataset1/DS1_TRAIN_MATCH/
fear_ORG_FEAR(230),train,train,fear_ORG_FEAR(230),Oingo Boingo,Insanity,oingo boingo::insanity,fear,0,Dataset1/DS1_TRAIN_MATCH/
fear_ORG_FEAR(232),train,train,fear_ORG_FEAR(232),Oingo Boingo,Insanity,oingo boingo::insanity,fear,0,Dataset1/DS1_TRAIN_MATCH/
fear_ORG_FEAR(234),train,train,fear_ORG_FEAR(234),Oingo Boingo,Insanity,oingo boingo::insanity,fear,0,Dataset1/DS1_TRAIN_MATCH/
fear_ORG_FEAR(238),val,train,fear_ORG_FEAR(238),Cannibal Corpse,Kill or Become,cannibal corpse::kill or become,fear,1,Dataset1/DS1_VAL_MATCH/
fear_ORG_FEAR(24),train,train,fear_ORG_FEAR(24),Mortemia,The One I Once Was,mortemia::the one i once was,fear,0,Dataset1/DS1_TRAIN_MATCH/
fear_ORG_FEAR(240),train,train,fear_ORG_FEAR(240),Cannibal Corpse,Kill or Become,cannibal corpse::kill or become,fear,1,Dataset1/DS1_TRAIN_MATCH/
fear_ORG_FEAR(242),train,train,fear_ORG_FEAR(242),Coal Chamber,Loco,coal chamber::loco,fear,1,Dataset1/DS1_TRAIN_MATCH/
fear_ORG_FEAR(243),train,train,fear_ORG_FEAR(243),Coal Chamber,Loco,coal chamber::loco,fear,1,Dataset1/DS1_TRAIN_MATCH/
fear_ORG_FEAR(244),train,train,fear_ORG_FEAR(244),Coal Chamber,Loco,coal chamber::loco,fear,1,Dataset1/DS1_TRAIN_MATCH/
fear_ORG_FEAR(245),train,train,fear_ORG_FEAR(245),Coal Chamber,Loco,coal chamber::loco,fear,1,Dataset1/DS1_TRAIN_MATCH/
fear_ORG_FEAR(246),train,train,fear_ORG_FEAR(246),Coal Chamber,Loco,coal chamber::loco,fear,1,Dataset1/DS1_TRAIN_MATCH/
fear_ORG_FEAR(248),train,train,fear_ORG_FEAR(248),Three Days Grace,Scared,three days grace::scared,fear,1,Dataset1/DS1_TRAIN_MATCH/
fear_ORG_FEAR(249),train,train,fear_ORG_FEAR(249),Papa Roach,Getting Away With Murder,papa roach::getting away with murder,fear,1,Dataset1/DS1_TRAIN_MATCH/
fear_ORG_FEAR(250),train,train,fear_ORG_FEAR(250),Disturbed,Down with the Sickness,disturbed::down with the sickness,fear,1,Dataset1/DS1_TRAIN_MATCH/
fear_ORG_FEAR(251),train,train,fear_ORG_FEAR(251),Disturbed,Down with the Sickness,disturbed::down with the sickness,fear,1,Dataset1/DS1_TRAIN_MATCH/
fear_ORG_FEAR(252),train,train,fear_ORG_FEAR(252),Disturbed,Down with the Sickness,disturbed::down with the sickness,fear,1,Dataset1/DS1_TRAIN_MATCH/
fear_ORG_FEAR(254),train,train,fear_ORG_FEAR(254),Disturbed,Down with the Sickness,disturbed::down with the sickness,fear,1,Dataset1/DS1_TRAIN_MATCH/
fear_ORG_FEAR(256),train,train,fear_ORG_FEAR(256),Disturbed,Down with the Sickness,disturbed::down with the sickness,fear,1,Dataset1/DS1_TRAIN_MATCH/
fear_ORG_FEAR(257),train,train,fear_ORG_FEAR(257),Disturbed,Down with the Sickness,disturbed::down with the sickness,fear,1,Dataset1/DS1_TRAIN_MATCH/
fear_ORG_FEAR(260),val,train,fear_ORG_FEAR(260),Drowning Pool,Killin' Me,drowning pool::killin' me,fear,1,Dataset1/DS1_VAL_MATCH/
fear_ORG_FEAR(262),test,train,fear_ORG_FEAR(262),Drowning Pool,Killin' Me,drowning pool::killin' me,fear,0,Dataset1/DS1_TEST_MATCH/
fear_ORG_FEAR(264),train,train,fear_ORG_FEAR(264),Korn,Here to Stay,korn::here to stay,fear,1,Dataset1/DS1_TRAIN_MATCH/
fear_ORG_FEAR(266),train,train,fear_ORG_FEAR(266),Korn,Here to Stay,korn::here to stay,fear,1,Dataset1/DS1_TRAIN_MATCH/
fear_ORG_FEAR(267),train,train,fear_ORG_FEAR(267),Korn,Here to Stay,korn::here to stay,fear,1,Dataset1/DS1_TRAIN_MATCH/
fear_ORG_FEAR(271),train,train,fear_ORG_FEAR(271),DED,Dead To Me,ded::dead to me,fear,1,Dataset1/DS1_TRAIN_MATCH/
fear_ORG_FEAR(273),val,train,fear_ORG_FEAR(273),DED,Dead To Me,ded::dead to me,fear,1,Dataset1/DS1_VAL_MATCH/
fear_ORG_FEAR(274),train,train,fear_ORG_FEAR(274),DED,Dead To Me,ded::dead to me,fear,1,Dataset1/DS1_TRAIN_MATCH/
fear_ORG_FEAR(276),train,train,fear_ORG_FEAR(276),Disturbed,Perfect Insanity,disturbed::perfect insanity,fear,1,Dataset1/DS1_TRAIN_MATCH/
fear_ORG_FEAR(279),train,train,fear_ORG_FEAR(279),Disturbed,Perfect Insanity,disturbed::perfect insanity,fear,1,Dataset1/DS1_TRAIN_MATCH/
fear_ORG_FEAR(283),train,train,fear_ORG_FEAR(283),Skrillex,Kill EVERYBODY (Bare Noize Remix),skrillex::kill everybody (bare noize remix),fear,1,Dataset1/DS1_TRAIN_MATCH/
fear_ORG_FEAR(285),train,train,fear_ORG_FEAR(285),Tobacco,Streaker (feat. Notrabel),tobacco::streaker (feat. notrabel),fear,0,Dataset1/DS1_TRAIN_MATCH/
fear_ORG_FEAR(289),train,train,fear_ORG_FEAR(289),Drowning Pool,Bodies,drowning pool::bodies,fear,1,Dataset1/DS1_TRAIN_MATCH/
fear_ORG_FEAR(29),train,train,fear_ORG_FEAR(29),Cradle of Filth,Scorched Earth Erotica,cradle of filth::scorched earth erotica,fear,1,Dataset1/DS1_TRAIN_MATCH/
fear_ORG_FEAR(290),train,train,fear_ORG_FEAR(290),Drowning Pool,Bodies,drowning pool::bodies,fear,1,Dataset1/DS1_TRAIN_MATCH/
fear_ORG_FEAR(291),train,train,fear_ORG_FEAR(291),Drowning Pool,Bodies,drowning pool::bodies,fear,1,Dataset1/DS1_TRAIN_MATCH/
fear_ORG_FEAR(293),train,train,fear_ORG_FEAR(293),Motionless In White,Necessary Evil (feat. Jonathan Davis),motionless in white::necessary evil (feat. jonathan davis),fear,1,Dataset1/DS1_TRAIN_MATCH/
fear_ORG_FEAR(294),test,train,fear_ORG_FEAR(294),Motionless In White,Necessary Evil (feat. Jonathan Davis),motionless in white::necessary evil (feat. jonathan davis),fear,1,Dataset1/DS1_TEST_MATCH/
fear_ORG_FEAR(296),train,train,fear_ORG_FEAR(296),Motionless In White,Necessary Evil (feat. Jonathan Davis),motionless in white::necessary evil (feat. jonathan davis),fear,1,Dataset1/DS1_TRAIN_MATCH/
fear_ORG_FEAR(298),train,train,fear_ORG_FEAR(298),Papa Roach,Getting Away With Murder,papa roach::getting away with murder,fear,1,Dataset1/DS1_TRAIN_MATCH/
fear_ORG_FEAR(299),train,train,fear_ORG_FEAR(299),Papa Roach,Getting Away With Murder,papa roach::getting away with murder,fear,1,Dataset1/DS1_TRAIN_MATCH/
fear_ORG_FEAR(30),train,train,fear_ORG_FEAR(30),Cradle of Filth,Scorched Earth Erotica,cradle of filth::scorched earth erotica,fear,1,Dataset1/DS1_TRAIN_MATCH/
fear_ORG_FEAR(302),train,train,fear_ORG_FEAR(302),Three Days Grace,Scared,three days grace::scared,fear,1,Dataset1/DS1_TRAIN_MATCH/
fear_ORG_FEAR(304),train,train,fear_ORG_FEAR(304),Three Days Grace,Scared,three days grace::scared,fear,1,Dataset1/DS1_TRAIN_MATCH/
fear_ORG_FEAR(307),train,train,fear_ORG_FEAR(307),Drowning Pool,Sermon,drowning pool::sermon,fear,0,Dataset1/DS1_TRAIN_MATCH/
fear_ORG_FEAR(308),train,train,fear_ORG_FEAR(308),Drowning Pool,Sermon,drowning pool::sermon,fear,0,Dataset1/DS1_TRAIN_MATCH/
fear_ORG_FEAR(309),train,train,fear_ORG_FEAR(309),Drowning Pool,Sermon,drowning pool::sermon,fear,0,Dataset1/DS1_TRAIN_MATCH/
fear_ORG_FEAR(314),train,train,fear_ORG_FEAR(314),Disturbed,Down with the Sickness,disturbed::down with the sickness,fear,1,Dataset1/DS1_TRAIN_MATCH/
fear_ORG_FEAR(316),train,train,fear_ORG_FEAR(316),Disturbed,Down with the Sickness,disturbed::down with the sickness,fear,1,Dataset1/DS1_TRAIN_MATCH/
fear_ORG_FEAR(317),train,train,fear_ORG_FEAR(317),Disturbed,Down with the Sickness,disturbed::down with the sickness,fear,1,Dataset1/DS1_TRAIN_MATCH/
fear_ORG_FEAR(318),train,train,fear_ORG_FEAR(318),Disturbed,Down with the Sickness,disturbed::down with the sickness,fear,1,Dataset1/DS1_TRAIN_MATCH/
fear_ORG_FEAR(320),val,train,fear_ORG_FEAR(320),Disturbed,Down with the Sickness,disturbed::down with the sickness,fear,1,Dataset1/DS1_VAL_MATCH/
fear_ORG_FEAR(321),train,train,fear_ORG_FEAR(321),Disturbed,Down with the Sickness,disturbed::down with the sickness,fear,1,Dataset1/DS1_TRAIN_MATCH/
fear_ORG_FEAR(322),train,train,fear_ORG_FEAR(322),Disturbed,Conflict,disturbed::conflict,fear,1,Dataset1/DS1_TRAIN_MATCH/
fear_ORG_FEAR(324),train,train,fear_ORG_FEAR(324),Disturbed,Conflict,disturbed::conflict,fear,1,Dataset1/DS1_TRAIN_MATCH/
fear_ORG_FEAR(327),train,train,fear_ORG_FEAR(327),Disturbed,Conflict,disturbed::conflict,fear,1,Dataset1/DS1_TRAIN_MATCH/
fear_ORG_FEAR(328),train,train,fear_ORG_FEAR(328),Disturbed,Conflict,disturbed::conflict,fear,1,Dataset1/DS1_TRAIN_MATCH/
fear_ORG_FEAR(331),train,train,fear_ORG_FEAR(331),Tobacco,Streaker (feat. Notrabel),tobacco::streaker (feat. notrabel),fear,0,Dataset1/DS1_TRAIN_MATCH/
fear_ORG_FEAR(333),train,train,fear_ORG_FEAR(333),Motionless In White,Necessary Evil (feat. Jonathan Davis),motionless in white::necessary evil (feat. jonathan davis),fear,1,Dataset1/DS1_TRAIN_MATCH/
fear_ORG_FEAR(337),train,train,fear_ORG_FEAR(337),Djay7k,Blindness,djay7k::blindness,fear,0,Dataset1/DS1_TRAIN_MATCH/
fear_ORG_FEAR(34),train,train,fear_ORG_FEAR(34),Smashing Pumpkins,Bullet With Butterfly Wings,smashing pumpkins::bullet with butterfly wings,fear,1,Dataset1/DS1_TRAIN_MATCH/
fear_ORG_FEAR(340),train,train,fear_ORG_FEAR(340),Metallica,Hardwired,metallica::hardwired,fear,0,Dataset1/DS1_TRAIN_MATCH/
fear_ORG_FEAR(341),train,train,fear_ORG_FEAR(341),Metallica,Hardwired,metallica::hardwired,fear,0,Dataset1/DS1_TRAIN_MATCH/
fear_ORG_FEAR(342),train,train,fear_ORG_FEAR(342),,,,fear,0,Dataset1/DS1_TRAIN_MATCH/
fear_ORG_FEAR(343),train,train,fear_ORG_FEAR(343),,,,fear,0,Dataset1/DS1_TRAIN_MATCH/
fear_ORG_FEAR(344),train,train,fear_ORG_FEAR(344),Tool,Sober,tool::sober,fear,1,Dataset1/DS1_TRAIN_MATCH/
fear_ORG_FEAR(345),train,train,fear_ORG_FEAR(345),Tool,Sober,tool::sober,fear,1,Dataset1/DS1_TRAIN_MATCH/
fear_ORG_FEAR(346),train,train,fear_ORG_FEAR(346),Tool,Sober,tool::sober,fear,1,Dataset1/DS1_TRAIN_MATCH/
fear_ORG_FEAR(348),train,train,fear_ORG_FEAR(348),Kvelertak,Månelyst,kvelertak::månelyst,fear,0,Dataset1/DS1_TRAIN_MATCH/
fear_ORG_FEAR(349),train,train,fear_ORG_FEAR(349),Kvelertak,Månelyst,kvelertak::månelyst,fear,0,Dataset1/DS1_TRAIN_MATCH/
fear_ORG_FEAR(350),val,train,fear_ORG_FEAR(350),Kvelertak,Månelyst,kvelertak::månelyst,fear,0,Dataset1/DS1_VAL_MATCH/
fear_ORG_FEAR(351),train,train,fear_ORG_FEAR(351),Kvelertak,Månelyst,kvelertak::månelyst,fear,0,Dataset1/DS1_TRAIN_MATCH/
fear_ORG_FEAR(352),train,train,fear_ORG_FEAR(352),Kvelertak,Månelyst,kvelertak::månelyst,fear,0,Dataset1/DS1_TRAIN_MATCH/
fear_ORG_FEAR(354),train,train,fear_ORG_FEAR(354),Metallica,Until It Sleeps,metallica::until it sleeps,fear,1,Dataset1/DS1_TRAIN_MATCH/
fear_ORG_FEAR(355),train,train,fear_ORG_FEAR(355),Metallica,Until It Sleeps,metallica::until it sleeps,fear,1,Dataset1/DS1_TRAIN_MATCH/
fear_ORG_FEAR(36),train,train,fear_ORG_FEAR(36),Deicide,Homage For Satan,deicide::homage for satan,fear,1,Dataset1/DS1_TRAIN_MATCH/
fear_ORG_FEAR(360),train,train,fear_ORG_FEAR(360),Bliss n Eso,Believe (feat. Mario),bliss n eso::believe (feat. mario),fear,1,Dataset1/DS1_TRAIN_MATCH/
fear_ORG_FEAR(361),train,train,fear_ORG_FEAR(361),Smashing Pumpkins,Bullet With Butterfly Wings,smashing pumpkins::bullet with butterfly wings,fear,1,Dataset1/DS1_TRAIN_MATCH/
fear_ORG_FEAR(37),val,train,fear_ORG_FEAR(37),Deicide,Homage For Satan,deicide::homage for satan,fear,1,Dataset1/DS1_VAL_MATCH/
fear_ORG_FEAR(4),train,train,fear_ORG_FEAR(4),Cradle of Filth,Scorched Earth Erotica,cradle of filth::scorched earth erotica,fear,1,Dataset1/DS1_TRAIN_MATCH/
fear_ORG_FEAR(40),train,train,fear_ORG_FEAR(40),Marylin Manson,Sweet Dreams (Are Made Of This),marylin manson::sweet dreams (are made of this),fear,1,Dataset1/DS1_TRAIN_MATCH/
fear_ORG_FEAR(41),train,train,fear_ORG_FEAR(41),Marylin Manson,Sweet Dreams (Are Made Of This),marylin manson::sweet dreams (are made of this),fear,1,Dataset1/DS1_TRAIN_MATCH/
fear_ORG_FEAR(43),val,train,fear_ORG_FEAR(43),Marylin Manson,Sweet Dreams (Are Made Of This),marylin manson::sweet dreams (are made of this),fear,1,Dataset1/DS1_VAL_MATCH/
fear_ORG_FEAR(44),train,train,fear_ORG_FEAR(44),Marylin Manson,Sweet Dreams (Are Made Of This),marylin manson::sweet dreams (are made of this),fear,1,Dataset1/DS1_TRAIN_MATCH/
fear_ORG_FEAR(45),test,train,fear_ORG_FEAR(45),Marylin Manson,Sweet Dreams (Are Made Of This),marylin manson::sweet dreams (are made of this),fear,1,Dataset1/DS1_TEST_MATCH/
fear_ORG_FEAR(46),train,train,fear_ORG_FEAR(46),Marylin Manson,Sweet Dreams (Are Made Of This),marylin manson::sweet dreams (are made of this),fear,1,Dataset1/DS1_TRAIN_MATCH/
fear_ORG_FEAR(5),train,train,fear_ORG_FEAR(5),Napalm Death,Procrastination On the Empty Vessel,napalm death::procrastination on the empty vessel,fear,1,Dataset1/DS1_TRAIN_MATCH/
fear_ORG_FEAR(51),train,train,fear_ORG_FEAR(51),twenty one pilots,Heathens,twenty one pilots::heathens,fear,1,Dataset1/DS1_TRAIN_MATCH/
fear_ORG_FEAR(52),train,train,fear_ORG_FEAR(52),twenty one pilots,Heathens,twenty one pilots::heathens,fear,1,Dataset1/DS1_TRAIN_MATCH/
fear_ORG_FEAR(53),train,train,fear_ORG_FEAR(53),twenty one pilots,Heathens,twenty one pilots::heathens,fear,1,Dataset1/DS1_TRAIN_MATCH/
fear_ORG_FEAR(58),train,train,fear_ORG_FEAR(58),Rob Zombie,Living Dead Girl,rob zombie::living dead girl,fear,1,Dataset1/DS1_TRAIN_MATCH/
fear_ORG_FEAR(59),train,train,fear_ORG_FEAR(59),Rob Zombie,Living Dead Girl,rob zombie::living dead girl,fear,1,Dataset1/DS1_TRAIN_MATCH/
fear_ORG_FEAR(6),train,train,fear_ORG_FEAR(6),Napalm Death,Procrastination On the Empty Vessel,napalm death::procrastination on the empty vessel,fear,1,Dataset1/DS1_TRAIN_MATCH/
fear_ORG_FEAR(67),train,train,fear_ORG_FEAR(67),Top Music,Carlosxd,top music::carlosxd,fear,0,Dataset1/DS1_TRAIN_MATCH/
fear_ORG_FEAR(7),train,train,fear_ORG_FEAR(7),Katatonia,The Longest Year,katatonia::the longest year,fear,1,Dataset1/DS1_TRAIN_MATCH/
fear_ORG_FEAR(70),train,train,fear_ORG_FEAR(70),Top Music,Carlosxd,top music::carlosxd,fear,0,Dataset1/DS1_TRAIN_MATCH/
fear_ORG_FEAR(72),train,train,fear_ORG_FEAR(72),Gruesome,Dimensions of Horror,gruesome::dimensions of horror,fear,1,Dataset1/DS1_TRAIN_MATCH/
fear_ORG_FEAR(75),train,train,fear_ORG_FEAR(75),Sheevaa,Anger,sheevaa::anger,fear,0,Dataset1/DS1_TRAIN_MATCH/
fear_ORG_FEAR(76),test,train,fear_ORG_FEAR(76),Gruesome,Dimensions of Horror,gruesome::dimensions of horror,fear,1,Dataset1/DS1_TEST_MATCH/
fear_ORG_FEAR(8),val,train,fear_ORG_FEAR(8),Katatonia,The Longest Year,katatonia::the longest year,fear,1,Dataset1/DS1_VAL_MATCH/
fear_ORG_FEAR(80),val,train,fear_ORG_FEAR(80),Metallica,For Whom The Bell Tolls,metallica::for whom the bell tolls,fear,1,Dataset1/DS1_VAL_MATCH/
fear_ORG_FEAR(81),train,train,fear_ORG_FEAR(81),Metallica,For Whom The Bell Tolls,metallica::for whom the bell tolls,fear,1,Dataset1/DS1_TRAIN_MATCH/
fear_ORG_FEAR(82),train,train,fear_ORG_FEAR(82),Metallica,For Whom The Bell Tolls,metallica::for whom the bell tolls,fear,1,Dataset1/DS1_TRAIN_MATCH/
fear_ORG_FEAR(83),train,train,fear_ORG_FEAR(83),Metallica,For Whom The Bell Tolls,metallica::for whom the bell tolls,fear,1,Dataset1/DS1_TRAIN_MATCH/
fear_ORG_FEAR(85),train,train,fear_ORG_FEAR(85),Metallica,For Whom The Bell Tolls,metallica::for whom the bell tolls,fear,1,Dataset1/DS1_TRAIN_MATCH/
fear_ORG_FEAR(86),train,train,fear_ORG_FEAR(86),Metallica,For Whom The Bell Tolls,metallica::for whom the bell tolls,fear,1,Dataset1/DS1_TRAIN_MATCH/
fear_ORG_FEAR(92),train,train,fear_ORG_FEAR(92),DIR EN GREY,OBSCURE,dir en grey::obscure,fear,0,Dataset1/DS1_TRAIN_MATCH/
fear_ORG_FEAR(94),train,train,fear_ORG_FEAR(94),Fernan Birdy,Origin of the Universe,fernan birdy::origin of the universe,fear,0,Dataset1/DS1_TRAIN_MATCH/
fear_ORG_FEAR(97),train,train,fear_ORG_FEAR(97),The Prodigy,Breathe (Edit),the prodigy::breathe (edit),fear,1,Dataset1/DS1_TRAIN_MATCH/
fear_ORG_SAD(2),train,train,fear_ORG_SAD(2),,,,fear,0,Dataset1/DS1_TRAIN_MATCH/
fear_ORG_TENS(101),train,train,fear_ORG_TENS(101),Godsmack,I Stand Alone,godsmack::i stand alone,fear,1,Dataset1/DS1_TRAIN_MATCH/
fear_ORG_TENS(129),train,train,fear_ORG_TENS(129),Three Days Grace,Home,three days grace::home,fear,1,Dataset1/DS1_TRAIN_MATCH/
fear_ORG_TENS(130),train,train,fear_ORG_TENS(130),Three Days Grace,Home,three days grace::home,fear,1,Dataset1/DS1_TRAIN_MATCH/
fear_ORG_TENS(131),train,train,fear_ORG_TENS(131),Three Days Grace,Home,three days grace::home,fear,1,Dataset1/DS1_TRAIN_MATCH/
fear_ORG_TENS(146),val,train,fear_ORG_TENS(146),Slipknot,Duality,slipknot::duality,fear,1,Dataset1/DS1_VAL_MATCH/
fear_ORG_TENS(147),train,train,fear_ORG_TENS(147),Slipknot,Duality,slipknot::duality,fear,1,Dataset1/DS1_TRAIN_MATCH/
fear_ORG_TENS(151),train,train,fear_ORG_TENS(151),Godsmack,I Stand Alone,godsmack::i stand alone,fear,1,Dataset1/DS1_TRAIN_MATCH/
fear_ORG_TENS(193),train,train,fear_ORG_TENS(193),Fear Factory,Powershifter,fear factory::powershifter,fear,0,Dataset1/DS1_TRAIN_MATCH/
fear_ORG_TENS(27),train,train,fear_ORG_TENS(27),Sheevaa,Anger,sheevaa::anger,fear,0,Dataset1/DS1_TRAIN_MATCH/
fear_ORG_TENS(29),train,train,fear_ORG_TENS(29),Sheevaa,Anger,sheevaa::anger,fear,0,Dataset1/DS1_TRAIN_MATCH/
fear_ORG_TENS(291),train,train,fear_ORG_TENS(291),Trapped Under Ice,Believe,trapped under ice::believe,fear,1,Dataset1/DS1_TRAIN_MATCH/
fear_ORG_TENS(32),train,train,fear_ORG_TENS(32),Eminem,'Till I Collapse,eminem::'till i collapse,fear,0,Dataset1/DS1_TRAIN_MATCH/
fear_ORG_TENS(324),train,train,fear_ORG_TENS(324),I Am Revenge,Cold World,i am revenge::cold world,fear,0,Dataset1/DS1_TRAIN_MATCH/
fear_ORG_TENS(325),train,train,fear_ORG_TENS(325),I Am Revenge,Cold World,i am revenge::cold world,fear,0,Dataset1/DS1_TRAIN_MATCH/
fear_ORG_TENS(339),train,train,fear_ORG_TENS(339),,,,fear,0,Dataset1/DS1_TRAIN_MATCH/
fear_ORG_TENS(63),train,train,fear_ORG_TENS(63),Eminem,'Till I Collapse,eminem::'till i collapse,fear,1,Dataset1/DS1_TRAIN_MATCH/
fear_ORG_TENS(66),train,train,fear_ORG_TENS(66),Eminem,'Till I Collapse,eminem::'till i collapse,fear,1,Dataset1/DS1_TRAIN_MATCH/
fear_REVIEW_FEAR(0),train,train,fear_REVIEW_FEAR(0),the GazettE,Filth in the beauty,the gazette::filth in the beauty,fear,1,Dataset1/DS1_TRAIN_MATCH/
fear_REVIEW_FEAR(12),train,train,fear_REVIEW_FEAR(12),Well Hung Heart,This Is Not Love,well hung heart::this is not love,fear,0,Dataset1/DS1_TRAIN_MATCH/
fear_REVIEW_FEAR(13),train,train,fear_REVIEW_FEAR(13),,,,fear,0,Dataset1/DS1_TRAIN_MATCH/
fear_REVIEW_FEAR(15),train,train,fear_REVIEW_FEAR(15),,,,fear,0,Dataset1/DS1_TRAIN_MATCH/
fear_REVIEW_FEAR(2),train,train,fear_REVIEW_FEAR(2),Cloudscape,Darkest Legacy,cloudscape::darkest legacy,fear,0,Dataset1/DS1_TRAIN_MATCH/
fear_REVIEW_FEAR(28),train,train,fear_REVIEW_FEAR(28),,,,fear,0,Dataset1/DS1_TRAIN_MATCH/
fear_REVIEW_FEAR(29),train,train,fear_REVIEW_FEAR(29),,,,fear,0,Dataset1/DS1_TRAIN_MATCH/
fear_REVIEW_FEAR(32),train,train,fear_REVIEW_FEAR(32),Midnasty,Langit,midnasty::langit,fear,0,Dataset1/DS1_TRAIN_MATCH/
fear_REVIEW_FEAR(33),train,train,fear_REVIEW_FEAR(33),Midnasty,Langit,midnasty::langit,fear,0,Dataset1/DS1_TRAIN_MATCH/
fear_REVIEW_FEAR(34),train,train,fear_REVIEW_FEAR(34),Avenged Sevenfold,Nightmare,avenged sevenfold::nightmare,fear,1,Dataset1/DS1_TRAIN_MATCH/
fear_REVIEW_FEAR(35),train,train,fear_REVIEW_FEAR(35),Avenged Sevenfold,Nightmare,avenged sevenfold::nightmare,fear,1,Dataset1/DS1_TRAIN_MATCH/
fear_REVIEW_FEAR(37),train,train,fear_REVIEW_FEAR(37),Niila,Gespenster,niila::gespenster,fear,0,Dataset1/DS1_TRAIN_MATCH/
fear_REVIEW_FEAR(38),train,train,fear_REVIEW_FEAR(38),Nine Lashes,Anthem Of The Lonely,nine lashes::anthem of the lonely,fear,0,Dataset1/DS1_TRAIN_MATCH/
fear_REVIEW_FEAR(43),train,train,fear_REVIEW_FEAR(43),The Irrepressibles,In This Shirt,the irrepressibles::in this shirt,fear,1,Dataset1/DS1_TRAIN_MATCH/
fear_REVIEW_FEAR(45),train,train,fear_REVIEW_FEAR(45),The Irrepressibles,In This Shirt,the irrepressibles::in this shirt,fear,1,Dataset1/DS1_TRAIN_MATCH/
fear_REVIEW_FEAR(5),train,train,fear_REVIEW_FEAR(5),Gracia,Krv Nije Voda,gracia::krv nije voda,fear,0,Dataset1/DS1_TRAIN_MATCH/
fear_REVIEW_FEAR(51),train,train,fear_REVIEW_FEAR(51),Evocation,Sweet Obsession,evocation::sweet obsession,fear,0,Dataset1/DS1_TRAIN_MATCH/
fear_REVIEW_FEAR(6),train,train,fear_REVIEW_FEAR(6),Gracia,Krv Nije Voda,gracia::krv nije voda,fear,0,Dataset1/DS1_TRAIN_MATCH/
fear_REVIEW_NTRL(48),train,train,fear_REVIEW_NTRL(48),Circle of Reason,Chasing the Sun,circle of reason::chasing the sun,fear,0,Dataset1/DS1_TRAIN_MATCH/
fear_REVIEW_TENS(42),train,train,fear_REVIEW_TENS(42),Krizz Kaliko,Why Me,krizz kaliko::why me,fear,1,Dataset1/DS1_TRAIN_MATCH/
fear_REVIEW_TENS(8),train,train,fear_REVIEW_TENS(8),Anyone's Guess,Apathy,anyone's guess::apathy,fear,0,Dataset1/DS1_TRAIN_MATCH/
fear_TENS_HE(81)-6-of-8,train,train,fear_TENS_HE(81),Close Your Eyes,Valleys,close your eyes::valleys,fear,1,Dataset1/DS1_TRAIN_MATCH/
fear_TENS_LLT()),train,train,fear_TENS_LLT()),,,,fear,0,Dataset1/DS1_TRAIN_MATCH/
fear_TENS_LLT(8)-5-of-8,train,train,fear_TENS_LLT(8),Byaki Rap,Pecados Capitales Vs Guerreros,byaki rap::pecados capitales vs guerreros,fear,0,Dataset1/DS1_TRAIN_MATCH/
fear_TENS_LLT(8)-7-of-8,train,train,fear_TENS_LLT(8),Byaki Rap,Pecados Capitales Vs Guerreros,byaki rap::pecados capitales vs guerreros,fear,0,Dataset1/DS1_TRAIN_MATCH/
fear_TEST_EXT(22)-3-of-9,train,train,fear_TEST_EXT(22),Victor Hugo Sánchez García,Starbass,victor hugo sánchez garcía::starbass,fear,0,Dataset1/DS1_TRAIN_MATCH/
fear_TEST_EXT(22)-7-of-9,test,train,fear_TEST_EXT(22),Post Malone,rockstar - Remix,post malone::rockstar - remix,fear,1,Dataset1/DS1_TEST_MATCH/
fear_TEST_FEAR(14)-6-of-6,val,train,fear_TEST_FEAR(14),,,,fear,0,Dataset1/DS1_VAL_MATCH/
fear_TEST_FEAR(2)-2-of-8,val,train,fear_TEST_FEAR(2),Dream Evil,The Book of Heavy Metal (March of the Metallians),dream evil::the book of heavy metal (march of the metallians),fear,1,Dataset1/DS1_VAL_MATCH/
fear_TEST_FEAR(5)-2-of-9,train,train,fear_TEST_FEAR(5),System of a Down,B.Y.O.B.,system of a down::b.y.o.b.,fear,0,Dataset1/DS1_TRAIN_MATCH/
fear_TEST_FEAR(5)-6-of-9,test,train,fear_TEST_FEAR(5),System of a Down,B.Y.O.B.,system of a down::b.y.o.b.,fear,1,Dataset1/DS1_TEST_MATCH/
fear_TEST_FEAR(6)-6-of-7,val,train,fear_TEST_FEAR(6),Lordi,Hard Rock Hallelujah (Eurovicious Radio Edit),lordi::hard rock hallelujah (eurovicious radio edit),fear,1,Dataset1/DS1_VAL_MATCH/
fear_TEST_FEAR(9)-2-of-8,val,train,fear_TEST_FEAR(9),Black Veil Brides,Fallen Angels,black veil brides::fallen angels,fear,0,Dataset1/DS1_VAL_MATCH/
fear_TEST_FEAR(9)-7-of-8,test,train,fear_TEST_FEAR(9),Black Veil Brides,Fallen Angels,black veil brides::fallen angels,fear,1,Dataset1/DS1_TEST_MATCH/
fear_TEST_MV(38)-10-of-12,train,train,fear_TEST_MV(38),SKYND,Richard Ramirez,skynd::richard ramirez,fear,0,Dataset1/DS1_TRAIN_MATCH/
fear_TEST_MV(38)-4-of-12,train,train,fear_TEST_MV(38),SKYND,Richard Ramirez,skynd::richard ramirez,fear,0,Dataset1/DS1_TRAIN_MATCH/
fear_TEST_MV(38)-6-of-12,train,train,fear_TEST_MV(38),SKYND,Richard Ramirez,skynd::richard ramirez,fear,0,Dataset1/DS1_TRAIN_MATCH/
fear_TEST_MV(63)-2-of-9,train,train,fear_TEST_MV(63),Annihilator,Deadlock,annihilator::deadlock,fear,1,Dataset1/DS1_TRAIN_MATCH/
fear_TEST_MV(68)-2-of-10,train,train,fear_TEST_MV(68),Mushroomhead,Your Soul Is Mine,mushroomhead::your soul is mine,fear,1,Dataset1/DS1_TRAIN_MATCH/
fear_TEST_MV(68)-6-of-10,train,train,fear_TEST_MV(68),Mushroomhead,Your Soul Is Mine,mushroomhead::your soul is mine,fear,1,Dataset1/DS1_TRAIN_MATCH/
fear_TEST_MV(68)-8-of-10,train,train,fear_TEST_MV(68),Mushroomhead,Your Soul Is Mine,mushroomhead::your soul is mine,fear,1,Dataset1/DS1_TRAIN_MATCH/
fear_TEST_MV(69)-2-of-7,train,train,fear_TEST_MV(69),STALAGGH,012,stalaggh::012,fear,0,Dataset1/DS1_TRAIN_MATCH/
fear_TEST_MV(72)-11-of-12,train,train,fear_TEST_MV(72),Slipknot,All Out Life,slipknot::all out life,fear,1,Dataset1/DS1_TRAIN_MATCH/
fear_TEST_MV(72)-2-of-12,train,train,fear_TEST_MV(72),Slipknot,All Out Life,slipknot::all out life,fear,1,Dataset1/DS1_TRAIN_MATCH/
fear_TEST_MV(72)-5-of-12,train,train,fear_TEST_MV(72),Slipknot,All Out Life,slipknot::all out life,fear,1,Dataset1/DS1_TRAIN_MATCH/
fear_TEST_MV(72)-9-of-12,train,train,fear_TEST_MV(72),Slipknot,All Out Life,slipknot::all out life,fear,1,Dataset1/DS1_TRAIN_MATCH/
fear_TEST_MV(74)-2-of-8,train,train,fear_TEST_MV(74),Motionless In White,Disguise,motionless in white::disguise,fear,1,Dataset1/DS1_TRAIN_MATCH/
fear_TEST_MV(74)-5-of-8,train,train,fear_TEST_MV(74),Motionless In White,Disguise,motionless in white::disguise,fear,1,Dataset1/DS1_TRAIN_MATCH/
fear_TEST_MV(74)-7-of-8,train,train,fear_TEST_MV(74),Motionless In White,Disguise,motionless in white::disguise,fear,1,Dataset1/DS1_TRAIN_MATCH/
fear_TEST_MV(75)-3-of-13,train,train,fear_TEST_MV(75),Slipknot,Solway Firth,slipknot::solway firth,fear,1,Dataset1/DS1_TRAIN_MATCH/
fear_TEST_MV(75)-4-of-13,train,train,fear_TEST_MV(75),Slipknot,Solway Firth,slipknot::solway firth,fear,1,Dataset1/DS1_TRAIN_MATCH/
fear_TEST_TENS(24)-8-of-9,train,train,fear_TEST_TENS(24),The Prodigy,Breathe (Edit),the prodigy::breathe (edit),fear,1,Dataset1/DS1_TRAIN_MATCH/
fear_TEST_TENS(26)-4-of-8,train,train,fear_TEST_TENS(26),Disturbed,Prayer,disturbed::prayer,fear,0,Dataset1/DS1_TRAIN_MATCH/
fear_TEST_TENS(26)-7-of-8,train,train,fear_TEST_TENS(26),Disturbed,Prayer,disturbed::prayer,fear,0,Dataset1/DS1_TRAIN_MATCH/
fear_TT(0),train,train,fear_TT(0),Nine Inch Nails,Closer,nine inch nails::closer,fear,0,Dataset1/DS1_TRAIN_MATCH/
fear_TT(10),train,train,fear_TT(10),Mortemia,The One I Once Was,mortemia::the one i once was,fear,0,Dataset1/DS1_TRAIN_MATCH/
fear_TT(14),train,train,fear_TT(14),Takida,The Fear,takida::the fear,fear,0,Dataset1/DS1_TRAIN_MATCH/
fear_TT(16),train,train,fear_TT(16),DIR EN GREY,OBSCURE,dir en grey::obscure,fear,0,Dataset1/DS1_TRAIN_MATCH/
fear_TT(2),train,train,fear_TT(2),Oingo Boingo,Insanity,oingo boingo::insanity,fear,0,Dataset1/DS1_TRAIN_MATCH/
fear_TT(4),train,train,fear_TT(4),Metallica,For Whom The Bell Tolls,metallica::for whom the bell tolls,fear,1,Dataset1/DS1_TRAIN_MATCH/
fear_TT(6),train,train,fear_TT(6),Avenged Sevenfold,Hail to the King,avenged sevenfold::hail to the king,fear,1,Dataset1/DS1_TRAIN_MATCH/
fear_TT(7),train,train,fear_TT(7),Drowning Pool,Bodies,drowning pool::bodies,fear,1,Dataset1/DS1_TRAIN_MATCH/
fear_TT(8),val,train,fear_TT(8),Marilyn Manson,This Is The New Shit,marilyn manson::this is the new shit,fear,1,Dataset1/DS1_VAL_MATCH/
relax_10,train,train,relax_10,,,,relax,0,Dataset1/DS1_TRAIN_MATCH/
relax_102,train,train,relax_102,,,,relax,0,Dataset1/DS1_TRAIN_MATCH/
relax_104,train,train,relax_104,,,,relax,0,Dataset1/DS1_TRAIN_MATCH/
relax_106,train,train,relax_106,,,,relax,0,Dataset1/DS1_TRAIN_MATCH/
relax_110,train,train,relax_110,,,,relax,0,Dataset1/DS1_TRAIN_MATCH/
relax_111,train,train,relax_111,,,,relax,0,Dataset1/DS1_TRAIN_MATCH/
relax_112,train,train,relax_112,,,,relax,0,Dataset1/DS1_TRAIN_MATCH/
relax_113,train,train,relax_113,,,,relax,0,Dataset1/DS1_TRAIN_MATCH/
relax_115,train,train,relax_115,,,,relax,0,Dataset1/DS1_TRAIN_MATCH/
relax_116,train,train,relax_116,,,,relax,0,Dataset1/DS1_TRAIN_MATCH/
relax_12,train,train,relax_12,,,,relax,0,Dataset1/DS1_TRAIN_MATCH/
relax_121,train,train,relax_121,,,,relax,0,Dataset1/DS1_TRAIN_MATCH/
relax_122,train,train,relax_122,,,,relax,0,Dataset1/DS1_TRAIN_MATCH/
relax_123,train,train,relax_123,,,,relax,0,Dataset1/DS1_TRAIN_MATCH/
relax_124,val,train,relax_124,,,,relax,0,Dataset1/DS1_VAL_MATCH/
relax_14,val,train,relax_14,,,,relax,0,Dataset1/DS1_VAL_MATCH/
relax_19,train,train,relax_19,,,,relax,0,Dataset1/DS1_TRAIN_MATCH/
relax_213,train,train,relax_213,,,,relax,0,Dataset1/DS1_TRAIN_MATCH/
relax_22,train,train,relax_22,,,,relax,0,Dataset1/DS1_TRAIN_MATCH/
relax_29,train,train,relax_29,,,,relax,0,Dataset1/DS1_TRAIN_MATCH/
relax_31,train,train,relax_31,Badri Abramishvili,Kabardinka Kafe,badri abramishvili::kabardinka kafe,relax,0,Dataset1/DS1_TRAIN_MATCH/
relax_31_Rlx,train,train,relax_31_Rlx,,,,relax,0,Dataset1/DS1_TRAIN_MATCH/
relax_33,train,train,relax_33,,,,relax,0,Dataset1/DS1_TRAIN_MATCH/
relax_34,val,train,relax_34,Sviatoslav Richter,"Piano Concerto No. 1 in F Minor, Op. 92: II. Theme and Variations","sviatoslav richter::piano concerto no. 1 in f minor, op. 92: ii. theme and variations",relax,0,Dataset1/DS1_VAL_MATCH/
relax_39,train,train,relax_39,Bob Wilson and His Varsity Rhythm Boys,"Charleston (From ""Running Wild"")","bob wilson and his varsity rhythm boys::charleston (from ""running wild"")",relax,0,Dataset1/DS1_TRAIN_MATCH/
relax_4,train,train,relax_4,,,,relax,0,Dataset1/DS1_TRAIN_MATCH/
relax_40,val,train,relax_40,,,,relax,0,Dataset1/DS1_VAL_MATCH/
relax_44,train,train,relax_44,,,,relax,0,Dataset1/DS1_TRAIN_MATCH/
relax_46,train,train,relax_46,,,,relax,0,Dataset1/DS1_TRAIN_MATCH/
relax_47,train,train,relax_47,,,,relax,0,Dataset1/DS1_TRAIN_MATCH/
relax_61,train,train,relax_61,,,,relax,0,Dataset1/DS1_TRAIN_MATCH/
relax_62,train,train,relax_62,,,,relax,0,Dataset1/DS1_TRAIN_MATCH/
relax_63,train,train,relax_63,,,,relax,0,Dataset1/DS1_TRAIN_MATCH/
relax_67,train,train,relax_67,,,,relax,0,Dataset1/DS1_TRAIN_MATCH/
relax_7,train,train,relax_7,,,,relax,0,Dataset1/DS1_TRAIN_MATCH/
relax_73,train,train,relax_73,,,,relax,0,Dataset1/DS1_TRAIN_MATCH/
relax_8,train,train,relax_8,,,,relax,0,Dataset1/DS1_TRAIN_MATCH/
relax_9,train,train,relax_9,,,,relax,0,Dataset1/DS1_TRAIN_MATCH/
relax_92,train,train,relax_92,,,,relax,0,Dataset1/DS1_TRAIN_MATCH/
relax_93,train,train,relax_93,,,,relax,0,Dataset1/DS1_TRAIN_MATCH/
relax_96,train,train,relax_96,,,,relax,0,Dataset1/DS1_TRAIN_MATCH/
relax_DEAP_DBW_RELX(12),train,train,relax_DEAP_DBW_RELX(12),Pink Floyd,Marooned,pink floyd::marooned,relax,0,Dataset1/DS1_TRAIN_MATCH/
relax_DEAP_DBW_RELX(13),train,train,relax_DEAP_DBW_RELX(13),Pink Floyd,Marooned,pink floyd::marooned,relax,0,Dataset1/DS1_TRAIN_MATCH/
relax_DEAP_DBW_RELX(14),train,train,relax_DEAP_DBW_RELX(14),Pink Floyd,Marooned,pink floyd::marooned,relax,0,Dataset1/DS1_TRAIN_MATCH/
relax_DEAP_DBW_RELX(29),train,train,relax_DEAP_DBW_RELX(29),,,,relax,0,Dataset1/DS1_TRAIN_MATCH/
relax_DEAP_DBW_RELX(3),train,train,relax_DEAP_DBW_RELX(3),Jason Mraz,I'm Yours (Radio Edit),jason mraz::i'm yours (radio edit),relax,1,Dataset1/DS1_TRAIN_MATCH/
relax_DEAP_DBW_RELX(5),train,train,relax_DEAP_DBW_RELX(5),Sigur Rós,Von,sigur rós::von,relax,0,Dataset1/DS1_TRAIN_MATCH/
relax_DEAP_DBW_RELX(6),val,train,relax_DEAP_DBW_RELX(6),Sigur Rós,Von (Live),sigur rós::von (live),relax,0,Dataset1/DS1_VAL_MATCH/
relax_DEAP_DB_NT(16),train,train,relax_DEAP_DB_NT(16),I'm From Barcelona,We're from Barcelona,i'm from barcelona::we're from barcelona,relax,0,Dataset1/DS1_TRAIN_MATCH/
relax_DEAP_DB_REL(14),train,train,relax_DEAP_DB_REL(14),Jack Johnson,Breakdown,jack johnson::breakdown,relax,1,Dataset1/DS1_TRAIN_MATCH/
relax_DEAP_DB_REL(21),train,train,relax_DEAP_DB_REL(21),Pink Floyd,Marooned,pink floyd::marooned,relax,0,Dataset1/DS1_TRAIN_MATCH/
relax_DEAP_DB_REL(25),val,train,relax_DEAP_DB_REL(25),Gorillaz,Stop the Dams,gorillaz::stop the dams,relax,1,Dataset1/DS1_VAL_MATCH/
relax_DEAP_DB_REL(26),train,train,relax_DEAP_DB_REL(26),Gorillaz,Stop the Dams,gorillaz::stop the dams,relax,0,Dataset1/DS1_TRAIN_MATCH/
relax_DEAP_DB_REL(27),train,train,relax_DEAP_DB_REL(27),Gorillaz,Stop the Dams,gorillaz::stop the dams,relax,1,Dataset1/DS1_TRAIN_MATCH/
relax_DEAP_DB_REL(29),train,train,relax_DEAP_DB_REL(29),LCD Soundsystem,"New York, I Love You But You're Bringing Me Down","lcd soundsystem::new york, i love you but you're bringing me down",relax,1,Dataset1/DS1_TRAIN_MATCH/
relax_DEAP_DB_REL(3),train,train,relax_DEAP_DB_REL(3),Luis Armstrong,What a Wonderful World,luis armstrong::what a wonderful world,relax,0,Dataset1/DS1_TRAIN_MATCH/
relax_DEAP_DB_REL(34),train,train,relax_DEAP_DB_REL(34),Apocalyptica,Nothing Else Matters,apocalyptica::nothing else matters,relax,0,Dataset1/DS1_TRAIN_MATCH/
relax_DEAP_DB_REL(35),train,train,relax_DEAP_DB_REL(35),Apocalyptica,Nothing Else Matters,apocalyptica::nothing else matters,relax,0,Dataset1/DS1_TRAIN_MATCH/
relax_DEAP_DB_REL(4),train,train,relax_DEAP_DB_REL(4),Sia,Breathe Me,sia::breathe me,relax,1,Dataset1/DS1_TRAIN_MATCH/
relax_DEAP_DB_REL(5),train,train,relax_DEAP_DB_REL(5),Sia,Breathe Me,sia::breathe me,relax,1,Dataset1/DS1_TRAIN_MATCH/
relax_DEAP_DB_REL(51),train,train,relax_DEAP_DB_REL(51),,,,relax,0,Dataset1/DS1_TRAIN_MATCH/
relax_DEAP_DB_REL(52),train,train,relax_DEAP_DB_REL(52),Sigur Rós,Von,sigur rós::von,relax,0,Dataset1/DS1_TRAIN_MATCH/
relax_DEAP_DB_REL(54),train,train,relax_DEAP_DB_REL(54),Kings of Convenience,The Weight Of My Words,kings of convenience::the weight of my words,relax,1,Dataset1/DS1_TRAIN_MATCH/
relax_DEAP_DB_REL(56),train,train,relax_DEAP_DB_REL(56),Kings of Convenience,The Weight Of My Words,kings of convenience::the weight of my words,relax,1,Dataset1/DS1_TRAIN_MATCH/
relax_DEAP_DB_REL(58),val,train,relax_DEAP_DB_REL(58),,,,relax,0,Dataset1/DS1_VAL_MATCH/
relax_FINAL_DL(131)-6-of-11,train,train,relax_FINAL_DL(131),,,,relax,0,Dataset1/DS1_TRAIN_MATCH/
relax_FINAL_DL_Relx(119),train,train,relax_FINAL_DL_Relx(119),"Thomas Bergersen, Two Steps From Hell",Black Blade,"thomas bergersen, two steps from hell::black blade",relax,0,Dataset1/DS1_TRAIN_MATCH/
relax_FINAL_DL_Relx(120),train,train,relax_FINAL_DL_Relx(120),"Thomas Bergersen, Two Steps From Hell",Black Blade,"thomas bergersen, two steps from hell::black blade",relax,0,Dataset1/DS1_TRAIN_MATCH/
relax_FINAL_DL_Relx(123),train,train,relax_FINAL_DL_Relx(123),Neeti Mohan,Aaoge Jab,neeti mohan::aaoge jab,relax,0,Dataset1/DS1_TRAIN_MATCH/
relax_FINAL_DL_Relx(125),train,train,relax_FINAL_DL_Relx(125),Neeti Mohan,Aaoge Jab,neeti mohan::aaoge jab,relax,0,Dataset1/DS1_TRAIN_MATCH/
relax_FINAL_DL_Relx(74),val,train,relax_FINAL_DL_Relx(74),,,,relax,0,Dataset1/DS1_VAL_MATCH/
relax_FINAL_Relx_DL_Relx(0),val,train,relax_FINAL_Relx_DL_Relx(0),Royal Concertgebouw Orchestra,"Beethoven: Symphony No.9 in D minor, Op.125 - ""Choral"" - 2. Molto vivace","royal concertgebouw orchestra::beethoven: symphony no.9 in d minor, op.125 - ""choral"" - 2. molto vivace",relax,0,Dataset1/DS1_VAL_MATCH/
relax_FINAL_Relx_DL_Relx(1),train,train,relax_FINAL_Relx_DL_Relx(1),Royal Concertgebouw Orchestra,"Beethoven: Symphony No.9 in D minor, Op.125 - ""Choral"" - 2. Molto vivace","royal concertgebouw orchestra::beethoven: symphony no.9 in d minor, op.125 - ""choral"" - 2. molto vivace",relax,0,Dataset1/DS1_TRAIN_MATCH/
relax_FINAL_Relx_DL_Relx(10),train,train,relax_FINAL_Relx_DL_Relx(10),,,,relax,0,Dataset1/DS1_TRAIN_MATCH/
relax_FINAL_Relx_DL_Relx(11),val,train,relax_FINAL_Relx_DL_Relx(11),Dotorado Pro,Rei das Marimbas,dotorado pro::rei das marimbas,relax,1,Dataset1/DS1_VAL_MATCH/
relax_FINAL_Relx_DL_Relx(12),train,train,relax_FINAL_Relx_DL_Relx(12),Dotorado Pro,Rei das Marimbas,dotorado pro::rei das marimbas,relax,0,Dataset1/DS1_TRAIN_MATCH/
relax_FINAL_Relx_DL_Relx(14),train,train,relax_FINAL_Relx_DL_Relx(14),Chris Botti,Emmanuel,chris botti::emmanuel,relax,0,Dataset1/DS1_TRAIN_MATCH/
relax_FINAL_Relx_DL_Relx(15),val,train,relax_FINAL_Relx_DL_Relx(15),Chris Botti,Emmanuel,chris botti::emmanuel,relax,0,Dataset1/DS1_VAL_MATCH/
relax_FINAL_Relx_DL_Relx(2),train,train,relax_FINAL_Relx_DL_Relx(2),Sad Mike,Sad clarinette musique حزين جدآ,sad mike::sad clarinette musique حزين جدآ,relax,0,Dataset1/DS1_TRAIN_MATCH/
relax_FINAL_Relx_DL_Relx(21),train,train,relax_FINAL_Relx_DL_Relx(21),"Anahama: Sounds for Meditating, Mind Body Spirit, Inner Peace, Deep Breathing","Wellness and Well-Being: Zen Meditating for Health and Longevity w/ Streams, Soft Birds Chirping","anahama: sounds for meditating, mind body spirit, inner peace, deep breathing::wellness and well-being: zen meditating for health and longevity w/ streams, soft birds chirping",relax,0,Dataset1/DS1_TRAIN_MATCH/
relax_FINAL_Relx_DL_Relx(29),train,train,relax_FINAL_Relx_DL_Relx(29),,,,relax,0,Dataset1/DS1_TRAIN_MATCH/
relax_FINAL_Relx_DL_Relx(3),train,train,relax_FINAL_Relx_DL_Relx(3),Sad Mike,Sad clarinette musique حزين جدآ,sad mike::sad clarinette musique حزين جدآ,relax,0,Dataset1/DS1_TRAIN_MATCH/
relax_FINAL_Relx_DL_Relx(30),train,train,relax_FINAL_Relx_DL_Relx(30),,,,relax,0,Dataset1/DS1_TRAIN_MATCH/
relax_FINAL_Relx_DL_Relx(31),train,train,relax_FINAL_Relx_DL_Relx(31),,,,relax,0,Dataset1/DS1_TRAIN_MATCH/
relax_FINAL_Relx_DL_Relx(32),val,train,relax_FINAL_Relx_DL_Relx(32),,,,relax,0,Dataset1/DS1_VAL_MATCH/
relax_FINAL_Relx_DL_Relx(33),train,train,relax_FINAL_Relx_DL_Relx(33),,,,relax,0,Dataset1/DS1_TRAIN_MATCH/
relax_FINAL_Relx_DL_Relx(35),train,train,relax_FINAL_Relx_DL_Relx(35),Sai Shivani,Natyam,sai shivani::natyam,relax,0,Dataset1/DS1_TRAIN_MATCH/
relax_FINAL_Relx_DL_Relx(37),val,train,relax_FINAL_Relx_DL_Relx(37),,,,relax,0,Dataset1/DS1_VAL_MATCH/
relax_FINAL_Relx_DL_Relx(38),train,train,relax_FINAL_Relx_DL_Relx(38),,,,relax,0,Dataset1/DS1_TRAIN_MATCH/
relax_FINAL_Relx_DL_Relx(4),train,train,relax_FINAL_Relx_DL_Relx(4),Sad Mike,Sad clarinette musique حزين جدآ,sad mike::sad clarinette musique حزين جدآ,relax,0,Dataset1/DS1_TRAIN_MATCH/
relax_FINAL_Relx_DL_Relx(40),train,train,relax_FINAL_Relx_DL_Relx(40),,,,relax,0,Dataset1/DS1_TRAIN_MATCH/
relax_FINAL_Relx_DL_Relx(41),train,train,relax_FINAL_Relx_DL_Relx(41),,,,relax,0,Dataset1/DS1_TRAIN_MATCH/
relax_FINAL_Relx_DL_Relx(42),train,train,relax_FINAL_Relx_DL_Relx(42),,,,relax,0,Dataset1/DS1_TRAIN_MATCH/
relax_FINAL_Relx_DL_Relx(43),train,train,relax_FINAL_Relx_DL_Relx(43),,,,relax,0,Dataset1/DS1_TRAIN_MATCH/
relax_FINAL_Relx_DL_Relx(45),train,train,relax_FINAL_Relx_DL_Relx(45),Charles Gerhardt,Lieutenant Kijé Suite - Troika,charles gerhardt::lieutenant kijé suite - troika,relax,0,Dataset1/DS1_TRAIN_MATCH/
relax_FINAL_Relx_DL_Relx(46),train,train,relax_FINAL_Relx_DL_Relx(46),Charles Gerhardt,Lieutenant Kijé Suite - Troika,charles gerhardt::lieutenant kijé suite - troika,relax,0,Dataset1/DS1_TRAIN_MATCH/
relax_FINAL_Relx_DL_Relx(47),train,train,relax_FINAL_Relx_DL_Relx(47),Charles Gerhardt,Lieutenant Kijé Suite - Troika,charles gerhardt::lieutenant kijé suite - troika,relax,0,Dataset1/DS1_TRAIN_MATCH/
relax_FINAL_Relx_DL_Relx(49),train,train,relax_FINAL_Relx_DL_Relx(49),Eric Hammerstein,Return to Rundarne,eric hammerstein::return to rundarne,relax,0,Dataset1/DS1_TRAIN_MATCH/
relax_FINAL_Relx_DL_Relx(5),train,train,relax_FINAL_Relx_DL_Relx(5),Sad Mike,Sad clarinette musique حزين جدآ,sad mike::sad clarinette musique حزين جدآ,relax,0,Dataset1/DS1_TRAIN_MATCH/
relax_FINAL_Relx_DL_Relx(50),val,train,relax_FINAL_Relx_DL_Relx(50),Eric Hammerstein,Return to Rundarne,eric hammerstein::return to rundarne,relax,0,Dataset1/DS1_VAL_MATCH/
relax_FINAL_Relx_DL_Relx(51),train,train,relax_FINAL_Relx_DL_Relx(51),Eric Hammerstein,Return to Rundarne,eric hammerstein::return to rundarne,relax,0,Dataset1/DS1_TRAIN_MATCH/
relax_FINAL_Relx_DL_Relx(52),val,train,relax_FINAL_Relx_DL_Relx(52),,,,relax,0,Dataset1/DS1_VAL_MATCH/
relax_FINAL_Relx_DL_Relx(53),train,train,relax_FINAL_Relx_DL_Relx(53),,,,relax,0,Dataset1/DS1_TRAIN_MATCH/
relax_FINAL_Relx_DL_Relx(54),train,train,relax_FINAL_Relx_DL_Relx(54),The Harmonium Orchestra,The Musical Snuff Box,the harmonium orchestra::the musical snuff box,relax,0,Dataset1/DS1_TRAIN_MATCH/
relax_FINAL_Relx_DL_Relx(55),train,train,relax_FINAL_Relx_DL_Relx(55),The Harmonium Orchestra,The Musical Snuff Box,the harmonium orchestra::the musical snuff box,relax,0,Dataset1/DS1_TRAIN_MATCH/
relax_FINAL_Relx_DL_Relx(56),val,train,relax_FINAL_Relx_DL_Relx(56),,,,relax,0,Dataset1/DS1_VAL_MATCH/
relax_FINAL_Relx_DL_Relx(57),train,train,relax_FINAL_Relx_DL_Relx(57),New Symphony Orchestra of London,A Night On Bald Mountain,new symphony orchestra of london::a night on bald mountain,relax,0,Dataset1/DS1_TRAIN_MATCH/
relax_FINAL_Relx_DL_Relx(59),val,train,relax_FINAL_Relx_DL_Relx(59),New Symphony Orchestra of London,A Night On Bald Mountain,new symphony orchestra of london::a night on bald mountain,relax,0,Dataset1/DS1_VAL_MATCH/
relax_FINAL_Relx_DL_Relx(61),train,train,relax_FINAL_Relx_DL_Relx(61),New Symphony Orchestra of London,A Night On Bald Mountain,new symphony orchestra of london::a night on bald mountain,relax,0,Dataset1/DS1_TRAIN_MATCH/
relax_FINAL_Relx_DL_Relx(62),train,train,relax_FINAL_Relx_DL_Relx(62),New Symphony Orchestra of London,A Night On Bald Mountain,new symphony orchestra of london::a night on bald mountain,relax,0,Dataset1/DS1_TRAIN_MATCH/
relax_FINAL_Relx_DL_Relx(63),train,train,relax_FINAL_Relx_DL_Relx(63),New Symphony Orchestra of London,A Night On Bald Mountain,new symphony orchestra of london::a night on bald mountain,relax,0,Dataset1/DS1_TRAIN_MATCH/
relax_FINAL_Relx_DL_Relx(64),train,train,relax_FINAL_Relx_DL_Relx(64),New Symphony Orchestra of London,A Night On Bald Mountain,new symphony orchestra of london::a night on bald mountain,relax,0,Dataset1/DS1_TRAIN_MATCH/
relax_FINAL_Relx_DL_Relx(66),train,train,relax_FINAL_Relx_DL_Relx(66),New Symphony Orchestra of London,A Night On Bald Mountain,new symphony orchestra of london::a night on bald mountain,relax,0,Dataset1/DS1_TRAIN_MATCH/
relax_FINAL_Relx_DL_Relx(67),val,train,relax_FINAL_Relx_DL_Relx(67),Nick  Phoenix,FIRE NATION,nick  phoenix::fire nation,relax,0,Dataset1/DS1_VAL_MATCH/
relax_FINAL_Relx_DL_Relx(68),train,train,relax_FINAL_Relx_DL_Relx(68),Nick  Phoenix,FIRE NATION,nick  phoenix::fire nation,relax,0,Dataset1/DS1_TRAIN_MATCH/
relax_FINAL_Relx_DL_Relx(69),train,train,relax_FINAL_Relx_DL_Relx(69),Nick  Phoenix,FIRE NATION,nick  phoenix::fire nation,relax,0,Dataset1/DS1_TRAIN_MATCH/
relax_FINAL_Relx_DL_Relx(70),train,train,relax_FINAL_Relx_DL_Relx(70),,,,relax,0,Dataset1/DS1_TRAIN_MATCH/
relax_FINAL_Relx_DL_Relx(72),train,train,relax_FINAL_Relx_DL_Relx(72),,,,relax,0,Dataset1/DS1_TRAIN_MATCH/
relax_FINAL_Relx_DL_Relx(73),train,train,relax_FINAL_Relx_DL_Relx(73),,,,relax,0,Dataset1/DS1_TRAIN_MATCH/
relax_FINAL_Relx_DL_Relx(74),train,train,relax_FINAL_Relx_DL_Relx(74),AShamaluevMusic,Summer Upbeat Party,ashamaluevmusic::summer upbeat party,relax,0,Dataset1/DS1_TRAIN_MATCH/
relax_FINAL_Relx_DL_Relx(75),train,train,relax_FINAL_Relx_DL_Relx(75),AShamaluevMusic,Summer Upbeat Party,ashamaluevmusic::summer upbeat party,relax,0,Dataset1/DS1_TRAIN_MATCH/
relax_FINAL_Relx_DL_Relx(76),train,train,relax_FINAL_Relx_DL_Relx(76),AShamaluevMusic,Summer Upbeat Party,ashamaluevmusic::summer upbeat party,relax,0,Dataset1/DS1_TRAIN_MATCH/
relax_FINAL_Relx_DL_Relx(77),val,train,relax_FINAL_Relx_DL_Relx(77),AShamaluevMusic,Summer Upbeat Party,ashamaluevmusic::summer upbeat party,relax,0,Dataset1/DS1_VAL_MATCH/
relax_FINAL_Relx_DL_Relx(78),train,train,relax_FINAL_Relx_DL_Relx(78),AShamaluevMusic,Summer Upbeat Party,ashamaluevmusic::summer upbeat party,relax,0,Dataset1/DS1_TRAIN_MATCH/
relax_FINAL_Relx_DL_Relx(79),train,train,relax_FINAL_Relx_DL_Relx(79),AShamaluevMusic,Summer Upbeat Party,ashamaluevmusic::summer upbeat party,relax,0,Dataset1/DS1_TRAIN_MATCH/
relax_FINAL_Relx_DL_Relx(80),train,train,relax_FINAL_Relx_DL_Relx(80),AShamaluevMusic,Summer Upbeat Day,ashamaluevmusic::summer upbeat day,relax,0,Dataset1/DS1_TRAIN_MATCH/
relax_FINAL_Relx_DL_Relx(83),train,train,relax_FINAL_Relx_DL_Relx(83),Royal Concertgebouw Orchestra,"Beethoven: Symphony No.9 in D minor, Op.125 - ""Choral"" - 2. Molto vivace","royal concertgebouw orchestra::beethoven: symphony no.9 in d minor, op.125 - ""choral"" - 2. molto vivace",relax,0,Dataset1/DS1_TRAIN_MATCH/
relax_FINAL_Relx_DL_Relx(9),train,train,relax_FINAL_Relx_DL_Relx(9),,,,relax,0,Dataset1/DS1_TRAIN_MATCH/
relax_HAPPY_HEA(113)-10-of-12,train,train,relax_HAPPY_HEA(113),Maan Tabebung ,Aasewaro,maan tabebung::aasewaro,relax,0,Dataset1/DS1_TRAIN_MATCH/
relax_HAPPY_HEA(113)-6-of-12,train,train,relax_HAPPY_HEA(113),Maan Tabebung ,Aasewaro,maan tabebung::aasewaro,relax,0,Dataset1/DS1_TRAIN_MATCH/
relax_HAPPY_HEA(81)-12-of-15,train,train,relax_HAPPY_HEA(81),,,,relax,0,Dataset1/DS1_TRAIN_MATCH/
relax_HAPPY_HEA(89)-8-of-10,train,train,relax_HAPPY_HEA(89),Delila,Dil Dixwaze Here Cengê,delila::dil dixwaze here cengê,relax,0,Dataset1/DS1_TRAIN_MATCH/
relax_LLT_COLLT_RLX(10),train,train,relax_LLT_COLLT_RLX(10),Julia Walker Toment/Neoliizer,Milones (Julia Walker & Neoliizer),julia walker toment/neoliizer::milones (julia walker & neoliizer),relax,0,Dataset1/DS1_TRAIN_MATCH/
relax_LLT_COLLT_RLX(11),train,train,relax_LLT_COLLT_RLX(11),Venti Opastudien,Nanami - Espoir (var),venti opastudien::nanami - espoir (var),relax,0,Dataset1/DS1_TRAIN_MATCH/
relax_LLT_COLLT_RLX(12),train,train,relax_LLT_COLLT_RLX(12),Abu Jakaria,Hridoy Hina feat. Rabiul Islam Rabi,abu jakaria::hridoy hina feat. rabiul islam rabi,relax,0,Dataset1/DS1_TRAIN_MATCH/
relax_LLT_COLLT_RLX(13),train,train,relax_LLT_COLLT_RLX(13),Abu Jakaria,Hridoy Hina feat. Rabiul Islam Rabi,abu jakaria::hridoy hina feat. rabiul islam rabi,relax,0,Dataset1/DS1_TRAIN_MATCH/
relax_LLT_COLLT_RLX(14),train,train,relax_LLT_COLLT_RLX(14),Abu Jakaria,Hridoy Hina feat. Rabiul Islam Rabi,abu jakaria::hridoy hina feat. rabiul islam rabi,relax,0,Dataset1/DS1_TRAIN_MATCH/
relax_LLT_COLLT_RLX(24),train,train,relax_LLT_COLLT_RLX(24),,,,relax,0,Dataset1/DS1_TRAIN_MATCH/
relax_LLT_COLLT_RLX(25),val,train,relax_LLT_COLLT_RLX(25),,,,relax,0,Dataset1/DS1_VAL_MATCH/
relax_LLT_COLLT_RLX(26),train,train,relax_LLT_COLLT_RLX(26),,,,relax,0,Dataset1/DS1_TRAIN_MATCH/
relax_LLT_COLLT_RLX(27),train,train,relax_LLT_COLLT_RLX(27),,,,relax,0,Dataset1/DS1_TRAIN_MATCH/
relax_LLT_COLLT_RLX(30),train,train,relax_LLT_COLLT_RLX(30),Leo Rojas,El Condor Pasa,leo rojas::el condor pasa,relax,0,Dataset1/DS1_TRAIN_MATCH/
relax_LLT_COLLT_RLX(36),train,train,relax_LLT_COLLT_RLX(36),Mathias Fritsche,Diamond Heart (Orchestra),mathias fritsche::diamond heart (orchestra),relax,0,Dataset1/DS1_TRAIN_MATCH/
relax_LLT_COLLT_RLX(38),train,train,relax_LLT_COLLT_RLX(38),Mathias Fritsche,Diamond Heart (Orchestra),mathias fritsche::diamond heart (orchestra),relax,0,Dataset1/DS1_TRAIN_MATCH/
relax_LLT_COLLT_RLX(44),train,train,relax_LLT_COLLT_RLX(44),Tony Anderson,Eyes Wide Open,tony anderson::eyes wide open,relax,0,Dataset1/DS1_TRAIN_MATCH/
relax_LLT_COLLT_RLX(45),train,train,relax_LLT_COLLT_RLX(45),Tony Anderson,Eyes Wide Open,tony anderson::eyes wide open,relax,0,Dataset1/DS1_TRAIN_MATCH/
relax_LLT_COLLT_RLX(5),train,train,relax_LLT_COLLT_RLX(5),Julia Walker Toment/Neoliizer,Milones (Julia Walker & Neoliizer),julia walker toment/neoliizer::milones (julia walker & neoliizer),relax,1,Dataset1/DS1_TRAIN_MATCH/
relax_LLT_COLLT_RLX(6),val,train,relax_LLT_COLLT_RLX(6),Julia Walker Toment/Neoliizer,Milones (Julia Walker & Neoliizer),julia walker toment/neoliizer::milones (julia walker & neoliizer),relax,0,Dataset1/DS1_VAL_MATCH/
relax_LLT_COLLT_RLX(7),train,train,relax_LLT_COLLT_RLX(7),Venti Opastudien,Nanami - Espoir (var),venti opastudien::nanami - espoir (var),relax,0,Dataset1/DS1_TRAIN_MATCH/
relax_LLT_COLLT_RLX(8),train,train,relax_LLT_COLLT_RLX(8),"Alan Walker, Noah Cyrus, Juliander",All Falls Down (Live Performance At YouTube Space NY),"alan walker, noah cyrus, juliander::all falls down (live performance at youtube space ny)",relax,0,Dataset1/DS1_TRAIN_MATCH/
relax_LLT_COLLT_RLX(9),train,train,relax_LLT_COLLT_RLX(9),Julia Walker Toment/Neoliizer,Milones (Julia Walker & Neoliizer),julia walker toment/neoliizer::milones (julia walker & neoliizer),relax,1,Dataset1/DS1_TRAIN_MATCH/
relax_LLT_DL(16)-2-of-5,test,train,relax_LLT_DL(16),BennieNolen,The Mizze Runner,bennienolen::the mizze runner,relax,0,Dataset1/DS1_TEST_MATCH/
relax_LLT_DL(16)-4-of-5,train,train,relax_LLT_DL(16),BennieNolen,The Mizze Runner,bennienolen::the mizze runner,relax,0,Dataset1/DS1_TRAIN_MATCH/
relax_ORG_EXT(263),train,train,relax_ORG_EXT(263),Simon Ryse,Arpeggiator,simon ryse::arpeggiator,relax,0,Dataset1/DS1_TRAIN_MATCH/
relax_ORG_EXT(290),train,train,relax_ORG_EXT(290),I'm From Barcelona,We're from Barcelona,i'm from barcelona::we're from barcelona,relax,0,Dataset1/DS1_TRAIN_MATCH/
relax_ORG_NEUTRAL(100),train,train,relax_ORG_NEUTRAL(100),Gorillaz,Stop the Dams,gorillaz::stop the dams,relax,1,Dataset1/DS1_TRAIN_MATCH/
relax_ORG_NEUTRAL(171),train,train,relax_ORG_NEUTRAL(171),Faun,Federkleid,faun::federkleid,relax,1,Dataset1/DS1_TRAIN_MATCH/
relax_ORG_NEUTRAL(27),train,train,relax_ORG_NEUTRAL(27),Jack Johnson,Breakdown,jack johnson::breakdown,relax,1,Dataset1/DS1_TRAIN_MATCH/
relax_ORG_NEUTRAL(29),train,train,relax_ORG_NEUTRAL(29),Jack Johnson,Breakdown,jack johnson::breakdown,relax,1,Dataset1/DS1_TRAIN_MATCH/
relax_ORG_NEUTRAL(298),train,train,relax_ORG_NEUTRAL(298),,,,relax,0,Dataset1/DS1_TRAIN_MATCH/
relax_ORG_NEUTRAL(31),test,train,relax_ORG_NEUTRAL(31),Grand Archives,Miniature Birds,grand archives::miniature birds,relax,1,Dataset1/DS1_TEST_MATCH/
relax_ORG_NEUTRAL(317),train,train,relax_ORG_NEUTRAL(317),,,,relax,0,Dataset1/DS1_TRAIN_MATCH/
relax_ORG_NEUTRAL(319),train,train,relax_ORG_NEUTRAL(319),,,,relax,0,Dataset1/DS1_TRAIN_MATCH/
relax_ORG_NEUTRAL(32),train,train,relax_ORG_NEUTRAL(32),Grand Archives,Miniature Birds,grand archives::miniature birds,relax,1,Dataset1/DS1_TRAIN_MATCH/
relax_ORG_NEUTRAL(34),train,train,relax_ORG_NEUTRAL(34),Jack Johnson,Breakdown,jack johnson::breakdown,relax,1,Dataset1/DS1_TRAIN_MATCH/
relax_ORG_NEUTRAL(96),val,train,relax_ORG_NEUTRAL(96),Gorillaz,Stop the Dams,gorillaz::stop the dams,relax,1,Dataset1/DS1_VAL_MATCH/
relax_ORG_NEUTRAL(98),train,train,relax_ORG_NEUTRAL(98),Gorillaz,Stop the Dams,gorillaz::stop the dams,relax,1,Dataset1/DS1_TRAIN_MATCH/
relax_ORG_NEUTRAL(99),train,train,relax_ORG_NEUTRAL(99),Gorillaz,Stop the Dams,gorillaz::stop the dams,relax,0,Dataset1/DS1_TRAIN_MATCH/
relax_ORG_RLX(0),val,train,relax_ORG_RLX(0),Apocalyptica,Nothing Else Matters,apocalyptica::nothing else matters,relax,0,Dataset1/DS1_VAL_MATCH/
relax_ORG_RLX(10),train,train,relax_ORG_RLX(10),Pink Floyd,Marooned,pink floyd::marooned,relax,0,Dataset1/DS1_TRAIN_MATCH/
relax_ORG_RLX(100),train,train,relax_ORG_RLX(100),,,,relax,0,Dataset1/DS1_TRAIN_MATCH/
relax_ORG_RLX(105),train,train,relax_ORG_RLX(105),Josephine J Osborne,deep blue sky,josephine j osborne::deep blue sky,relax,0,Dataset1/DS1_TRAIN_MATCH/
relax_ORG_RLX(111),train,train,relax_ORG_RLX(111),gnash,"i hate u, i love u (feat. olivia o'brien)","gnash::i hate u, i love u (feat. olivia o'brien)",relax,1,Dataset1/DS1_TRAIN_MATCH/
relax_ORG_RLX(113),train,train,relax_ORG_RLX(113),Josephine J Osborne,deep blue sky,josephine j osborne::deep blue sky,relax,0,Dataset1/DS1_TRAIN_MATCH/
relax_ORG_RLX(114),train,train,relax_ORG_RLX(114),Josephine J Osborne,deep blue sky,josephine j osborne::deep blue sky,relax,0,Dataset1/DS1_TRAIN_MATCH/
relax_ORG_RLX(116),train,train,relax_ORG_RLX(116),gnash,"i hate u, i love u (feat. olivia o'brien)","gnash::i hate u, i love u (feat. olivia o'brien)",relax,1,Dataset1/DS1_TRAIN_MATCH/
relax_ORG_RLX(118),train,train,relax_ORG_RLX(118),,,,relax,0,Dataset1/DS1_TRAIN_MATCH/
relax_ORG_RLX(119),train,train,relax_ORG_RLX(119),,,,relax,0,Dataset1/DS1_TRAIN_MATCH/
relax_ORG_RLX(12),train,train,relax_ORG_RLX(12),Pink Floyd,Marooned,pink floyd::marooned,relax,0,Dataset1/DS1_TRAIN_MATCH/
relax_ORG_RLX(120),train,train,relax_ORG_RLX(120),,,,relax,0,Dataset1/DS1_TRAIN_MATCH/
relax_ORG_RLX(123),train,train,relax_ORG_RLX(123),,,,relax,0,Dataset1/DS1_TRAIN_MATCH/
relax_ORG_RLX(132),train,train,relax_ORG_RLX(132),To Relaxing,Relajación Profunda,to relaxing::relajación profunda,relax,0,Dataset1/DS1_TRAIN_MATCH/
relax_ORG_RLX(133),test,train,relax_ORG_RLX(133),Hans Zimmer,Time,hans zimmer::time,relax,0,Dataset1/DS1_TEST_MATCH/
relax_ORG_RLX(135),train,train,relax_ORG_RLX(135),To Relaxing,Relajación Profunda,to relaxing::relajación profunda,relax,0,Dataset1/DS1_TRAIN_MATCH/
relax_ORG_RLX(136),train,train,relax_ORG_RLX(136),National Philharmonic Orchestra,Holberg Suite. I. Prelude,national philharmonic orchestra::holberg suite. i. prelude,relax,0,Dataset1/DS1_TRAIN_MATCH/
relax_ORG_RLX(137),train,train,relax_ORG_RLX(137),Meditacion calmada,Terapias,meditacion calmada::terapias,relax,0,Dataset1/DS1_TRAIN_MATCH/
relax_ORG_RLX(138),val,train,relax_ORG_RLX(138),Meditacion calmada,Terapias,meditacion calmada::terapias,relax,0,Dataset1/DS1_VAL_MATCH/
relax_ORG_RLX(14),val,train,relax_ORG_RLX(14),Kadri Gopalnath,Jagadodhaarana - Kafi - Adi Tala,kadri gopalnath::jagadodhaarana - kafi - adi tala,relax,0,Dataset1/DS1_VAL_MATCH/
relax_ORG_RLX(142),train,train,relax_ORG_RLX(142),Relajacion,Vive Serenamente,relajacion::vive serenamente,relax,0,Dataset1/DS1_TRAIN_MATCH/
relax_ORG_RLX(144),train,train,relax_ORG_RLX(144),Yellow Brick Cinema,Coast of Dreams,yellow brick cinema::coast of dreams,relax,0,Dataset1/DS1_TRAIN_MATCH/
relax_ORG_RLX(148),train,train,relax_ORG_RLX(148),Hans Zimmer,Time,hans zimmer::time,relax,0,Dataset1/DS1_TRAIN_MATCH/
relax_ORG_RLX(149),train,train,relax_ORG_RLX(149),Hans Zimmer,Time,hans zimmer::time,relax,0,Dataset1/DS1_TRAIN_MATCH/
relax_ORG_RLX(152),train,train,relax_ORG_RLX(152),,,,relax,0,Dataset1/DS1_TRAIN_MATCH/
relax_ORG_RLX(153),train,train,relax_ORG_RLX(153),,,,relax,0,Dataset1/DS1_TRAIN_MATCH/
relax_ORG_RLX(155),train,train,relax_ORG_RLX(155),,,,relax,0,Dataset1/DS1_TRAIN_MATCH/
relax_ORG_RLX(156),train,train,relax_ORG_RLX(156),Michael AngelOh,Jehovah (feat. Napoleon Baca),michael angeloh::jehovah (feat. napoleon baca),relax,0,Dataset1/DS1_TRAIN_MATCH/
relax_ORG_RLX(157),train,train,relax_ORG_RLX(157),Michael AngelOh,Jehovah (feat. Napoleon Baca),michael angeloh::jehovah (feat. napoleon baca),relax,0,Dataset1/DS1_TRAIN_MATCH/
relax_ORG_RLX(158),val,train,relax_ORG_RLX(158),Michael AngelOh,Jehovah (feat. Napoleon Baca),michael angeloh::jehovah (feat. napoleon baca),relax,0,Dataset1/DS1_VAL_MATCH/
relax_ORG_RLX(159),train,train,relax_ORG_RLX(159),Michael AngelOh,Jehovah (feat. Napoleon Baca),michael angeloh::jehovah (feat. napoleon baca),relax,0,Dataset1/DS1_TRAIN_MATCH/
relax_ORG_RLX(160),train,train,relax_ORG_RLX(160),Michael AngelOh,Jehovah (feat. Napoleon Baca),michael angeloh::jehovah (feat. napoleon baca),relax,0,Dataset1/DS1_TRAIN_MATCH/
relax_ORG_RLX(161),train,train,relax_ORG_RLX(161),,,,relax,0,Dataset1/DS1_TRAIN_MATCH/
relax_ORG_RLX(162),train,train,relax_ORG_RLX(162),,,,relax,0,Dataset1/DS1_TRAIN_MATCH/
relax_ORG_RLX(163),val,train,relax_ORG_RLX(163),National Philharmonic Orchestra,Holberg Suite. I. Prelude,national philharmonic orchestra::holberg suite. i. prelude,relax,0,Dataset1/DS1_VAL_MATCH/
relax_ORG_RLX(164),val,train,relax_ORG_RLX(164),National Philharmonic Orchestra,Holberg Suite. I. Prelude,national philharmonic orchestra::holberg suite. i. prelude,relax,0,Dataset1/DS1_VAL_MATCH/
relax_ORG_RLX(168),train,train,relax_ORG_RLX(168),Eric Hammerstein,"Tosca: ""Vissi d'arte, vissi d'amore"" (Orchestral version)","eric hammerstein::tosca: ""vissi d'arte, vissi d'amore"" (orchestral version)",relax,0,Dataset1/DS1_TRAIN_MATCH/
relax_ORG_RLX(169),train,train,relax_ORG_RLX(169),Eric Hammerstein,"Tosca: ""Vissi d'arte, vissi d'amore"" (Orchestral version)","eric hammerstein::tosca: ""vissi d'arte, vissi d'amore"" (orchestral version)",relax,0,Dataset1/DS1_TRAIN_MATCH/
relax_ORG_RLX(17),train,train,relax_ORG_RLX(17),Zhou Jieqiong,Victory Flame,zhou jieqiong::victory flame,relax,0,Dataset1/DS1_TRAIN_MATCH/
relax_ORG_RLX(170),train,train,relax_ORG_RLX(170),Eric Hammerstein,"Tosca: ""Vissi d'arte, vissi d'amore"" (Orchestral version)","eric hammerstein::tosca: ""vissi d'arte, vissi d'amore"" (orchestral version)",relax,0,Dataset1/DS1_TRAIN_MATCH/
relax_ORG_RLX(171),train,train,relax_ORG_RLX(171),Charles Gerhardt,Lieutenant Kijé Suite - Troika,charles gerhardt::lieutenant kijé suite - troika,relax,0,Dataset1/DS1_TRAIN_MATCH/
relax_ORG_RLX(172),val,train,relax_ORG_RLX(172),Eric Hammerstein,Return to Rundarne,eric hammerstein::return to rundarne,relax,0,Dataset1/DS1_VAL_MATCH/
relax_ORG_RLX(174),train,train,relax_ORG_RLX(174),,,,relax,0,Dataset1/DS1_TRAIN_MATCH/
relax_ORG_RLX(175),train,train,relax_ORG_RLX(175),,,,relax,0,Dataset1/DS1_TRAIN_MATCH/
relax_ORG_RLX(177),train,train,relax_ORG_RLX(177),,,,relax,0,Dataset1/DS1_TRAIN_MATCH/
relax_ORG_RLX(178),train,train,relax_ORG_RLX(178),,,,relax,0,Dataset1/DS1_TRAIN_MATCH/
relax_ORG_RLX(179),train,train,relax_ORG_RLX(179),,,,relax,0,Dataset1/DS1_TRAIN_MATCH/
relax_ORG_RLX(180),train,train,relax_ORG_RLX(180),The Harmonium Orchestra,The Musical Snuff Box,the harmonium orchestra::the musical snuff box,relax,0,Dataset1/DS1_TRAIN_MATCH/
relax_ORG_RLX(181),train,train,relax_ORG_RLX(181),,,,relax,0,Dataset1/DS1_TRAIN_MATCH/
relax_ORG_RLX(182),train,train,relax_ORG_RLX(182),,,,relax,0,Dataset1/DS1_TRAIN_MATCH/
relax_ORG_RLX(183),train,train,relax_ORG_RLX(183),,,,relax,0,Dataset1/DS1_TRAIN_MATCH/
relax_ORG_RLX(184),train,train,relax_ORG_RLX(184),,,,relax,0,Dataset1/DS1_TRAIN_MATCH/
relax_ORG_RLX(185),train,train,relax_ORG_RLX(185),,,,relax,0,Dataset1/DS1_TRAIN_MATCH/
relax_ORG_RLX(186),val,train,relax_ORG_RLX(186),,,,relax,0,Dataset1/DS1_VAL_MATCH/
relax_ORG_RLX(189),train,train,relax_ORG_RLX(189),,,,relax,0,Dataset1/DS1_TRAIN_MATCH/
relax_ORG_RLX(191),train,train,relax_ORG_RLX(191),,,,relax,0,Dataset1/DS1_TRAIN_MATCH/
relax_ORG_RLX(194),test,train,relax_ORG_RLX(194),Ross Milton,Hear Me Now,ross milton::hear me now,relax,0,Dataset1/DS1_TEST_MATCH/
relax_ORG_RLX(195),train,train,relax_ORG_RLX(195),Ross Milton,Hear Me Now,ross milton::hear me now,relax,0,Dataset1/DS1_TRAIN_MATCH/
relax_ORG_RLX(199),train,train,relax_ORG_RLX(199),Ross Milton,Mean to Me,ross milton::mean to me,relax,0,Dataset1/DS1_TRAIN_MATCH/
relax_ORG_RLX(2),train,train,relax_ORG_RLX(2),Apocalyptica,Nothing Else Matters,apocalyptica::nothing else matters,relax,0,Dataset1/DS1_TRAIN_MATCH/
relax_ORG_RLX(20),train,train,relax_ORG_RLX(20),,,,relax,0,Dataset1/DS1_TRAIN_MATCH/
relax_ORG_RLX(200),train,train,relax_ORG_RLX(200),Ross Milton,Mean to Me,ross milton::mean to me,relax,0,Dataset1/DS1_TRAIN_MATCH/
relax_ORG_RLX(206),train,train,relax_ORG_RLX(206),Pristine Toons,Calm Celetic,pristine toons::calm celetic,relax,0,Dataset1/DS1_TRAIN_MATCH/
relax_ORG_RLX(209),train,train,relax_ORG_RLX(209),Pristine Toons,Calm Celetic,pristine toons::calm celetic,relax,0,Dataset1/DS1_TRAIN_MATCH/
relax_ORG_RLX(210),train,train,relax_ORG_RLX(210),Jordan Jessep,Ataraxia,jordan jessep::ataraxia,relax,0,Dataset1/DS1_TRAIN_MATCH/
relax_ORG_RLX(211),val,train,relax_ORG_RLX(211),Jordan Jessep,Ataraxia,jordan jessep::ataraxia,relax,0,Dataset1/DS1_VAL_MATCH/
relax_ORG_RLX(218),train,train,relax_ORG_RLX(218),Mrm Team,Spiritual Retreat,mrm team::spiritual retreat,relax,0,Dataset1/DS1_TRAIN_MATCH/
relax_ORG_RLX(219),train,train,relax_ORG_RLX(219),Mrm Team,Spiritual Retreat,mrm team::spiritual retreat,relax,0,Dataset1/DS1_TRAIN_MATCH/
relax_ORG_RLX(220),train,train,relax_ORG_RLX(220),Mrm Team,Magic Flute,mrm team::magic flute,relax,0,Dataset1/DS1_TRAIN_MATCH/
relax_ORG_RLX(222),train,train,relax_ORG_RLX(222),Mrm Team,Magic Flute,mrm team::magic flute,relax,0,Dataset1/DS1_TRAIN_MATCH/
relax_ORG_RLX(224),train,train,relax_ORG_RLX(224),MRM Team,Calming,mrm team::calming,relax,0,Dataset1/DS1_TRAIN_MATCH/
relax_ORG_RLX(225),train,train,relax_ORG_RLX(225),MRM Team,Calming,mrm team::calming,relax,0,Dataset1/DS1_TRAIN_MATCH/
relax_ORG_RLX(227),train,train,relax_ORG_RLX(227),MRM Team,Calming,mrm team::calming,relax,0,Dataset1/DS1_TRAIN_MATCH/
relax_ORG_RLX(230),train,train,relax_ORG_RLX(230),,,,relax,0,Dataset1/DS1_TRAIN_MATCH/
relax_ORG_RLX(236),train,train,relax_ORG_RLX(236),Music for a peaceful bedroom,Restful Vibes,music for a peaceful bedroom::restful vibes,relax,0,Dataset1/DS1_TRAIN_MATCH/
relax_ORG_RLX(239),train,train,relax_ORG_RLX(239),,,,relax,0,Dataset1/DS1_TRAIN_MATCH/
relax_ORG_RLX(24),train,train,relax_ORG_RLX(24),,,,relax,0,Dataset1/DS1_TRAIN_MATCH/
relax_ORG_RLX(240),train,train,relax_ORG_RLX(240),,,,relax,0,Dataset1/DS1_TRAIN_MATCH/
relax_ORG_RLX(242),train,train,relax_ORG_RLX(242),,,,relax,0,Dataset1/DS1_TRAIN_MATCH/
relax_ORG_RLX(245),train,train,relax_ORG_RLX(245),TyeDye,Endure (Intro),tyedye::endure (intro),relax,0,Dataset1/DS1_TRAIN_MATCH/
relax_ORG_RLX(247),val,train,relax_ORG_RLX(247),,,,relax,0,Dataset1/DS1_VAL_MATCH/
relax_ORG_RLX(248),train,train,relax_ORG_RLX(248),,,,relax,0,Dataset1/DS1_TRAIN_MATCH/
relax_ORG_RLX(250),train,train,relax_ORG_RLX(250),,,,relax,0,Dataset1/DS1_TRAIN_MATCH/
relax_ORG_RLX(251),train,train,relax_ORG_RLX(251),,,,relax,0,Dataset1/DS1_TRAIN_MATCH/
relax_ORG_RLX(252),train,train,relax_ORG_RLX(252),,,,relax,0,Dataset1/DS1_TRAIN_MATCH/
relax_ORG_RLX(254),train,train,relax_ORG_RLX(254),,,,relax,0,Dataset1/DS1_TRAIN_MATCH/
relax_ORG_RLX(255),train,train,relax_ORG_RLX(255),,,,relax,0,Dataset1/DS1_TRAIN_MATCH/
relax_ORG_RLX(256),train,train,relax_ORG_RLX(256),,,,relax,0,Dataset1/DS1_TRAIN_MATCH/
relax_ORG_RLX(257),train,train,relax_ORG_RLX(257),,,,relax,0,Dataset1/DS1_TRAIN_MATCH/
relax_ORG_RLX(260),train,train,relax_ORG_RLX(260),,,,relax,0,Dataset1/DS1_TRAIN_MATCH/
relax_ORG_RLX(261),train,train,relax_ORG_RLX(261),,,,relax,0,Dataset1/DS1_TRAIN_MATCH/
relax_ORG_RLX(266),train,train,relax_ORG_RLX(266),Nur Sholawat,Sholawat Munjiyat,nur sholawat::sholawat munjiyat,relax,0,Dataset1/DS1_TRAIN_MATCH/
relax_ORG_RLX(268),train,train,relax_ORG_RLX(268),,,,relax,0,Dataset1/DS1_TRAIN_MATCH/
relax_ORG_RLX(269),val,train,relax_ORG_RLX(269),,,,relax,0,Dataset1/DS1_VAL_MATCH/
relax_ORG_RLX(271),train,train,relax_ORG_RLX(271),,,,relax,0,Dataset1/DS1_TRAIN_MATCH/
relax_ORG_RLX(272),train,train,relax_ORG_RLX(272),,,,relax,0,Dataset1/DS1_TRAIN_MATCH/
relax_ORG_RLX(275),train,train,relax_ORG_RLX(275),,,,relax,0,Dataset1/DS1_TRAIN_MATCH/
relax_ORG_RLX(276),train,train,relax_ORG_RLX(276),,,,relax,0,Dataset1/DS1_TRAIN_MATCH/
relax_ORG_RLX(277),train,train,relax_ORG_RLX(277),,,,relax,0,Dataset1/DS1_TRAIN_MATCH/
relax_ORG_RLX(279),train,train,relax_ORG_RLX(279),,,,relax,0,Dataset1/DS1_TRAIN_MATCH/
relax_ORG_RLX(281),train,train,relax_ORG_RLX(281),,,,relax,0,Dataset1/DS1_TRAIN_MATCH/
relax_ORG_RLX(282),train,train,relax_ORG_RLX(282),,,,relax,0,Dataset1/DS1_TRAIN_MATCH/
relax_ORG_RLX(287),train,train,relax_ORG_RLX(287),Salaska,The Last of the Mohicans,salaska::the last of the mohicans,relax,0,Dataset1/DS1_TRAIN_MATCH/
relax_ORG_RLX(288),train,train,relax_ORG_RLX(288),Salaska,The Last of the Mohicans,salaska::the last of the mohicans,relax,0,Dataset1/DS1_TRAIN_MATCH/
relax_ORG_RLX(289),train,train,relax_ORG_RLX(289),Salaska,The Last of the Mohicans,salaska::the last of the mohicans,relax,0,Dataset1/DS1_TRAIN_MATCH/
relax_ORG_RLX(291),val,train,relax_ORG_RLX(291),Piyanist Keno,Xana Serhede,piyanist keno::xana serhede,relax,0,Dataset1/DS1_VAL_MATCH/
relax_ORG_RLX(298),train,train,relax_ORG_RLX(298),,,,relax,0,Dataset1/DS1_TRAIN_MATCH/
relax_ORG_RLX(3),train,train,relax_ORG_RLX(3),Pink Floyd,Marooned,pink floyd::marooned,relax,0,Dataset1/DS1_TRAIN_MATCH/
relax_ORG_RLX(303),train,train,relax_ORG_RLX(303),,,,relax,0,Dataset1/DS1_TRAIN_MATCH/
relax_ORG_RLX(308),train,train,relax_ORG_RLX(308),,,,relax,0,Dataset1/DS1_TRAIN_MATCH/
relax_ORG_RLX(309),val,train,relax_ORG_RLX(309),,,,relax,0,Dataset1/DS1_VAL_MATCH/
relax_ORG_RLX(311),train,train,relax_ORG_RLX(311),,,,relax,0,Dataset1/DS1_TRAIN_MATCH/
relax_ORG_RLX(315),train,train,relax_ORG_RLX(315),,,,relax,0,Dataset1/DS1_TRAIN_MATCH/
relax_ORG_RLX(316),train,train,relax_ORG_RLX(316),Trvxzen,Inside,trvxzen::inside,relax,0,Dataset1/DS1_TRAIN_MATCH/
relax_ORG_RLX(317),train,train,relax_ORG_RLX(317),,,,relax,0,Dataset1/DS1_TRAIN_MATCH/
relax_ORG_RLX(320),train,train,relax_ORG_RLX(320),,,,relax,0,Dataset1/DS1_TRAIN_MATCH/
relax_ORG_RLX(323),val,train,relax_ORG_RLX(323),,,,relax,0,Dataset1/DS1_VAL_MATCH/
relax_ORG_RLX(324),train,train,relax_ORG_RLX(324),,,,relax,0,Dataset1/DS1_TRAIN_MATCH/
relax_ORG_RLX(329),train,train,relax_ORG_RLX(329),,,,relax,0,Dataset1/DS1_TRAIN_MATCH/
relax_ORG_RLX(33),train,train,relax_ORG_RLX(33),,,,relax,0,Dataset1/DS1_TRAIN_MATCH/
relax_ORG_RLX(333),train,train,relax_ORG_RLX(333),Kenji Kawai,Liu Zi Ling,kenji kawai::liu zi ling,relax,0,Dataset1/DS1_TRAIN_MATCH/
relax_ORG_RLX(335),train,train,relax_ORG_RLX(335),Kenji Kawai,Liu Zi Ling,kenji kawai::liu zi ling,relax,0,Dataset1/DS1_TRAIN_MATCH/
relax_ORG_RLX(336),train,train,relax_ORG_RLX(336),Kenji Kawai,Liu Zi Ling,kenji kawai::liu zi ling,relax,0,Dataset1/DS1_TRAIN_MATCH/
relax_ORG_RLX(337),train,train,relax_ORG_RLX(337),,,,relax,0,Dataset1/DS1_TRAIN_MATCH/
relax_ORG_RLX(342),train,train,relax_ORG_RLX(342),Willson John,Flying on the Sky,willson john::flying on the sky,relax,0,Dataset1/DS1_TRAIN_MATCH/
relax_ORG_RLX(343),train,train,relax_ORG_RLX(343),Willson John,Flying on the Sky,willson john::flying on the sky,relax,0,Dataset1/DS1_TRAIN_MATCH/
relax_ORG_RLX(344),train,train,relax_ORG_RLX(344),Willson John,Flying on the Sky,willson john::flying on the sky,relax,0,Dataset1/DS1_TRAIN_MATCH/
relax_ORG_RLX(345),train,train,relax_ORG_RLX(345),,,,relax,0,Dataset1/DS1_TRAIN_MATCH/
relax_ORG_RLX(346),train,train,relax_ORG_RLX(346),,,,relax,0,Dataset1/DS1_TRAIN_MATCH/
relax_ORG_RLX(347),train,train,relax_ORG_RLX(347),,,,relax,0,Dataset1/DS1_TRAIN_MATCH/
relax_ORG_RLX(39),train,train,relax_ORG_RLX(39),,,,relax,0,Dataset1/DS1_TRAIN_MATCH/
relax_ORG_RLX(4),train,train,relax_ORG_RLX(4),Pink Floyd,Marooned,pink floyd::marooned,relax,0,Dataset1/DS1_TRAIN_MATCH/
relax_ORG_RLX(41),train,train,relax_ORG_RLX(41),,,,relax,0,Dataset1/DS1_TRAIN_MATCH/
relax_ORG_RLX(42),train,train,relax_ORG_RLX(42),,,,relax,0,Dataset1/DS1_TRAIN_MATCH/
relax_ORG_RLX(43),train,train,relax_ORG_RLX(43),,,,relax,0,Dataset1/DS1_TRAIN_MATCH/
relax_ORG_RLX(45),train,train,relax_ORG_RLX(45),,,,relax,0,Dataset1/DS1_TRAIN_MATCH/
relax_ORG_RLX(48),train,train,relax_ORG_RLX(48),,,,relax,0,Dataset1/DS1_TRAIN_MATCH/
relax_ORG_RLX(5),train,train,relax_ORG_RLX(5),Pink Floyd,Marooned,pink floyd::marooned,relax,0,Dataset1/DS1_TRAIN_MATCH/
relax_ORG_RLX(54),train,train,relax_ORG_RLX(54),,,,relax,0,Dataset1/DS1_TRAIN_MATCH/
relax_ORG_RLX(55),train,train,relax_ORG_RLX(55),,,,relax,0,Dataset1/DS1_TRAIN_MATCH/
relax_ORG_RLX(59),train,train,relax_ORG_RLX(59),,,,relax,0,Dataset1/DS1_TRAIN_MATCH/
relax_ORG_RLX(6),train,train,relax_ORG_RLX(6),Pink Floyd,Marooned,pink floyd::marooned,relax,0,Dataset1/DS1_TRAIN_MATCH/
relax_ORG_RLX(61),train,train,relax_ORG_RLX(61),Shabl1,Choctaw spirit (Live),shabl1::choctaw spirit (live),relax,0,Dataset1/DS1_TRAIN_MATCH/
relax_ORG_RLX(73),train,train,relax_ORG_RLX(73),,,,relax,0,Dataset1/DS1_TRAIN_MATCH/
relax_ORG_RLX(79),train,train,relax_ORG_RLX(79),,,,relax,0,Dataset1/DS1_TRAIN_MATCH/
relax_ORG_RLX(80),train,train,relax_ORG_RLX(80),,,,relax,0,Dataset1/DS1_TRAIN_MATCH/
relax_ORG_RLX(82),train,train,relax_ORG_RLX(82),,,,relax,0,Dataset1/DS1_TRAIN_MATCH/
relax_ORG_RLX(83),train,train,relax_ORG_RLX(83),,,,relax,0,Dataset1/DS1_TRAIN_MATCH/
relax_ORG_RLX(84),val,train,relax_ORG_RLX(84),SITA KUNWAR,Fol,sita kunwar::fol,relax,0,Dataset1/DS1_VAL_MATCH/
relax_ORG_RLX(85),train,train,relax_ORG_RLX(85),,,,relax,0,Dataset1/DS1_TRAIN_MATCH/
relax_ORG_RLX(86),train,train,relax_ORG_RLX(86),,,,relax,0,Dataset1/DS1_TRAIN_MATCH/
relax_ORG_RLX(87),train,train,relax_ORG_RLX(87),,,,relax,0,Dataset1/DS1_TRAIN_MATCH/
relax_ORG_RLX(88),train,train,relax_ORG_RLX(88),,,,relax,0,Dataset1/DS1_TRAIN_MATCH/
relax_ORG_RLX(89),train,train,relax_ORG_RLX(89),,,,relax,0,Dataset1/DS1_TRAIN_MATCH/
relax_ORG_RLX(9),train,train,relax_ORG_RLX(9),Pink Floyd,Marooned,pink floyd::marooned,relax,0,Dataset1/DS1_TRAIN_MATCH/
relax_ORG_RLX(95),train,train,relax_ORG_RLX(95),,,,relax,0,Dataset1/DS1_TRAIN_MATCH/
relax_ORG_RLX(97),train,train,relax_ORG_RLX(97),,,,relax,0,Dataset1/DS1_TRAIN_MATCH/
relax_ORG_RLX(98),train,train,relax_ORG_RLX(98),,,,relax,0,Dataset1/DS1_TRAIN_MATCH/
relax_ORG_RLX(99),train,train,relax_ORG_RLX(99),,,,relax,0,Dataset1/DS1_TRAIN_MATCH/
relax_RELX_MEA(0)-10-of-11,train,train,relax_RELX_MEA(0),,,,relax,0,Dataset1/DS1_TRAIN_MATCH/
relax_RELX_MEA(0)-2-of-11,train,train,relax_RELX_MEA(0),"Dennis J. McShane, M.D.",Fugue in D Minor “Santa Clara” for Piano,"dennis j. mcshane, m.d.::fugue in d minor “santa clara” for piano",relax,0,Dataset1/DS1_TRAIN_MATCH/
relax_RELX_MEA(0)-9-of-11,train,train,relax_RELX_MEA(0),Wonderful Lullabies,Sleepy Little Snowflake,wonderful lullabies::sleepy little snowflake,relax,0,Dataset1/DS1_TRAIN_MATCH/
relax_RELX_MEA(10)-2-of-6,train,train,relax_RELX_MEA(10),Aj Kju,Samo Sakav,aj kju::samo sakav,relax,0,Dataset1/DS1_TRAIN_MATCH/
relax_RELX_MEA(11)-5-of-9,train,train,relax_RELX_MEA(11),Flash The Readies,Elevate,flash the readies::elevate,relax,0,Dataset1/DS1_TRAIN_MATCH/
relax_RELX_MEA(16)-1-of-9,train,train,relax_RELX_MEA(16),Bon Iver,Wash.,bon iver::wash.,relax,1,Dataset1/DS1_TRAIN_MATCH/
relax_RELX_MEA(16)-2-of-9,val,train,relax_RELX_MEA(16),Bon Iver,Wash.,bon iver::wash.,relax,1,Dataset1/DS1_VAL_MATCH/
relax_RELX_MEA(16)-3-of-9,train,train,relax_RELX_MEA(16),Bon Iver,Wash.,bon iver::wash.,relax,1,Dataset1/DS1_TRAIN_MATCH/
relax_RELX_MEA(16)-5-of-9,train,train,relax_RELX_MEA(16),Bon Iver,Wash.,bon iver::wash.,relax,1,Dataset1/DS1_TRAIN_MATCH/
relax_RELX_MEA(16)-7-of-9,train,train,relax_RELX_MEA(16),Bon Iver,Wash.,bon iver::wash.,relax,1,Dataset1/DS1_TRAIN_MATCH/
relax_RELX_MEA(16)-8-of-9,train,train,relax_RELX_MEA(16),Bon Iver,Wash.,bon iver::wash.,relax,1,Dataset1/DS1_TRAIN_MATCH/
relax_RELX_MEA(24)-10-of-11,train,train,relax_RELX_MEA(24),,,,relax,0,Dataset1/DS1_TRAIN_MATCH/
relax_RELX_MEA(24)-5-of-11,train,train,relax_RELX_MEA(24),,,,relax,0,Dataset1/DS1_TRAIN_MATCH/
relax_RELX_MEA(29)-1-of-11,train,train,relax_RELX_MEA(29),,,,relax,0,Dataset1/DS1_TRAIN_MATCH/
relax_RELX_MEA(29)-10-of-11,train,train,relax_RELX_MEA(29),,,,relax,0,Dataset1/DS1_TRAIN_MATCH/
relax_RELX_MEA(30)-2-of-9,train,train,relax_RELX_MEA(30),Neo Cartoon Lover,Input Output,neo cartoon lover::input output,relax,0,Dataset1/DS1_TRAIN_MATCH/
relax_RELX_MEA(30)-6-of-9,train,train,relax_RELX_MEA(30),Neo Cartoon Lover,Input Output,neo cartoon lover::input output,relax,0,Dataset1/DS1_TRAIN_MATCH/
relax_RELX_MEA(31)-2-of-9,train,train,relax_RELX_MEA(31),AWOLNATION,Sail (Dan the Automator Remix),awolnation::sail (dan the automator remix),relax,1,Dataset1/DS1_TRAIN_MATCH/
relax_RELX_MEA(7)-2-of-7,train,train,relax_RELX_MEA(7),Craig David,Unbelievable,craig david::unbelievable,relax,1,Dataset1/DS1_TRAIN_MATCH/
relax_RELX_MEA(7)-5-of-7,train,train,relax_RELX_MEA(7),Craig David,Unbelievable,craig david::unbelievable,relax,1,Dataset1/DS1_TRAIN_MATCH/
relax_RELX_MEA(8)-2-of-7,train,train,relax_RELX_MEA(8),Ellem,It's Cold Out,ellem::it's cold out,relax,0,Dataset1/DS1_TRAIN_MATCH/
relax_RELX_MEA(8)-4-of-7,train,train,relax_RELX_MEA(8),Ellem,It's Cold Out,ellem::it's cold out,relax,0,Dataset1/DS1_TRAIN_MATCH/
relax_REVIEW_RLX(13),train,train,relax_REVIEW_RLX(13),Peder B. Helland,Happy Times,peder b. helland::happy times,relax,0,Dataset1/DS1_TRAIN_MATCH/
relax_REVIEW_RLX(14),train,train,relax_REVIEW_RLX(14),Peder B. Helland,Happy Times,peder b. helland::happy times,relax,0,Dataset1/DS1_TRAIN_MATCH/
relax_REVIEW_RLX(2),train,train,relax_REVIEW_RLX(2),MAKAVELI INSTRUMENTALS,in the streaming,makaveli instrumentals::in the streaming,relax,0,Dataset1/DS1_TRAIN_MATCH/
relax_REVIEW_RLX(22),train,train,relax_REVIEW_RLX(22),Para Dormir,Lluvia Con Música Relajante,para dormir::lluvia con música relajante,relax,0,Dataset1/DS1_TRAIN_MATCH/
relax_REVIEW_RLX(23),train,train,relax_REVIEW_RLX(23),,,,relax,0,Dataset1/DS1_TRAIN_MATCH/
relax_REVIEW_RLX(26),train,train,relax_REVIEW_RLX(26),,,,relax,0,Dataset1/DS1_TRAIN_MATCH/
relax_REVIEW_RLX(27),train,train,relax_REVIEW_RLX(27),,,,relax,0,Dataset1/DS1_TRAIN_MATCH/
relax_REVIEW_RLX(28),train,train,relax_REVIEW_RLX(28),Para Dormir,Lluvia Con Música Relajante,para dormir::lluvia con música relajante,relax,0,Dataset1/DS1_TRAIN_MATCH/
relax_REVIEW_RLX(29),train,train,relax_REVIEW_RLX(29),Para Dormir,Lluvia Con Música Relajante,para dormir::lluvia con música relajante,relax,0,Dataset1/DS1_TRAIN_MATCH/
relax_REVIEW_RLX(30),val,train,relax_REVIEW_RLX(30),,,,relax,0,Dataset1/DS1_VAL_MATCH/
relax_REVIEW_RLX(32),train,train,relax_REVIEW_RLX(32),Two Steps from Hell,Color the Sky,two steps from hell::color the sky,relax,0,Dataset1/DS1_TRAIN_MATCH/
relax_REVIEW_RLX(35),train,train,relax_REVIEW_RLX(35),Damuyaha,Heal your mind,damuyaha::heal your mind,relax,0,Dataset1/DS1_TRAIN_MATCH/
relax_REVIEW_RLX(40),train,train,relax_REVIEW_RLX(40),Jason Stephenson,Heart of the Sea: A Guided Spoken Visualization,jason stephenson::heart of the sea: a guided spoken visualization,relax,0,Dataset1/DS1_TRAIN_MATCH/
relax_REVIEW_RLX(41),train,train,relax_REVIEW_RLX(41),Jason Stephenson,Heart of the Sea: A Guided Spoken Visualization,jason stephenson::heart of the sea: a guided spoken visualization,relax,0,Dataset1/DS1_TRAIN_MATCH/
relax_REVIEW_RLX(42),train,train,relax_REVIEW_RLX(42),Jason Stephenson,Heart of the Sea: A Guided Spoken Visualization,jason stephenson::heart of the sea: a guided spoken visualization,relax,0,Dataset1/DS1_TRAIN_MATCH/
relax_REVIEW_RLX(46),val,train,relax_REVIEW_RLX(46),Jason Stephenson,Night Run,jason stephenson::night run,relax,0,Dataset1/DS1_VAL_MATCH/
relax_REVIEW_RLX(47),train,train,relax_REVIEW_RLX(47),,,,relax,0,Dataset1/DS1_TRAIN_MATCH/
relax_REVIEW_RLX(56),train,train,relax_REVIEW_RLX(56),,,,relax,0,Dataset1/DS1_TRAIN_MATCH/
relax_REVIEW_RLX(57),train,train,relax_REVIEW_RLX(57),,,,relax,0,Dataset1/DS1_TRAIN_MATCH/
relax_REVIEW_RLX(62),train,train,relax_REVIEW_RLX(62),Archangels Melodic Vibes,Guerra Napoleônica,archangels melodic vibes::guerra napoleônica,relax,0,Dataset1/DS1_TRAIN_MATCH/
relax_REVIEW_RLX(63),train,train,relax_REVIEW_RLX(63),Archangels Melodic Vibes,Guerra Napoleônica,archangels melodic vibes::guerra napoleônica,relax,0,Dataset1/DS1_TRAIN_MATCH/
relax_REVIEW_RLX_LLT(1),train,train,relax_REVIEW_RLX_LLT(1),,,,relax,0,Dataset1/DS1_TRAIN_MATCH/
relax_REVIEW_RLX_LLT(14),val,train,relax_REVIEW_RLX_LLT(14),Bon Iver,Wash.,bon iver::wash.,relax,1,Dataset1/DS1_VAL_MATCH/
relax_REVIEW_RLX_LLT(15),train,train,relax_REVIEW_RLX_LLT(15),Bon Iver,Wash.,bon iver::wash.,relax,1,Dataset1/DS1_TRAIN_MATCH/
relax_REVIEW_RLX_LLT(17),train,train,relax_REVIEW_RLX_LLT(17),Bon Iver,Wash.,bon iver::wash.,relax,1,Dataset1/DS1_TRAIN_MATCH/
relax_REVIEW_RLX_LLT(18),train,train,relax_REVIEW_RLX_LLT(18),,,,relax,0,Dataset1/DS1_TRAIN_MATCH/
relax_REVIEW_RLX_LLT(19),train,train,relax_REVIEW_RLX_LLT(19),,,,relax,0,Dataset1/DS1_TRAIN_MATCH/
relax_REVIEW_RLX_LLT(20),train,train,relax_REVIEW_RLX_LLT(20),,,,relax,0,Dataset1/DS1_TRAIN_MATCH/
relax_REVIEW_RLX_LLT(21),train,train,relax_REVIEW_RLX_LLT(21),,,,relax,0,Dataset1/DS1_TRAIN_MATCH/
relax_REVIEW_RLX_LLT(22),val,train,relax_REVIEW_RLX_LLT(22),,,,relax,0,Dataset1/DS1_VAL_MATCH/
relax_REVIEW_RLX_LLT(24),train,train,relax_REVIEW_RLX_LLT(24),,,,relax,0,Dataset1/DS1_TRAIN_MATCH/
relax_REVIEW_RLX_LLT(27),train,train,relax_REVIEW_RLX_LLT(27),AWOLNATION,Sail (Dan the Automator Remix),awolnation::sail (dan the automator remix),relax,0,Dataset1/DS1_TRAIN_MATCH/
relax_REVIEW_RLX_LLT(28),train,train,relax_REVIEW_RLX_LLT(28),"Dennis J. McShane, M.D.",Fugue in D Minor “Santa Clara” for Piano,"dennis j. mcshane, m.d.::fugue in d minor “santa clara” for piano",relax,0,Dataset1/DS1_TRAIN_MATCH/
relax_REVIEW_RLX_LLT(4),train,train,relax_REVIEW_RLX_LLT(4),Craig David,Unbelievable,craig david::unbelievable,relax,1,Dataset1/DS1_TRAIN_MATCH/
relax_REVIEW_RLX_LLT(5),val,train,relax_REVIEW_RLX_LLT(5),Craig David,Unbelievable,craig david::unbelievable,relax,1,Dataset1/DS1_VAL_MATCH/
relax_REVIEW_RLX_LLT(7),train,train,relax_REVIEW_RLX_LLT(7),Ellem,It's Cold Out,ellem::it's cold out,relax,0,Dataset1/DS1_TRAIN_MATCH/
relax_REVIEW_RLX_LLT(8),train,train,relax_REVIEW_RLX_LLT(8),Aj Kju,Samo Sakav,aj kju::samo sakav,relax,0,Dataset1/DS1_TRAIN_MATCH/
relax_REVIEW_RLX_LLT(9),train,train,relax_REVIEW_RLX_LLT(9),Flash The Readies,Elevate,flash the readies::elevate,relax,0,Dataset1/DS1_TRAIN_MATCH/
relax_Rellx_FINAL_DL(0),train,train,relax_Rellx_FINAL_DL(0),Wiener Staatsopernorchester,"Serenade No. 13 for Strings in G Major, K. 525 ""A Little Night Music"": IV. Rondo. Allegro","wiener staatsopernorchester::serenade no. 13 for strings in g major, k. 525 ""a little night music"": iv. rondo. allegro",relax,0,Dataset1/DS1_TRAIN_MATCH/
relax_Rellx_FINAL_DL(1),train,train,relax_Rellx_FINAL_DL(1),Wiener Staatsopernorchester,"Serenade No. 13 for Strings in G Major, K. 525 ""A Little Night Music"": IV. Rondo. Allegro","wiener staatsopernorchester::serenade no. 13 for strings in g major, k. 525 ""a little night music"": iv. rondo. allegro",relax,0,Dataset1/DS1_TRAIN_MATCH/
relax_Rellx_FINAL_DL(10),train,train,relax_Rellx_FINAL_DL(10),Отава Ё,Про Ивана groove,отава ё::про ивана groove,relax,0,Dataset1/DS1_TRAIN_MATCH/
relax_Rellx_FINAL_DL(102),train,train,relax_Rellx_FINAL_DL(102),Batzorig Vaanchig,Hunnu Guren,batzorig vaanchig::hunnu guren,relax,1,Dataset1/DS1_TRAIN_MATCH/
relax_Rellx_FINAL_DL(103),train,train,relax_Rellx_FINAL_DL(103),Batzorig Vaanchig,Hunnu Guren,batzorig vaanchig::hunnu guren,relax,1,Dataset1/DS1_TRAIN_MATCH/
relax_Rellx_FINAL_DL(104),train,train,relax_Rellx_FINAL_DL(104),Amit Sana,Woh Kisna Hai,amit sana::woh kisna hai,relax,1,Dataset1/DS1_TRAIN_MATCH/
relax_Rellx_FINAL_DL(105),train,train,relax_Rellx_FINAL_DL(105),For Real,The Saddest Song I Ever Heard,for real::the saddest song i ever heard,relax,1,Dataset1/DS1_TRAIN_MATCH/
relax_Rellx_FINAL_DL(107),train,train,relax_Rellx_FINAL_DL(107),,,,relax,0,Dataset1/DS1_TRAIN_MATCH/
relax_Rellx_FINAL_DL(110),train,train,relax_Rellx_FINAL_DL(110),,,,relax,0,Dataset1/DS1_TRAIN_MATCH/
relax_Rellx_FINAL_DL(111),train,train,relax_Rellx_FINAL_DL(111),,,,relax,0,Dataset1/DS1_TRAIN_MATCH/
relax_Rellx_FINAL_DL(114),train,train,relax_Rellx_FINAL_DL(114),,,,relax,0,Dataset1/DS1_TRAIN_MATCH/
relax_Rellx_FINAL_DL(115),train,train,relax_Rellx_FINAL_DL(115),,,,relax,0,Dataset1/DS1_TRAIN_MATCH/
relax_Rellx_FINAL_DL(116),train,train,relax_Rellx_FINAL_DL(116),,,,relax,0,Dataset1/DS1_TRAIN_MATCH/
relax_Rellx_FINAL_DL(119),train,train,relax_Rellx_FINAL_DL(119),,,,relax,0,Dataset1/DS1_TRAIN_MATCH/
relax_Rellx_FINAL_DL(12),train,train,relax_Rellx_FINAL_DL(12),,,,relax,0,Dataset1/DS1_TRAIN_MATCH/
relax_Rellx_FINAL_DL(120),train,train,relax_Rellx_FINAL_DL(120),Royal Philharmonic Orchestra,The Pines of Rome (I pini di Roma). I. The Pines of the Villa Borghese (Pinien von Rom / Les pins de Rome),royal philharmonic orchestra::the pines of rome (i pini di roma). i. the pines of the villa borghese (pinien von rom / les pins de rome),relax,0,Dataset1/DS1_TRAIN_MATCH/
relax_Rellx_FINAL_DL(121),train,train,relax_Rellx_FINAL_DL(121),Kailash Kher,Adiyogi The Source of Yoga,kailash kher::adiyogi the source of yoga,relax,0,Dataset1/DS1_TRAIN_MATCH/
relax_Rellx_FINAL_DL(122),train,train,relax_Rellx_FINAL_DL(122),Kailash Kher,Adiyogi The Source of Yoga,kailash kher::adiyogi the source of yoga,relax,1,Dataset1/DS1_TRAIN_MATCH/
relax_Rellx_FINAL_DL(125),train,train,relax_Rellx_FINAL_DL(125),Vino Nuevo,I Surrender,vino nuevo::i surrender,relax,0,Dataset1/DS1_TRAIN_MATCH/
relax_Rellx_FINAL_DL(126),train,train,relax_Rellx_FINAL_DL(126),Vino Nuevo,I Surrender,vino nuevo::i surrender,relax,0,Dataset1/DS1_TRAIN_MATCH/
relax_Rellx_FINAL_DL(127),train,train,relax_Rellx_FINAL_DL(127),F-Plus,Dinner by Ghostlight,f-plus::dinner by ghostlight,relax,0,Dataset1/DS1_TRAIN_MATCH/
relax_Rellx_FINAL_DL(128),train,train,relax_Rellx_FINAL_DL(128),F-Plus,Dinner by Ghostlight,f-plus::dinner by ghostlight,relax,0,Dataset1/DS1_TRAIN_MATCH/
relax_Rellx_FINAL_DL(129),train,train,relax_Rellx_FINAL_DL(129),John Rutter,Gaelic Blessing (Deep Peace),john rutter::gaelic blessing (deep peace),relax,0,Dataset1/DS1_TRAIN_MATCH/
relax_Rellx_FINAL_DL(13),train,train,relax_Rellx_FINAL_DL(13),Vino Nuevo,I Surrender,vino nuevo::i surrender,relax,0,Dataset1/DS1_TRAIN_MATCH/
relax_Rellx_FINAL_DL(130),train,train,relax_Rellx_FINAL_DL(130),John Rutter,Gaelic Blessing (Deep Peace),john rutter::gaelic blessing (deep peace),relax,0,Dataset1/DS1_TRAIN_MATCH/
relax_Rellx_FINAL_DL(131),train,train,relax_Rellx_FINAL_DL(131),John Rutter,Gaelic Blessing (Deep Peace),john rutter::gaelic blessing (deep peace),relax,0,Dataset1/DS1_TRAIN_MATCH/
relax_Rellx_FINAL_DL(132),train,train,relax_Rellx_FINAL_DL(132),The Boston Pops Orchestra,"Arlen: Over The Rainbow (From ""The Wizard Of Oz"")","the boston pops orchestra::arlen: over the rainbow (from ""the wizard of oz"")",relax,0,Dataset1/DS1_TRAIN_MATCH/
relax_Rellx_FINAL_DL(133),train,train,relax_Rellx_FINAL_DL(133),The Norman Luboff Choir,The Way You Look Tonight,the norman luboff choir::the way you look tonight,relax,0,Dataset1/DS1_TRAIN_MATCH/
relax_Rellx_FINAL_DL(134),train,train,relax_Rellx_FINAL_DL(134),The Norman Luboff Choir,Yellow Bird,the norman luboff choir::yellow bird,relax,0,Dataset1/DS1_TRAIN_MATCH/
relax_Rellx_FINAL_DL(135),train,train,relax_Rellx_FINAL_DL(135),The Norman Luboff Choir,Yellow Bird,the norman luboff choir::yellow bird,relax,0,Dataset1/DS1_TRAIN_MATCH/
relax_Rellx_FINAL_DL(136),train,train,relax_Rellx_FINAL_DL(136),,,,relax,0,Dataset1/DS1_TRAIN_MATCH/
relax_Rellx_FINAL_DL(138),train,train,relax_Rellx_FINAL_DL(138),,,,relax,0,Dataset1/DS1_TRAIN_MATCH/
relax_Rellx_FINAL_DL(140),val,train,relax_Rellx_FINAL_DL(140),ELEMRY,Clappysier,elemry::clappysier,relax,0,Dataset1/DS1_VAL_MATCH/
relax_Rellx_FINAL_DL(141),train,train,relax_Rellx_FINAL_DL(141),ELEMRY,Clappysier,elemry::clappysier,relax,0,Dataset1/DS1_TRAIN_MATCH/
relax_Rellx_FINAL_DL(145),train,train,relax_Rellx_FINAL_DL(145),Sai Shivani,Natyam,sai shivani::natyam,relax,0,Dataset1/DS1_TRAIN_MATCH/
relax_Rellx_FINAL_DL(146),train,train,relax_Rellx_FINAL_DL(146),Adnan Sami,Tera Chehra,adnan sami::tera chehra,relax,0,Dataset1/DS1_TRAIN_MATCH/
relax_Rellx_FINAL_DL(147),val,train,relax_Rellx_FINAL_DL(147),Adnan Sami,Tera Chehra,adnan sami::tera chehra,relax,1,Dataset1/DS1_VAL_MATCH/
relax_Rellx_FINAL_DL(148),train,train,relax_Rellx_FINAL_DL(148),Adnan Sami,Tera Chehra,adnan sami::tera chehra,relax,0,Dataset1/DS1_TRAIN_MATCH/
relax_Rellx_FINAL_DL(149),train,train,relax_Rellx_FINAL_DL(149),,,,relax,0,Dataset1/DS1_TRAIN_MATCH/
relax_Rellx_FINAL_DL(15),train,train,relax_Rellx_FINAL_DL(15),Vino Nuevo,I Surrender,vino nuevo::i surrender,relax,0,Dataset1/DS1_TRAIN_MATCH/
relax_Rellx_FINAL_DL(151),train,train,relax_Rellx_FINAL_DL(151),,,,relax,0,Dataset1/DS1_TRAIN_MATCH/
relax_Rellx_FINAL_DL(152),train,train,relax_Rellx_FINAL_DL(152),,,,relax,0,Dataset1/DS1_TRAIN_MATCH/
relax_Rellx_FINAL_DL(154),train,train,relax_Rellx_FINAL_DL(154),,,,relax,0,Dataset1/DS1_TRAIN_MATCH/
relax_Rellx_FINAL_DL(155),train,train,relax_Rellx_FINAL_DL(155),,,,relax,0,Dataset1/DS1_TRAIN_MATCH/
relax_Rellx_FINAL_DL(157),train,train,relax_Rellx_FINAL_DL(157),Eric Hammerstein,"Tosca: ""Vissi d'arte, vissi d'amore"" (Orchestral version)","eric hammerstein::tosca: ""vissi d'arte, vissi d'amore"" (orchestral version)",relax,0,Dataset1/DS1_TRAIN_MATCH/
relax_Rellx_FINAL_DL(159),train,train,relax_Rellx_FINAL_DL(159),Eric Hammerstein,Return to Rundarne,eric hammerstein::return to rundarne,relax,0,Dataset1/DS1_TRAIN_MATCH/
relax_Rellx_FINAL_DL(161),train,train,relax_Rellx_FINAL_DL(161),,,,relax,0,Dataset1/DS1_TRAIN_MATCH/
relax_Rellx_FINAL_DL(168),train,train,relax_Rellx_FINAL_DL(168),Multi-interprètes,"La Mer, I. From Dawn To Midday On The Sea","multi-interprètes::la mer, i. from dawn to midday on the sea",relax,0,Dataset1/DS1_TRAIN_MATCH/
relax_Rellx_FINAL_DL(170),train,train,relax_Rellx_FINAL_DL(170),Multi-interprètes,"La Mer, I. From Dawn To Midday On The Sea","multi-interprètes::la mer, i. from dawn to midday on the sea",relax,0,Dataset1/DS1_TRAIN_MATCH/
relax_Rellx_FINAL_DL(171),train,train,relax_Rellx_FINAL_DL(171),James Newton Howard,Flow Like Water,james newton howard::flow like water,relax,0,Dataset1/DS1_TRAIN_MATCH/
relax_Rellx_FINAL_DL(172),train,train,relax_Rellx_FINAL_DL(172),James Newton Howard,Flow Like Water,james newton howard::flow like water,relax,0,Dataset1/DS1_TRAIN_MATCH/
relax_Rellx_FINAL_DL(174),train,train,relax_Rellx_FINAL_DL(174),James Newton Howard,Flow Like Water,james newton howard::flow like water,relax,0,Dataset1/DS1_TRAIN_MATCH/
relax_Rellx_FINAL_DL(177),train,train,relax_Rellx_FINAL_DL(177),Ramin Djawadi,I Have Everything I Need,ramin djawadi::i have everything i need,relax,0,Dataset1/DS1_TRAIN_MATCH/
relax_Rellx_FINAL_DL(178),train,train,relax_Rellx_FINAL_DL(178),Ramin Djawadi,I Have Everything I Need,ramin djawadi::i have everything i need,relax,0,Dataset1/DS1_TRAIN_MATCH/
relax_Rellx_FINAL_DL(179),train,train,relax_Rellx_FINAL_DL(179),"Thomas Bergersen, Two Steps From Hell",Freedom Fighters,"thomas bergersen, two steps from hell::freedom fighters",relax,0,Dataset1/DS1_TRAIN_MATCH/
relax_Rellx_FINAL_DL(180),train,train,relax_Rellx_FINAL_DL(180),"Thomas Bergersen, Two Steps From Hell",Freedom Fighters,"thomas bergersen, two steps from hell::freedom fighters",relax,0,Dataset1/DS1_TRAIN_MATCH/
relax_Rellx_FINAL_DL(184),train,train,relax_Rellx_FINAL_DL(184),Arijit Singh,Aayat,arijit singh::aayat,relax,1,Dataset1/DS1_TRAIN_MATCH/
relax_Rellx_FINAL_DL(185),val,train,relax_Rellx_FINAL_DL(185),Arijit Singh,Aayat,arijit singh::aayat,relax,1,Dataset1/DS1_VAL_MATCH/
relax_Rellx_FINAL_DL(186),train,train,relax_Rellx_FINAL_DL(186),,,,relax,0,Dataset1/DS1_TRAIN_MATCH/
relax_Rellx_FINAL_DL(188),train,train,relax_Rellx_FINAL_DL(188),Michael Lucarelli,Malaguena,michael lucarelli::malaguena,relax,0,Dataset1/DS1_TRAIN_MATCH/
relax_Rellx_FINAL_DL(189),train,train,relax_Rellx_FINAL_DL(189),Michael Lucarelli,Malaguena,michael lucarelli::malaguena,relax,0,Dataset1/DS1_TRAIN_MATCH/
relax_Rellx_FINAL_DL(19),train,train,relax_Rellx_FINAL_DL(19),,,,relax,0,Dataset1/DS1_TRAIN_MATCH/
relax_Rellx_FINAL_DL(192),train,train,relax_Rellx_FINAL_DL(192),,,,relax,0,Dataset1/DS1_TRAIN_MATCH/
relax_Rellx_FINAL_DL(193),val,train,relax_Rellx_FINAL_DL(193),,,,relax,0,Dataset1/DS1_VAL_MATCH/
relax_Rellx_FINAL_DL(194),train,train,relax_Rellx_FINAL_DL(194),,,,relax,0,Dataset1/DS1_TRAIN_MATCH/
relax_Rellx_FINAL_DL(197),train,train,relax_Rellx_FINAL_DL(197),,,,relax,0,Dataset1/DS1_TRAIN_MATCH/
relax_Rellx_FINAL_DL(198),train,train,relax_Rellx_FINAL_DL(198),,,,relax,0,Dataset1/DS1_TRAIN_MATCH/
relax_Rellx_FINAL_DL(199),train,train,relax_Rellx_FINAL_DL(199),National Philharmonic Orchestra,Holberg Suite. I. Prelude,national philharmonic orchestra::holberg suite. i. prelude,relax,0,Dataset1/DS1_TRAIN_MATCH/
relax_Rellx_FINAL_DL(2),train,train,relax_Rellx_FINAL_DL(2),Wiener Staatsopernorchester,"Serenade No. 13 for Strings in G Major, K. 525 ""A Little Night Music"": IV. Rondo. Allegro","wiener staatsopernorchester::serenade no. 13 for strings in g major, k. 525 ""a little night music"": iv. rondo. allegro",relax,0,Dataset1/DS1_TRAIN_MATCH/
relax_Rellx_FINAL_DL(20),test,train,relax_Rellx_FINAL_DL(20),AShamaluevMusic,Summer Upbeat Day,ashamaluevmusic::summer upbeat day,relax,0,Dataset1/DS1_TEST_MATCH/
relax_Rellx_FINAL_DL(201),train,train,relax_Rellx_FINAL_DL(201),,,,relax,0,Dataset1/DS1_TRAIN_MATCH/
relax_Rellx_FINAL_DL(202),train,train,relax_Rellx_FINAL_DL(202),White Noise Universe,"White Noise: Polar Wind (Chakra Balancing, Reiki Music)","white noise universe::white noise: polar wind (chakra balancing, reiki music)",relax,0,Dataset1/DS1_TRAIN_MATCH/
relax_Rellx_FINAL_DL(203),train,train,relax_Rellx_FINAL_DL(203),Wiener Staatsopernorchester,"Serenade No. 13 for Strings in G Major, K. 525 ""A Little Night Music"": IV. Rondo. Allegro","wiener staatsopernorchester::serenade no. 13 for strings in g major, k. 525 ""a little night music"": iv. rondo. allegro",relax,0,Dataset1/DS1_TRAIN_MATCH/
relax_Rellx_FINAL_DL(23),train,train,relax_Rellx_FINAL_DL(23),Arijit Singh,Aayat,arijit singh::aayat,relax,1,Dataset1/DS1_TRAIN_MATCH/
relax_Rellx_FINAL_DL(24),train,train,relax_Rellx_FINAL_DL(24),,,,relax,0,Dataset1/DS1_TRAIN_MATCH/
relax_Rellx_FINAL_DL(26),train,train,relax_Rellx_FINAL_DL(26),,,,relax,0,Dataset1/DS1_TRAIN_MATCH/
relax_Rellx_FINAL_DL(31),train,train,relax_Rellx_FINAL_DL(31),,,,relax,0,Dataset1/DS1_TRAIN_MATCH/
relax_Rellx_FINAL_DL(36),train,train,relax_Rellx_FINAL_DL(36),Faun,Federkleid,faun::federkleid,relax,1,Dataset1/DS1_TRAIN_MATCH/
relax_Rellx_FINAL_DL(4),train,train,relax_Rellx_FINAL_DL(4),Wiener Staatsopernorchester,"Serenade No. 13 for Strings in G Major, K. 525 ""A Little Night Music"": IV. Rondo. Allegro","wiener staatsopernorchester::serenade no. 13 for strings in g major, k. 525 ""a little night music"": iv. rondo. allegro",relax,0,Dataset1/DS1_TRAIN_MATCH/
relax_Rellx_FINAL_DL(41),train,train,relax_Rellx_FINAL_DL(41),,,,relax,0,Dataset1/DS1_TRAIN_MATCH/
relax_Rellx_FINAL_DL(46),train,train,relax_Rellx_FINAL_DL(46),,,,relax,0,Dataset1/DS1_TRAIN_MATCH/
relax_Rellx_FINAL_DL(47),train,train,relax_Rellx_FINAL_DL(47),,,,relax,0,Dataset1/DS1_TRAIN_MATCH/
relax_Rellx_FINAL_DL(48),train,train,relax_Rellx_FINAL_DL(48),,,,relax,0,Dataset1/DS1_TRAIN_MATCH/
relax_Rellx_FINAL_DL(49),train,train,relax_Rellx_FINAL_DL(49),,,,relax,0,Dataset1/DS1_TRAIN_MATCH/
relax_Rellx_FINAL_DL(51),val,train,relax_Rellx_FINAL_DL(51),Nina Burmi,Thumri,nina burmi::thumri,relax,0,Dataset1/DS1_VAL_MATCH/
relax_Rellx_FINAL_DL(52),train,train,relax_Rellx_FINAL_DL(52),Nina Burmi,Thumri,nina burmi::thumri,relax,0,Dataset1/DS1_TRAIN_MATCH/
relax_Rellx_FINAL_DL(53),train,train,relax_Rellx_FINAL_DL(53),Nina Burmi,Thumri,nina burmi::thumri,relax,0,Dataset1/DS1_TRAIN_MATCH/
relax_Rellx_FINAL_DL(55),train,train,relax_Rellx_FINAL_DL(55),Eric Hammerstein,"Tosca: ""Vissi d'arte, vissi d'amore"" (Orchestral version)","eric hammerstein::tosca: ""vissi d'arte, vissi d'amore"" (orchestral version)",relax,0,Dataset1/DS1_TRAIN_MATCH/
relax_Rellx_FINAL_DL(58),train,train,relax_Rellx_FINAL_DL(58),Eric Hammerstein,"Tosca: ""Vissi d'arte, vissi d'amore"" (Orchestral version)","eric hammerstein::tosca: ""vissi d'arte, vissi d'amore"" (orchestral version)",relax,0,Dataset1/DS1_TRAIN_MATCH/
relax_Rellx_FINAL_DL(6),train,train,relax_Rellx_FINAL_DL(6),Royal Philharmonic Orchestra,The Pines of Rome (I pini di Roma). I. The Pines of the Villa Borghese (Pinien von Rom / Les pins de Rome),royal philharmonic orchestra::the pines of rome (i pini di roma). i. the pines of the villa borghese (pinien von rom / les pins de rome),relax,0,Dataset1/DS1_TRAIN_MATCH/
relax_Rellx_FINAL_DL(61),val,train,relax_Rellx_FINAL_DL(61),Exam Study Classical Music Orchestra,Ballet Music,exam study classical music orchestra::ballet music,relax,0,Dataset1/DS1_VAL_MATCH/
relax_Rellx_FINAL_DL(62),train,train,relax_Rellx_FINAL_DL(62),Exam Study Classical Music Orchestra,Ballet Music,exam study classical music orchestra::ballet music,relax,0,Dataset1/DS1_TRAIN_MATCH/
relax_Rellx_FINAL_DL(64),train,train,relax_Rellx_FINAL_DL(64),,,,relax,0,Dataset1/DS1_TRAIN_MATCH/
relax_Rellx_FINAL_DL(66),train,train,relax_Rellx_FINAL_DL(66),,,,relax,0,Dataset1/DS1_TRAIN_MATCH/
relax_Rellx_FINAL_DL(71),train,train,relax_Rellx_FINAL_DL(71),Multi-interprètes,"La Mer, I. From Dawn To Midday On The Sea","multi-interprètes::la mer, i. from dawn to midday on the sea",relax,0,Dataset1/DS1_TRAIN_MATCH/
relax_Rellx_FINAL_DL(72),val,train,relax_Rellx_FINAL_DL(72),,,,relax,0,Dataset1/DS1_VAL_MATCH/
relax_Rellx_FINAL_DL(76),train,train,relax_Rellx_FINAL_DL(76),Nick  Phoenix,FIRE NATION,nick  phoenix::fire nation,relax,0,Dataset1/DS1_TRAIN_MATCH/
relax_Rellx_FINAL_DL(79),train,train,relax_Rellx_FINAL_DL(79),Arijit Singh,Har Har Gange Lofi Mix,arijit singh::har har gange lofi mix,relax,0,Dataset1/DS1_TRAIN_MATCH/
relax_Rellx_FINAL_DL(81),train,train,relax_Rellx_FINAL_DL(81),The Animals,House of the Rising Sun,the animals::house of the rising sun,relax,1,Dataset1/DS1_TRAIN_MATCH/
relax_Rellx_FINAL_DL(85),train,train,relax_Rellx_FINAL_DL(85),Berliner Philharmoniker,"Beethoven: Symphony No. 5 in C Minor, Op. 67 - 1. Allegro con brio","berliner philharmoniker::beethoven: symphony no. 5 in c minor, op. 67 - 1. allegro con brio",relax,0,Dataset1/DS1_TRAIN_MATCH/
relax_Rellx_FINAL_DL(86),train,train,relax_Rellx_FINAL_DL(86),Berliner Philharmoniker,"Beethoven: Symphony No. 5 in C Minor, Op. 67 - 1. Allegro con brio","berliner philharmoniker::beethoven: symphony no. 5 in c minor, op. 67 - 1. allegro con brio",relax,0,Dataset1/DS1_TRAIN_MATCH/
relax_Rellx_FINAL_DL(87),train,train,relax_Rellx_FINAL_DL(87),Melodia Divina,La flauta mágica,melodia divina::la flauta mágica,relax,0,Dataset1/DS1_TRAIN_MATCH/
relax_Rellx_FINAL_DL(90),train,train,relax_Rellx_FINAL_DL(90),,,,relax,0,Dataset1/DS1_TRAIN_MATCH/
relax_Rellx_FINAL_DL(91),train,train,relax_Rellx_FINAL_DL(91),Auļi un Tautumeitas,"Dzied' papriekšu, brāļa māsa","auļi un tautumeitas::dzied' papriekšu, brāļa māsa",relax,0,Dataset1/DS1_TRAIN_MATCH/
relax_Rellx_FINAL_DL(92),train,train,relax_Rellx_FINAL_DL(92),Auļi un Tautumeitas,"Dzied' papriekšu, brāļa māsa","auļi un tautumeitas::dzied' papriekšu, brāļa māsa",relax,0,Dataset1/DS1_TRAIN_MATCH/
relax_Rellx_FINAL_DL(93),train,train,relax_Rellx_FINAL_DL(93),Auļi un Tautumeitas,"Dzied' papriekšu, brāļa māsa","auļi un tautumeitas::dzied' papriekšu, brāļa māsa",relax,0,Dataset1/DS1_TRAIN_MATCH/
relax_Rellx_FINAL_DL(95),train,train,relax_Rellx_FINAL_DL(95),,,,relax,0,Dataset1/DS1_TRAIN_MATCH/
relax_Rellx_FINAL_DL(97),train,train,relax_Rellx_FINAL_DL(97),Ivan Petrov,KOPANITSA,ivan petrov::kopanitsa,relax,0,Dataset1/DS1_TRAIN_MATCH/
relax_Rellx_FINAL_DL(98),train,train,relax_Rellx_FINAL_DL(98),Ivan Petrov,KOPANITSA,ivan petrov::kopanitsa,relax,0,Dataset1/DS1_TRAIN_MATCH/
relax_Relx_FINAL_DL(100),train,train,relax_Relx_FINAL_DL(100),Anastasia Huppmann,"Polonaises, Op. 40: No. 1 in A Major, Allegro con brio ""Military""","anastasia huppmann::polonaises, op. 40: no. 1 in a major, allegro con brio ""military""",relax,0,Dataset1/DS1_TRAIN_MATCH/
relax_Relx_FINAL_DL(101),train,train,relax_Relx_FINAL_DL(101),Anastasia Huppmann,"Polonaises, Op. 40: No. 1 in A Major, Allegro con brio ""Military""","anastasia huppmann::polonaises, op. 40: no. 1 in a major, allegro con brio ""military""",relax,0,Dataset1/DS1_TRAIN_MATCH/
relax_Relx_FINAL_DL(104),train,train,relax_Relx_FINAL_DL(104),,,,relax,0,Dataset1/DS1_TRAIN_MATCH/
relax_Relx_FINAL_DL(107),train,train,relax_Relx_FINAL_DL(107),Отава Ё,Про Ивана groove,отава ё::про ивана groove,relax,0,Dataset1/DS1_TRAIN_MATCH/
relax_Relx_FINAL_DL(108),train,train,relax_Relx_FINAL_DL(108),Отава Ё,Про Ивана groove,отава ё::про ивана groove,relax,1,Dataset1/DS1_TRAIN_MATCH/
relax_Relx_FINAL_DL(125),train,train,relax_Relx_FINAL_DL(125),Amit Sana,Woh Kisna Hai,amit sana::woh kisna hai,relax,1,Dataset1/DS1_TRAIN_MATCH/
relax_Relx_FINAL_DL(127),train,train,relax_Relx_FINAL_DL(127),Ajay-Atul,Apsara Aali,ajay-atul::apsara aali,relax,0,Dataset1/DS1_TRAIN_MATCH/
relax_Relx_FINAL_DL(128),val,train,relax_Relx_FINAL_DL(128),Ajay-Atul,Apsara Aali,ajay-atul::apsara aali,relax,0,Dataset1/DS1_VAL_MATCH/
relax_Relx_FINAL_DL(132),train,train,relax_Relx_FINAL_DL(132),CLOVES,Don't Forget About Me,cloves::don't forget about me,relax,1,Dataset1/DS1_TRAIN_MATCH/
relax_Relx_FINAL_DL(134),train,train,relax_Relx_FINAL_DL(134),CLOVES,Don't Forget About Me,cloves::don't forget about me,relax,1,Dataset1/DS1_TRAIN_MATCH/
relax_Relx_FINAL_DL(135),train,train,relax_Relx_FINAL_DL(135),For Real,The Saddest Song I Ever Heard,for real::the saddest song i ever heard,relax,1,Dataset1/DS1_TRAIN_MATCH/
relax_Relx_FINAL_DL(136),train,train,relax_Relx_FINAL_DL(136),For Real,The Saddest Song I Ever Heard,for real::the saddest song i ever heard,relax,1,Dataset1/DS1_TRAIN_MATCH/
relax_Relx_FINAL_DL(156),train,train,relax_Relx_FINAL_DL(156),,,,relax,0,Dataset1/DS1_TRAIN_MATCH/
relax_Relx_FINAL_DL(157),train,train,relax_Relx_FINAL_DL(157),Multi-interprètes,"La Mer, I. From Dawn To Midday On The Sea","multi-interprètes::la mer, i. from dawn to midday on the sea",relax,0,Dataset1/DS1_TRAIN_MATCH/
relax_Relx_FINAL_DL(17),train,train,relax_Relx_FINAL_DL(17),Shreya Ghoshal,Bhari Bhari,shreya ghoshal::bhari bhari,relax,0,Dataset1/DS1_TRAIN_MATCH/
relax_Relx_FINAL_DL(18),train,train,relax_Relx_FINAL_DL(18),Shreya Ghoshal,Bhari Bhari,shreya ghoshal::bhari bhari,relax,0,Dataset1/DS1_TRAIN_MATCH/
relax_Relx_FINAL_DL(21),train,train,relax_Relx_FINAL_DL(21),Faun,Federkleid,faun::federkleid,relax,1,Dataset1/DS1_TRAIN_MATCH/
relax_Relx_FINAL_DL(22),train,train,relax_Relx_FINAL_DL(22),,,,relax,0,Dataset1/DS1_TRAIN_MATCH/
relax_Relx_FINAL_DL(43),train,train,relax_Relx_FINAL_DL(43),,,,relax,0,Dataset1/DS1_TRAIN_MATCH/
relax_Relx_FINAL_DL(45),val,train,relax_Relx_FINAL_DL(45),,,,relax,0,Dataset1/DS1_VAL_MATCH/
relax_Relx_FINAL_DL(46),train,train,relax_Relx_FINAL_DL(46),,,,relax,0,Dataset1/DS1_TRAIN_MATCH/
relax_Relx_FINAL_DL(48),train,train,relax_Relx_FINAL_DL(48),Hamnawa,Meditation Ragas,hamnawa::meditation ragas,relax,0,Dataset1/DS1_TRAIN_MATCH/
relax_Relx_FINAL_DL(69),train,train,relax_Relx_FINAL_DL(69),,,,relax,0,Dataset1/DS1_TRAIN_MATCH/
relax_Relx_FINAL_DL(72),train,train,relax_Relx_FINAL_DL(72),,,,relax,0,Dataset1/DS1_TRAIN_MATCH/
relax_Relx_FINAL_DL(75),train,train,relax_Relx_FINAL_DL(75),,,,relax,0,Dataset1/DS1_TRAIN_MATCH/
relax_Relx_FINAL_DL(77),train,train,relax_Relx_FINAL_DL(77),,,,relax,0,Dataset1/DS1_TRAIN_MATCH/
relax_Relx_FINAL_DL(78),val,train,relax_Relx_FINAL_DL(78),,,,relax,0,Dataset1/DS1_VAL_MATCH/
relax_Relx_FINAL_DL(79),train,train,relax_Relx_FINAL_DL(79),Royal Philharmonic Orchestra,The Pines of Rome (I pini di Roma). I. The Pines of the Villa Borghese (Pinien von Rom / Les pins de Rome),royal philharmonic orchestra::the pines of rome (i pini di roma). i. the pines of the villa borghese (pinien von rom / les pins de rome),relax,0,Dataset1/DS1_TRAIN_MATCH/
relax_Relx_FINAL_DL(96),val,train,relax_Relx_FINAL_DL(96),"Thomas Bergersen, Two Steps From Hell",Freedom Fighters,"thomas bergersen, two steps from hell::freedom fighters",relax,0,Dataset1/DS1_VAL_MATCH/
relax_Relx_FINAL_DL(98),train,train,relax_Relx_FINAL_DL(98),Nick  Phoenix,FIRE NATION,nick  phoenix::fire nation,relax,0,Dataset1/DS1_TRAIN_MATCH/
relax_Relx_FINAL_DL(99),train,train,relax_Relx_FINAL_DL(99),Melodia Divina,La flauta mágica,melodia divina::la flauta mágica,relax,0,Dataset1/DS1_TRAIN_MATCH/
relax_TEST_MIX(5)-2-of-40,test,train,relax_TEST_MIX(5),,,,relax,0,Dataset1/DS1_TEST_MATCH/
relax_TEST_MV(24)-7-of-8,train,train,relax_TEST_MV(24),,,,relax,0,Dataset1/DS1_TRAIN_MATCH/
relax_TEST_MV(29)-114-of-124,train,train,relax_TEST_MV(29),"Dizi, Lute",Khuynh Thế Hoàng Phi OST,"dizi, lute::khuynh thế hoàng phi ost",relax,0,Dataset1/DS1_TRAIN_MATCH/
relax_TEST_MV(29)-2-of-124,train,train,relax_TEST_MV(29),"Dizi, Lute",Khuynh Thế Hoàng Phi OST,"dizi, lute::khuynh thế hoàng phi ost",relax,0,Dataset1/DS1_TRAIN_MATCH/
relax_TEST_MV(29)-25-of-124,val,train,relax_TEST_MV(29),"Dizi, Lute",Khuynh Thế Hoàng Phi OST,"dizi, lute::khuynh thế hoàng phi ost",relax,0,Dataset1/DS1_VAL_MATCH/
relax_TEST_MV(29)-38-of-124,train,train,relax_TEST_MV(29),"Dizi, Lute",Khuynh Thế Hoàng Phi OST,"dizi, lute::khuynh thế hoàng phi ost",relax,0,Dataset1/DS1_TRAIN_MATCH/
relax_TEST_MV(29)-49-of-124,train,train,relax_TEST_MV(29),"Dizi, Lute",Khuynh Thế Hoàng Phi OST,"dizi, lute::khuynh thế hoàng phi ost",relax,0,Dataset1/DS1_TRAIN_MATCH/
relax_TEST_MV(29)-5-of-124,train,train,relax_TEST_MV(29),MK Studio,Thich,mk studio::thich,relax,0,Dataset1/DS1_TRAIN_MATCH/
relax_TEST_MV(29)-77-of-124,val,train,relax_TEST_MV(29),MK Studio,Thich,mk studio::thich,relax,0,Dataset1/DS1_VAL_MATCH/
relax_TEST_MV(34)-2-of-5,train,train,relax_TEST_MV(34),Morninglightmusic,Fun Memories,morninglightmusic::fun memories,relax,0,Dataset1/DS1_TRAIN_MATCH/
relax_TEST_MV(34)-3-of-5,train,train,relax_TEST_MV(34),Morninglightmusic,Fun Memories,morninglightmusic::fun memories,relax,0,Dataset1/DS1_TRAIN_MATCH/
relax_TEST_MV(34)-4-of-5,train,train,relax_TEST_MV(34),Morninglightmusic,Fun Memories,morninglightmusic::fun memories,relax,0,Dataset1/DS1_TRAIN_MATCH/
relax_TEST_MV(41)-1-of-5,train,train,relax_TEST_MV(41),Apollo Soul,HeartBeat,apollo soul::heartbeat,relax,0,Dataset1/DS1_TRAIN_MATCH/
relax_TEST_MV(41)-3-of-5,train,train,relax_TEST_MV(41),Apollo Soul,HeartBeat,apollo soul::heartbeat,relax,0,Dataset1/DS1_TRAIN_MATCH/
relax_TEST_MV(41)-4-of-5,train,train,relax_TEST_MV(41),Apollo Soul,HeartBeat,apollo soul::heartbeat,relax,0,Dataset1/DS1_TRAIN_MATCH/
relax_TEST_MV(46)-114-of-127,train,train,relax_TEST_MV(46),Biba Dupont,Seré (Piano Solo Take),biba dupont::seré (piano solo take),relax,0,Dataset1/DS1_TRAIN_MATCH/
relax_TEST_MV(46)-123-of-127,train,train,relax_TEST_MV(46),Eric Cadogan,Liquid Mirror,eric cadogan::liquid mirror,relax,0,Dataset1/DS1_TRAIN_MATCH/
relax_TEST_MV(46)-42-of-127,train,train,relax_TEST_MV(46),Michele Nobler,Solitude,michele nobler::solitude,relax,0,Dataset1/DS1_TRAIN_MATCH/
relax_TEST_MV(46)-48-of-127,train,train,relax_TEST_MV(46),Juliiana Dias,The Long Way Home2,juliiana dias::the long way home2,relax,0,Dataset1/DS1_TRAIN_MATCH/
relax_TEST_MV(46)-82-of-127,train,train,relax_TEST_MV(46),Biba Dupont,Deep Roots,biba dupont::deep roots,relax,0,Dataset1/DS1_TRAIN_MATCH/
relax_TEST_MV(47)-9-of-10,train,train,relax_TEST_MV(47),,,,relax,0,Dataset1/DS1_TRAIN_MATCH/
relax_TEST_MV(48)-14-of-17,train,train,relax_TEST_MV(48),,,,relax,0,Dataset1/DS1_TRAIN_MATCH/
relax_TEST_MV(49)-5-of-9,train,train,relax_TEST_MV(49),Tony Got The Flute,Meditation Flute,tony got the flute::meditation flute,relax,0,Dataset1/DS1_TRAIN_MATCH/
relax_TEST_MV(49)-7-of-9,train,train,relax_TEST_MV(49),Tony Got The Flute,Meditation Flute,tony got the flute::meditation flute,relax,0,Dataset1/DS1_TRAIN_MATCH/
relax_TEST_MV(50)-13-of-15,train,train,relax_TEST_MV(50),,,,relax,0,Dataset1/DS1_TRAIN_MATCH/
relax_TEST_MV(50)-2-of-15,train,train,relax_TEST_MV(50),,,,relax,0,Dataset1/DS1_TRAIN_MATCH/
relax_TEST_MV(51)-6-of-8,train,train,relax_TEST_MV(51),Michael Scott,Despacito,michael scott::despacito,relax,0,Dataset1/DS1_TRAIN_MATCH/
relax_TEST_MV(52)-17-of-25,train,train,relax_TEST_MV(52),Dhan Bahadur Gurung,Manai Lobhyaune Dhun,dhan bahadur gurung::manai lobhyaune dhun,relax,0,Dataset1/DS1_TRAIN_MATCH/
relax_TEST_MV(52)-20-of-25,train,train,relax_TEST_MV(52),Dhan Bahadur Gurung,Manai Lobhyaune Dhun,dhan bahadur gurung::manai lobhyaune dhun,relax,0,Dataset1/DS1_TRAIN_MATCH/
relax_TEST_MV(52)-3-of-25,train,train,relax_TEST_MV(52),Dhan Bahadur Gurung,Manai Lobhyaune Dhun,dhan bahadur gurung::manai lobhyaune dhun,relax,0,Dataset1/DS1_TRAIN_MATCH/
relax_TEST_MV(54)-104-of-143,train,train,relax_TEST_MV(54),Mikael Manvelyan,Moving Forward,mikael manvelyan::moving forward,relax,0,Dataset1/DS1_TRAIN_MATCH/
relax_TEST_MV(54)-108-of-143,train,train,relax_TEST_MV(54),Vibraciones Positivas,Energía En Melodías,vibraciones positivas::energía en melodías,relax,0,Dataset1/DS1_TRAIN_MATCH/
relax_TEST_MV(54)-119-of-143,train,train,relax_TEST_MV(54),M.G. Evans,Emotional High,m.g. evans::emotional high,relax,0,Dataset1/DS1_TRAIN_MATCH/
relax_TEST_MV(54)-18-of-143,train,train,relax_TEST_MV(54),Bobby Cole,Deep And Moody Indie Rock,bobby cole::deep and moody indie rock,relax,0,Dataset1/DS1_TRAIN_MATCH/
relax_TEST_MV(54)-65-of-143,train,train,relax_TEST_MV(54),Vibraciones Positivas,Armonías Positivas,vibraciones positivas::armonías positivas,relax,0,Dataset1/DS1_TRAIN_MATCH/
relax_TEST_MV(54)-75-of-143,train,train,relax_TEST_MV(54),Vibraciones Positivas,Día Brillante,vibraciones positivas::día brillante,relax,0,Dataset1/DS1_TRAIN_MATCH/
relax_TEST_MV(54)-94-of-143,train,train,relax_TEST_MV(54),Vibraciones Positivas,Armonías De Felicidad,vibraciones positivas::armonías de felicidad,relax,0,Dataset1/DS1_TRAIN_MATCH/
relax_TEST_MV(55)-2-of-8,train,train,relax_TEST_MV(55),AShamaluevMusic,Cinematic Piano Ambient,ashamaluevmusic::cinematic piano ambient,relax,0,Dataset1/DS1_TRAIN_MATCH/
relax_TEST_MV(55)-3-of-8,train,train,relax_TEST_MV(55),AShamaluevMusic,Cinematic Piano Ambient,ashamaluevmusic::cinematic piano ambient,relax,0,Dataset1/DS1_TRAIN_MATCH/
relax_TEST_MV(55)-5-of-8,train,train,relax_TEST_MV(55),AShamaluevMusic,Cinematic Piano Ambient,ashamaluevmusic::cinematic piano ambient,relax,0,Dataset1/DS1_TRAIN_MATCH/
relax_TEST_MV(55)-6-of-8,train,train,relax_TEST_MV(55),AShamaluevMusic,Cinematic Piano Ambient,ashamaluevmusic::cinematic piano ambient,relax,0,Dataset1/DS1_TRAIN_MATCH/
relax_TEST_MV(55)-7-of-8,train,train,relax_TEST_MV(55),AShamaluevMusic,Cinematic Piano Ambient,ashamaluevmusic::cinematic piano ambient,relax,0,Dataset1/DS1_TRAIN_MATCH/
relax_TEST_MV(65)-112-of-118,train,train,relax_TEST_MV(65),,,,relax,0,Dataset1/DS1_TRAIN_MATCH/
relax_TEST_MV(65)-18-of-118,train,train,relax_TEST_MV(65),Christopher L Patchen,Boat Full Of Flowers,christopher l patchen::boat full of flowers,relax,0,Dataset1/DS1_TRAIN_MATCH/
relax_TEST_MV(65)-45-of-118,train,train,relax_TEST_MV(65),Lito Epumer,Zapatito,lito epumer::zapatito,relax,0,Dataset1/DS1_TRAIN_MATCH/
relax_TEST_MV(65)-5-of-118,train,train,relax_TEST_MV(65),WHITE BGM,Sunset Tea,white bgm::sunset tea,relax,0,Dataset1/DS1_TRAIN_MATCH/
relax_TEST_MV(65)-80-of-118,train,train,relax_TEST_MV(65),,,,relax,0,Dataset1/DS1_TRAIN_MATCH/
relax_TEST_MV(65)-90-of-118,train,train,relax_TEST_MV(65),WHITE BGM,Warm Heart,white bgm::warm heart,relax,0,Dataset1/DS1_TRAIN_MATCH/
relax_TEST_MV(79)-166-of-242,train,train,relax_TEST_MV(79),Lars Beck,Silent Games (feat. Zekt),lars beck::silent games (feat. zekt),relax,0,Dataset1/DS1_TRAIN_MATCH/
relax_TEST_MV(79)-27-of-242,train,train,relax_TEST_MV(79),Steve Void,Words,steve void::words,relax,1,Dataset1/DS1_TRAIN_MATCH/
relax_TEST_MV(79)-67-of-242,train,train,relax_TEST_MV(79),Ian Gott,Don't Care,ian gott::don't care,relax,0,Dataset1/DS1_TRAIN_MATCH/
relax_TEST_RELX(1)-6-of-7,val,train,relax_TEST_RELX(1),,,,relax,0,Dataset1/DS1_VAL_MATCH/
relax_TEST_RELX(11)-11-of-13,val,train,relax_TEST_RELX(11),,,,relax,0,Dataset1/DS1_VAL_MATCH/
relax_TEST_RELX(12)-10-of-12,val,train,relax_TEST_RELX(12),,,,relax,0,Dataset1/DS1_VAL_MATCH/
relax_TEST_RELX(12)-3-of-12,test,train,relax_TEST_RELX(12),,,,relax,0,Dataset1/DS1_TEST_MATCH/
relax_TEST_RELX(16)-2-of-6,test,train,relax_TEST_RELX(16),,,,relax,0,Dataset1/DS1_TEST_MATCH/
relax_TEST_RELX(17)-3-of-16,test,train,relax_TEST_RELX(17),,,,relax,0,Dataset1/DS1_TEST_MATCH/
relax_TEST_RELX(17)-8-of-16,train,train,relax_TEST_RELX(17),,,,relax,0,Dataset1/DS1_TRAIN_MATCH/
relax_TEST_RELX(18)-7-of-8,val,train,relax_TEST_RELX(18),,,,relax,0,Dataset1/DS1_VAL_MATCH/
relax_TEST_RELX(19)-13-of-14,val,train,relax_TEST_RELX(19),Badri Abramishvili,Kabardinka Kafe,badri abramishvili::kabardinka kafe,relax,0,Dataset1/DS1_VAL_MATCH/
relax_TEST_RELX(2)-19-of-20,val,train,relax_TEST_RELX(2),,,,relax,0,Dataset1/DS1_VAL_MATCH/
relax_TEST_RELX(2)-9-of-20,train,train,relax_TEST_RELX(2),,,,relax,0,Dataset1/DS1_TRAIN_MATCH/
relax_TEST_RELX(20)-17-of-54,test,train,relax_TEST_RELX(20),Arte de la Calle,Kyoto Drummer,arte de la calle::kyoto drummer,relax,0,Dataset1/DS1_TEST_MATCH/
relax_TEST_RELX(20)-3-of-54,train,train,relax_TEST_RELX(20),Arte de la Calle,Kyoto March,arte de la calle::kyoto march,relax,0,Dataset1/DS1_TRAIN_MATCH/
relax_TEST_RELX(20)-35-of-54,train,train,relax_TEST_RELX(20),Arte de la Calle,Saucers,arte de la calle::saucers,relax,0,Dataset1/DS1_TRAIN_MATCH/
relax_TEST_RELX(21)-7-of-8,val,train,relax_TEST_RELX(21),,,,relax,0,Dataset1/DS1_VAL_MATCH/
relax_TEST_RELX(22)-2-of-7,test,train,relax_TEST_RELX(22),,,,relax,0,Dataset1/DS1_TEST_MATCH/
relax_TEST_RELX(24)-2-of-11,test,train,relax_TEST_RELX(24),,,,relax,0,Dataset1/DS1_TEST_MATCH/
relax_TEST_RELX(24)-9-of-11,val,train,relax_TEST_RELX(24),,,,relax,0,Dataset1/DS1_VAL_MATCH/
relax_TEST_RELX(25)-16-of-18,test,train,relax_TEST_RELX(25),Rau alay,Odissi,rau alay::odissi,relax,0,Dataset1/DS1_TEST_MATCH/
relax_TEST_RELX(25)-9-of-18,val,train,relax_TEST_RELX(25),Rau alay,Odissi,rau alay::odissi,relax,0,Dataset1/DS1_VAL_MATCH/
relax_TEST_RELX(27)-12-of-17,train,train,relax_TEST_RELX(27),Kefele Molla,Lebelay Lingerew,kefele molla::lebelay lingerew,relax,0,Dataset1/DS1_TRAIN_MATCH/
relax_TEST_RELX(3)-2-of-6,train,train,relax_TEST_RELX(3),,,,relax,0,Dataset1/DS1_TRAIN_MATCH/
relax_TEST_RELX(3)-5-of-6,val,train,relax_TEST_RELX(3),,,,relax,0,Dataset1/DS1_VAL_MATCH/
relax_TEST_RELX(31)-12-of-15,val,train,relax_TEST_RELX(31),,,,relax,0,Dataset1/DS1_VAL_MATCH/
relax_TEST_RELX(33)-2-of-11,test,train,relax_TEST_RELX(33),,,,relax,0,Dataset1/DS1_TEST_MATCH/
relax_TEST_RELX(33)-9-of-11,val,train,relax_TEST_RELX(33),,,,relax,0,Dataset1/DS1_VAL_MATCH/
relax_TEST_RELX(34)-2-of-6,train,train,relax_TEST_RELX(34),,,,relax,0,Dataset1/DS1_TRAIN_MATCH/
relax_TEST_RELX(34)-5-of-6,val,train,relax_TEST_RELX(34),,,,relax,0,Dataset1/DS1_VAL_MATCH/
relax_TEST_RELX(35)-14-of-80,train,train,relax_TEST_RELX(35),,,,relax,0,Dataset1/DS1_TRAIN_MATCH/
relax_TEST_RELX(35)-21-of-80,train,train,relax_TEST_RELX(35),,,,relax,0,Dataset1/DS1_TRAIN_MATCH/
relax_TEST_RELX(35)-29-of-80,val,train,relax_TEST_RELX(35),,,,relax,0,Dataset1/DS1_VAL_MATCH/
relax_TEST_RELX(35)-37-of-80,train,train,relax_TEST_RELX(35),Altai,Uvgudiin zahias,altai::uvgudiin zahias,relax,0,Dataset1/DS1_TRAIN_MATCH/
relax_TEST_RELX(35)-4-of-80,test,train,relax_TEST_RELX(35),Altai,Eej Minu,altai::eej minu,relax,0,Dataset1/DS1_TEST_MATCH/
relax_TEST_RELX(35)-70-of-80,val,train,relax_TEST_RELX(35),Altai Kai,"Oino, Oino, Altai","altai kai::oino, oino, altai",relax,0,Dataset1/DS1_VAL_MATCH/
relax_TEST_RELX(36)-2-of-7,test,train,relax_TEST_RELX(36),,,,relax,0,Dataset1/DS1_TEST_MATCH/
relax_TEST_RELX(36)-6-of-7,val,train,relax_TEST_RELX(36),,,,relax,0,Dataset1/DS1_VAL_MATCH/
relax_TEST_RELX(37)-8-of-11,val,train,relax_TEST_RELX(37),,,,relax,0,Dataset1/DS1_VAL_MATCH/
relax_TEST_RELX(39)-12-of-14,train,train,relax_TEST_RELX(39),,,,relax,0,Dataset1/DS1_TRAIN_MATCH/
relax_TEST_RELX(39)-8-of-14,val,train,relax_TEST_RELX(39),,,,relax,0,Dataset1/DS1_VAL_MATCH/
relax_TEST_RELX(4)-2-of-8,test,train,relax_TEST_RELX(4),,,,relax,0,Dataset1/DS1_TEST_MATCH/
relax_TEST_RELX(4)-7-of-8,val,train,relax_TEST_RELX(4),,,,relax,0,Dataset1/DS1_VAL_MATCH/
relax_TEST_RELX(40)-2-of-5,train,train,relax_TEST_RELX(40),,,,relax,0,Dataset1/DS1_TRAIN_MATCH/
relax_TEST_RELX(41)-10-of-12,val,train,relax_TEST_RELX(41),,,,relax,0,Dataset1/DS1_VAL_MATCH/
relax_TEST_RELX(42)-15-of-17,val,train,relax_TEST_RELX(42),,,,relax,0,Dataset1/DS1_VAL_MATCH/
relax_TEST_RELX(42)-2-of-17,test,train,relax_TEST_RELX(42),,,,relax,0,Dataset1/DS1_TEST_MATCH/
relax_TEST_RELX(43)-16-of-34,test,train,relax_TEST_RELX(43),Liam Power,Majorettes Twirl,liam power::majorettes twirl,relax,0,Dataset1/DS1_TEST_MATCH/
relax_TEST_RELX(43)-19-of-34,train,train,relax_TEST_RELX(43),Liam Power,Majorettes Twirl,liam power::majorettes twirl,relax,0,Dataset1/DS1_TRAIN_MATCH/
relax_TEST_RELX(43)-27-of-34,val,train,relax_TEST_RELX(43),,,,relax,0,Dataset1/DS1_VAL_MATCH/
relax_TEST_RELX(45)-3-of-8,val,train,relax_TEST_RELX(45),Amadeus,Dernière Danse,amadeus::dernière danse,relax,0,Dataset1/DS1_VAL_MATCH/
relax_TEST_RELX(45)-7-of-8,test,train,relax_TEST_RELX(45),Amadeus,Dernière Danse,amadeus::dernière danse,relax,0,Dataset1/DS1_TEST_MATCH/
relax_TEST_RELX(5)-3-of-11,train,train,relax_TEST_RELX(5),TRAELMYX,BUTTERFLY808,traelmyx::butterfly808,relax,0,Dataset1/DS1_TRAIN_MATCH/
relax_TEST_RELX(5)-9-of-11,val,train,relax_TEST_RELX(5),,,,relax,0,Dataset1/DS1_VAL_MATCH/
relax_TEST_RELX(8)-8-of-15,val,train,relax_TEST_RELX(8),,,,relax,0,Dataset1/DS1_VAL_MATCH/
relax_TEST_RELX(9)-15-of-17,val,train,relax_TEST_RELX(9),SITA KUNWAR,Fol,sita kunwar::fol,relax,0,Dataset1/DS1_VAL_MATCH/
relax_TEST_RELX(9)-2-of-17,test,train,relax_TEST_RELX(9),SITA KUNWAR,Fol,sita kunwar::fol,relax,0,Dataset1/DS1_TEST_MATCH/
relax_TEST_TENS(7)-3-of-8,train,train,relax_TEST_TENS(7),Sia,Never Give Up,sia::never give up,relax,0,Dataset1/DS1_TRAIN_MATCH/
relax_TEST_TENS(7)-5-of-8,train,train,relax_TEST_TENS(7),Sia,Never Give Up,sia::never give up,relax,0,Dataset1/DS1_TRAIN_MATCH/
relax_TEST_TENS(7)-7-of-8,train,train,relax_TEST_TENS(7),Sia,Never Give Up,sia::never give up,relax,0,Dataset1/DS1_TRAIN_MATCH/
relax_TT(0),train,train,relax_TT(0),,,,relax,0,Dataset1/DS1_TRAIN_MATCH/
relax_TT(11),train,train,relax_TT(11),Fingers Mitchell Cullen,Freedom Rides LIVE (REMIX),fingers mitchell cullen::freedom rides live (remix),relax,0,Dataset1/DS1_TRAIN_MATCH/
relax_TT(13),train,train,relax_TT(13),Relajacion,Vive Serenamente,relajacion::vive serenamente,relax,0,Dataset1/DS1_TRAIN_MATCH/
relax_TT(17),train,train,relax_TT(17),Jordan Jessep,Ataraxia,jordan jessep::ataraxia,relax,0,Dataset1/DS1_TRAIN_MATCH/
relax_TT(3),train,train,relax_TT(3),MAKAVELI INSTRUMENTALS,to turn off,makaveli instrumentals::to turn off,relax,0,Dataset1/DS1_TRAIN_MATCH/
relax_TT(4),train,train,relax_TT(4),,,,relax,0,Dataset1/DS1_TRAIN_MATCH/
relax_TT(6),train,train,relax_TT(6),Apocalyptica,Nothing Else Matters,apocalyptica::nothing else matters,relax,0,Dataset1/DS1_TRAIN_MATCH/
relax_TT(7),train,train,relax_TT(7),,,,relax,0,Dataset1/DS1_TRAIN_MATCH/
relax_TT(8),train,train,relax_TT(8),Minh Kiu,Nhaccu Kattuog,minh kiu::nhaccu kattuog,relax,0,Dataset1/DS1_TRAIN_MATCH/
relax_TT(9),train,train,relax_TT(9),Josephine J Osborne,deep blue sky,josephine j osborne::deep blue sky,relax,0,Dataset1/DS1_TRAIN_MATCH/
sad_154,train,train,sad_154,Shishir Bhandari,Photo Firimma,shishir bhandari::photo firimma,sad,0,Dataset1/DS1_TRAIN_MATCH/
sad_DEAP_DBW_SAD(2),train,train,sad_DEAP_DBW_SAD(2),James Blunt,Goodbye My Lover,james blunt::goodbye my lover,sad,1,Dataset1/DS1_TRAIN_MATCH/
sad_DEAP_DBW_SAD(5),train,train,sad_DEAP_DBW_SAD(5),DHT,Listen to Your Heart (Edmée's Unplugged Edit),dht::listen to your heart (edmée's unplugged edit),sad,1,Dataset1/DS1_TRAIN_MATCH/
sad_DEAP_DB_HR(42),train,train,sad_DEAP_DB_HR(42),Enya,May It Be,enya::may it be,sad,1,Dataset1/DS1_TRAIN_MATCH/
sad_DEAP_DB_HR(43),train,train,sad_DEAP_DB_HR(43),Enya,May It Be,enya::may it be,sad,1,Dataset1/DS1_TRAIN_MATCH/
sad_DEAP_DB_REL(31),train,train,sad_DEAP_DB_REL(31),LCD Soundsystem,"New York, I Love You But You're Bringing Me Down","lcd soundsystem::new york, i love you but you're bringing me down",sad,1,Dataset1/DS1_TRAIN_MATCH/
sad_DEAP_DB_SADD(10),train,train,sad_DEAP_DB_SADD(10),Madonna,Rain (Radio Remix) - remix,madonna::rain (radio remix) - remix,sad,1,Dataset1/DS1_TRAIN_MATCH/
sad_DEAP_DB_SADD(8),train,train,sad_DEAP_DB_SADD(8),Johnny Cash,Hurt,johnny cash::hurt,sad,1,Dataset1/DS1_TRAIN_MATCH/
sad_DEAP_DB_SADX(2),train,train,sad_DEAP_DB_SADX(2),Madonna,Rain,madonna::rain,sad,1,Dataset1/DS1_TRAIN_MATCH/
sad_DEAP_DB_SSAD(10),val,train,sad_DEAP_DB_SSAD(10),DHT,Listen to Your Heart (Edmée's Unplugged Edit),dht::listen to your heart (edmée's unplugged edit),sad,1,Dataset1/DS1_VAL_MATCH/
sad_DEAP_DB_SSAD(2),val,train,sad_DEAP_DB_SSAD(2),Rascal Flatts,Here Comes Goodbye,rascal flatts::here comes goodbye,sad,1,Dataset1/DS1_VAL_MATCH/
sad_DEAP_DB_SSAD(4),train,train,sad_DEAP_DB_SSAD(4),Rascal Flatts,Here Comes Goodbye,rascal flatts::here comes goodbye,sad,1,Dataset1/DS1_TRAIN_MATCH/
sad_DEAP_DB_SSAD(5),val,train,sad_DEAP_DB_SSAD(5),James Blunt,Goodbye My Lover,james blunt::goodbye my lover,sad,1,Dataset1/DS1_VAL_MATCH/
sad_DEAP_DB_SSAD(9),train,train,sad_DEAP_DB_SSAD(9),DHT,Listen to Your Heart (Edmée's Unplugged Edit),dht::listen to your heart (edmée's unplugged edit),sad,1,Dataset1/DS1_TRAIN_MATCH/
sad_FEAR_TEST(16)-8-of-9,test,train,sad_FEAR_TEST(16),Stories Untold,Horrible Monsters,stories untold::horrible monsters,sad,0,Dataset1/DS1_TEST_MATCH/
sad_FINAL_DL(58)-9-of-27,test,train,sad_FINAL_DL(58),Bishnu Majhi,Niyati,bishnu majhi::niyati,sad,0,Dataset1/DS1_TEST_MATCH/
sad_FINAL_DL(62)-4-of-10,test,train,sad_FINAL_DL(62),Tulsi Kumar,Ishq Na Karna Ishq Na Karna,tulsi kumar::ishq na karna ishq na karna,sad,0,Dataset1/DS1_TEST_MATCH/
sad_FINAL_DL(63)-6-of-13,train,train,sad_FINAL_DL(63),Bhupu Pandey,Mareko Laas,bhupu pandey::mareko laas,sad,0,Dataset1/DS1_TRAIN_MATCH/
sad_FINAL_DL(75)-8-of-8,train,train,sad_FINAL_DL(75),AceTheSpade,Breaking point,acethespade::breaking point,sad,0,Dataset1/DS1_TRAIN_MATCH/
sad_FINAL_DL(81)-21-of-37,test,train,sad_FINAL_DL(81),The Chainsmokers,Don't Let Me Down (Illenium Remix),the chainsmokers::don't let me down (illenium remix),sad,1,Dataset1/DS1_TEST_MATCH/
sad_FINAL_DL(83)-5-of-12,train,train,sad_FINAL_DL(83),Gert Taberner,Fallen,gert taberner::fallen,sad,1,Dataset1/DS1_TRAIN_MATCH/
sad_FINAL_DL(90),test,train,sad_FINAL_DL(90),,,,sad,0,Dataset1/DS1_TEST_MATCH/
sad_FINAL_DL(94)-8-of-14,train,train,sad_FINAL_DL(94),Logic,1-800-273-8255,logic::1-800-273-8255,sad,1,Dataset1/DS1_TRAIN_MATCH/
sad_FINAL_DL_Sad(12),train,train,sad_FINAL_DL_Sad(12),Kodaline,All I Want (Radio Edit),kodaline::all i want (radio edit),sad,1,Dataset1/DS1_TRAIN_MATCH/
sad_FINAL_DL_Sad(15),val,train,sad_FINAL_DL_Sad(15),Anand A,Dil,anand a::dil,sad,0,Dataset1/DS1_VAL_MATCH/
sad_FINAL_DL_Sad(16),train,train,sad_FINAL_DL_Sad(16),Anand A,Dil,anand a::dil,sad,0,Dataset1/DS1_TRAIN_MATCH/
sad_FINAL_DL_Sad(18),val,train,sad_FINAL_DL_Sad(18),,,,sad,0,Dataset1/DS1_VAL_MATCH/
sad_FINAL_DL_Sad(2),train,train,sad_FINAL_DL_Sad(2),Logic,1-800-273-8255,logic::1-800-273-8255,sad,1,Dataset1/DS1_TRAIN_MATCH/
sad_FINAL_DL_Sad(21),val,train,sad_FINAL_DL_Sad(21),Shankar Ehsaan Loy,Heartbeat (Instrumental),shankar ehsaan loy::heartbeat (instrumental),sad,0,Dataset1/DS1_VAL_MATCH/
sad_FINAL_DL_Sad(22),train,train,sad_FINAL_DL_Sad(22),Shankar Ehsaan Loy,Heartbeat (Instrumental),shankar ehsaan loy::heartbeat (instrumental),sad,0,Dataset1/DS1_TRAIN_MATCH/
sad_FINAL_DL_Sad(23),test,train,sad_FINAL_DL_Sad(23),Shankar Ehsaan Loy,Heartbeat (Instrumental),shankar ehsaan loy::heartbeat (instrumental),sad,0,Dataset1/DS1_TEST_MATCH/
sad_FINAL_DL_Sad(29),train,train,sad_FINAL_DL_Sad(29),Bhupu Pandey,Mareko Laas,bhupu pandey::mareko laas,sad,0,Dataset1/DS1_TRAIN_MATCH/
sad_FINAL_DL_Sad(31),test,train,sad_FINAL_DL_Sad(31),Arijit Singh,"Thodi Jagah (From ""Marjaavaan"")","arijit singh::thodi jagah (from ""marjaavaan"")",sad,1,Dataset1/DS1_TEST_MATCH/
sad_FINAL_DL_Sad(32),train,train,sad_FINAL_DL_Sad(32),Arijit Singh,"Thodi Jagah (From ""Marjaavaan"")","arijit singh::thodi jagah (from ""marjaavaan"")",sad,1,Dataset1/DS1_TRAIN_MATCH/
sad_FINAL_DL_Sad(34),train,train,sad_FINAL_DL_Sad(34),Halsey,Without Me,halsey::without me,sad,1,Dataset1/DS1_TRAIN_MATCH/
sad_FINAL_DL_Sad(36),train,train,sad_FINAL_DL_Sad(36),Lewis Capaldi,Before You Go - Piano Version,lewis capaldi::before you go - piano version,sad,1,Dataset1/DS1_TRAIN_MATCH/
sad_FINAL_DL_Sad(4),train,train,sad_FINAL_DL_Sad(4),David Bowie,Lazarus,david bowie::lazarus,sad,1,Dataset1/DS1_TRAIN_MATCH/
sad_FINAL_DL_Sad(42),val,train,sad_FINAL_DL_Sad(42),Wayam,Udai Lanchu,wayam::udai lanchu,sad,0,Dataset1/DS1_VAL_MATCH/
sad_FINAL_DL_Sad(45),train,train,sad_FINAL_DL_Sad(45),Calum Scott,Dancing On My Own,calum scott::dancing on my own,sad,0,Dataset1/DS1_TRAIN_MATCH/
sad_FINAL_DL_Sad(46),train,train,sad_FINAL_DL_Sad(46),Kelly Clarkson,Because Of You,kelly clarkson::because of you,sad,1,Dataset1/DS1_TRAIN_MATCH/
sad_FINAL_DL_Sad(49),train,train,sad_FINAL_DL_Sad(49),ProSource Karaoke,My Heart Will Go On (In the Style of Celine Dion),prosource karaoke::my heart will go on (in the style of celine dion),sad,0,Dataset1/DS1_TRAIN_MATCH/
sad_FINAL_DL_Sad(5),train,train,sad_FINAL_DL_Sad(5),David Bowie,Lazarus,david bowie::lazarus,sad,1,Dataset1/DS1_TRAIN_MATCH/
sad_FINAL_DL_Sad(50),train,train,sad_FINAL_DL_Sad(50),The Hit Crew,My Heart Will Go On,the hit crew::my heart will go on,sad,0,Dataset1/DS1_TRAIN_MATCH/
sad_FINAL_DL_Sad(58),train,train,sad_FINAL_DL_Sad(58),Green Day,Wake Me Up When September Ends,green day::wake me up when september ends,sad,1,Dataset1/DS1_TRAIN_MATCH/
sad_FINAL_DL_Sad(6),train,train,sad_FINAL_DL_Sad(6),Bishnu Majhi,Niyati,bishnu majhi::niyati,sad,0,Dataset1/DS1_TRAIN_MATCH/
sad_FINAL_DL_Sad(61),val,train,sad_FINAL_DL_Sad(61),Halsey,Sorry,halsey::sorry,sad,1,Dataset1/DS1_VAL_MATCH/
sad_FINAL_DL_Sad(64),train,train,sad_FINAL_DL_Sad(64),gnash,"i hate u, i love u (feat. olivia o'brien)","gnash::i hate u, i love u (feat. olivia o'brien)",sad,1,Dataset1/DS1_TRAIN_MATCH/
sad_FINAL_DL_Sad(68),train,train,sad_FINAL_DL_Sad(68),,,,sad,0,Dataset1/DS1_TRAIN_MATCH/
sad_FINAL_DL_Sad(69),train,train,sad_FINAL_DL_Sad(69),Toty,Paralyzed,toty::paralyzed,sad,0,Dataset1/DS1_TRAIN_MATCH/
sad_FINAL_DL_Sad(7),train,train,sad_FINAL_DL_Sad(7),Maroon 5,Memories,maroon 5::memories,sad,1,Dataset1/DS1_TRAIN_MATCH/
sad_FINAL_DL_Sad(70),val,train,sad_FINAL_DL_Sad(70),Kanavis,The Longest Walk,kanavis::the longest walk,sad,0,Dataset1/DS1_VAL_MATCH/
sad_FINAL_DL_Sad(76),train,train,sad_FINAL_DL_Sad(76),Gert Taberner,Fallen,gert taberner::fallen,sad,1,Dataset1/DS1_TRAIN_MATCH/
sad_FINAL_DL_Sad(78),train,train,sad_FINAL_DL_Sad(78),Gert Taberner,Fallen,gert taberner::fallen,sad,1,Dataset1/DS1_TRAIN_MATCH/
sad_FINAL_DL_Sad(80),train,train,sad_FINAL_DL_Sad(80),Palak Mucchal,Idhar Zindagi Ka Janaza,palak mucchal::idhar zindagi ka janaza,sad,0,Dataset1/DS1_TRAIN_MATCH/
sad_HAPPY_HEA(196)-5-of-7,train,train,sad_HAPPY_HEA(196),Serani,In My Arms (Original),serani::in my arms (original),sad,0,Dataset1/DS1_TRAIN_MATCH/
sad_MIX_TEST(2)-2-of-9,test,train,sad_MIX_TEST(2),Ed Sheeran,Give Me Love,ed sheeran::give me love,sad,1,Dataset1/DS1_TEST_MATCH/
sad_ORG_NEUTRAL(108),train,train,sad_ORG_NEUTRAL(108),Sigur Rós,Von (Live),sigur rós::von (live),sad,0,Dataset1/DS1_TRAIN_MATCH/
sad_ORG_NEUTRAL(109),train,train,sad_ORG_NEUTRAL(109),Sigur Rós,Von (Live),sigur rós::von (live),sad,0,Dataset1/DS1_TRAIN_MATCH/
sad_ORG_NEUTRAL(110),train,train,sad_ORG_NEUTRAL(110),Sigur Rós,Von,sigur rós::von,sad,0,Dataset1/DS1_TRAIN_MATCH/
sad_ORG_NEUTRAL(111),train,train,sad_ORG_NEUTRAL(111),Sigur Rós,Von (Live),sigur rós::von (live),sad,0,Dataset1/DS1_TRAIN_MATCH/
sad_ORG_NEUTRAL(345),train,train,sad_ORG_NEUTRAL(345),,,,sad,0,Dataset1/DS1_TRAIN_MATCH/
sad_ORG_NEUTRAL(346),val,train,sad_ORG_NEUTRAL(346),,,,sad,0,Dataset1/DS1_VAL_MATCH/
sad_ORG_NEUTRAL(44),train,train,sad_ORG_NEUTRAL(44),DHT,Listen to Your Heart (Edmée's Unplugged Edit),dht::listen to your heart (edmée's unplugged edit),sad,1,Dataset1/DS1_TRAIN_MATCH/
sad_ORG_NEUTRAL(88),train,train,sad_ORG_NEUTRAL(88),LCD Soundsystem,"New York, I Love You But You're Bringing Me Down","lcd soundsystem::new york, i love you but you're bringing me down",sad,1,Dataset1/DS1_TRAIN_MATCH/
sad_ORG_SAD(1),train,train,sad_ORG_SAD(1),Clint Mansell,Lux Aeterna,clint mansell::lux aeterna,sad,0,Dataset1/DS1_TRAIN_MATCH/
sad_ORG_SAD(100),train,train,sad_ORG_SAD(100),LiL'P Nepali Rap,SUNA SAILI RAP,lil'p nepali rap::suna saili rap,sad,0,Dataset1/DS1_TRAIN_MATCH/
sad_ORG_SAD(102),train,train,sad_ORG_SAD(102),,,,sad,0,Dataset1/DS1_TRAIN_MATCH/
sad_ORG_SAD(105),train,train,sad_ORG_SAD(105),Kid Rock,Picture (feat. Sheryl Crow) [2018 Remaster],kid rock::picture (feat. sheryl crow) [2018 remaster],sad,1,Dataset1/DS1_TRAIN_MATCH/
sad_ORG_SAD(106),train,train,sad_ORG_SAD(106),Kid Rock,Picture (feat. Sheryl Crow) [2018 Remaster],kid rock::picture (feat. sheryl crow) [2018 remaster],sad,1,Dataset1/DS1_TRAIN_MATCH/
sad_ORG_SAD(109),train,train,sad_ORG_SAD(109),Hinder,Better Than Me,hinder::better than me,sad,1,Dataset1/DS1_TRAIN_MATCH/
sad_ORG_SAD(11),val,train,sad_ORG_SAD(11),Rascal Flatts,Here Comes Goodbye,rascal flatts::here comes goodbye,sad,1,Dataset1/DS1_VAL_MATCH/
sad_ORG_SAD(110),train,train,sad_ORG_SAD(110),Hinder,Better Than Me,hinder::better than me,sad,1,Dataset1/DS1_TRAIN_MATCH/
sad_ORG_SAD(115),train,train,sad_ORG_SAD(115),James Arthur,Rewrite The Stars,james arthur::rewrite the stars,sad,1,Dataset1/DS1_TRAIN_MATCH/
sad_ORG_SAD(119),train,train,sad_ORG_SAD(119),,,,sad,0,Dataset1/DS1_TRAIN_MATCH/
sad_ORG_SAD(122),train,train,sad_ORG_SAD(122),Lovelyz,Gone (JIN Solo),lovelyz::gone (jin solo),sad,1,Dataset1/DS1_TRAIN_MATCH/
sad_ORG_SAD(124),train,train,sad_ORG_SAD(124),Evanescence,My Immortal,evanescence::my immortal,sad,1,Dataset1/DS1_TRAIN_MATCH/
sad_ORG_SAD(127),train,train,sad_ORG_SAD(127),Sukhwinder Singh,Layi Vi Na Gayi,sukhwinder singh::layi vi na gayi,sad,0,Dataset1/DS1_TRAIN_MATCH/
sad_ORG_SAD(13),train,train,sad_ORG_SAD(13),Rascal Flatts,Here Comes Goodbye,rascal flatts::here comes goodbye,sad,1,Dataset1/DS1_TRAIN_MATCH/
sad_ORG_SAD(131),train,train,sad_ORG_SAD(131),S. Janaki,Amma Amma,s. janaki::amma amma,sad,0,Dataset1/DS1_TRAIN_MATCH/
sad_ORG_SAD(134),train,train,sad_ORG_SAD(134),Mohit Chauhan,Aur Ho,mohit chauhan::aur ho,sad,1,Dataset1/DS1_TRAIN_MATCH/
sad_ORG_SAD(135),train,train,sad_ORG_SAD(135),Lana Del Rey,Summertime Sadness,lana del rey::summertime sadness,sad,1,Dataset1/DS1_TRAIN_MATCH/
sad_ORG_SAD(139),train,train,sad_ORG_SAD(139),Jesse McCartney,Just So You Know,jesse mccartney::just so you know,sad,1,Dataset1/DS1_TRAIN_MATCH/
sad_ORG_SAD(14),train,train,sad_ORG_SAD(14),Clint Mansell,Lux Aeterna,clint mansell::lux aeterna,sad,0,Dataset1/DS1_TRAIN_MATCH/
sad_ORG_SAD(140),val,train,sad_ORG_SAD(140),Coldplay,Fix You,coldplay::fix you,sad,1,Dataset1/DS1_VAL_MATCH/
sad_ORG_SAD(150),train,train,sad_ORG_SAD(150),,,,sad,0,Dataset1/DS1_TRAIN_MATCH/
sad_ORG_SAD(151),train,train,sad_ORG_SAD(151),DIA,어제처럼,dia::어제처럼,sad,0,Dataset1/DS1_TRAIN_MATCH/
sad_ORG_SAD(152),train,train,sad_ORG_SAD(152),,,,sad,0,Dataset1/DS1_TRAIN_MATCH/
sad_ORG_SAD(157),train,train,sad_ORG_SAD(157),Adele,Hello,adele::hello,sad,1,Dataset1/DS1_TRAIN_MATCH/
sad_ORG_SAD(160),train,train,sad_ORG_SAD(160),Adele,Hello,adele::hello,sad,1,Dataset1/DS1_TRAIN_MATCH/
sad_ORG_SAD(163),train,train,sad_ORG_SAD(163),Zach Williams,Fear Is a Liar,zach williams::fear is a liar,sad,1,Dataset1/DS1_TRAIN_MATCH/
sad_ORG_SAD(165),train,train,sad_ORG_SAD(165),Zach Williams,Fear Is a Liar,zach williams::fear is a liar,sad,1,Dataset1/DS1_TRAIN_MATCH/
sad_ORG_SAD(166),train,train,sad_ORG_SAD(166),Zach Williams,Fear Is a Liar,zach williams::fear is a liar,sad,1,Dataset1/DS1_TRAIN_MATCH/
sad_ORG_SAD(169),train,train,sad_ORG_SAD(169),Zach Williams,Fear Is a Liar,zach williams::fear is a liar,sad,1,Dataset1/DS1_TRAIN_MATCH/
sad_ORG_SAD(170),train,train,sad_ORG_SAD(170),"Zedd, Elley Duhé",Happy Now,"zedd, elley duhé::happy now",sad,1,Dataset1/DS1_TRAIN_MATCH/
sad_ORG_SAD(171),train,train,sad_ORG_SAD(171),"Zedd, Elley Duhé",Happy Now,"zedd, elley duhé::happy now",sad,1,Dataset1/DS1_TRAIN_MATCH/
sad_ORG_SAD(174),train,train,sad_ORG_SAD(174),Eminem,'Till I Collapse,eminem::'till i collapse,sad,1,Dataset1/DS1_TRAIN_MATCH/
sad_ORG_SAD(176),train,train,sad_ORG_SAD(176),,,,sad,0,Dataset1/DS1_TRAIN_MATCH/
sad_ORG_SAD(181),train,train,sad_ORG_SAD(181),BIGBANG,HARU HARU,bigbang::haru haru,sad,1,Dataset1/DS1_TRAIN_MATCH/
sad_ORG_SAD(186),train,train,sad_ORG_SAD(186),"Tuấn, Nguyễn",Dance Version,"tuấn, nguyễn::dance version",sad,0,Dataset1/DS1_TRAIN_MATCH/
sad_ORG_SAD(188),train,train,sad_ORG_SAD(188),Sped Up 204,Beast,sped up 204::beast,sad,0,Dataset1/DS1_TRAIN_MATCH/
sad_ORG_SAD(191),val,train,sad_ORG_SAD(191),,,,sad,0,Dataset1/DS1_VAL_MATCH/
sad_ORG_SAD(196),train,train,sad_ORG_SAD(196),FTISLAND,Severely,ftisland::severely,sad,1,Dataset1/DS1_TRAIN_MATCH/
sad_ORG_SAD(200),val,train,sad_ORG_SAD(200),BIGBANG,HARU HARU,bigbang::haru haru,sad,1,Dataset1/DS1_VAL_MATCH/
sad_ORG_SAD(201),train,train,sad_ORG_SAD(201),BIGBANG,HARU HARU,bigbang::haru haru,sad,1,Dataset1/DS1_TRAIN_MATCH/
sad_ORG_SAD(203),train,train,sad_ORG_SAD(203),,,,sad,0,Dataset1/DS1_TRAIN_MATCH/
sad_ORG_SAD(204),train,train,sad_ORG_SAD(204),Lovelyz,Gone (JIN Solo),lovelyz::gone (jin solo),sad,1,Dataset1/DS1_TRAIN_MATCH/
sad_ORG_SAD(205),train,train,sad_ORG_SAD(205),Huhgak,I Can Only Say I Want to Die (Narr. Kang So Ra) (Drama Version),huhgak::i can only say i want to die (narr. kang so ra) (drama version),sad,1,Dataset1/DS1_TRAIN_MATCH/
sad_ORG_SAD(208),train,train,sad_ORG_SAD(208),Huhgak,I Can Only Say I Want to Die (Narr. Kang So Ra) (Drama Version),huhgak::i can only say i want to die (narr. kang so ra) (drama version),sad,1,Dataset1/DS1_TRAIN_MATCH/
sad_ORG_SAD(21),train,train,sad_ORG_SAD(21),James Blunt,Goodbye My Lover,james blunt::goodbye my lover,sad,1,Dataset1/DS1_TRAIN_MATCH/
sad_ORG_SAD(210),train,train,sad_ORG_SAD(210),TaeYang,"눈, 코, 입","taeyang::눈, 코, 입",sad,1,Dataset1/DS1_TRAIN_MATCH/
sad_ORG_SAD(214),train,train,sad_ORG_SAD(214),TAEYEON,Closer,taeyeon::closer,sad,1,Dataset1/DS1_TRAIN_MATCH/
sad_ORG_SAD(219),train,train,sad_ORG_SAD(219),Green Day,Wake Me Up When September Ends,green day::wake me up when september ends,sad,1,Dataset1/DS1_TRAIN_MATCH/
sad_ORG_SAD(220),train,train,sad_ORG_SAD(220),Green Day,Wake Me Up When September Ends,green day::wake me up when september ends,sad,1,Dataset1/DS1_TRAIN_MATCH/
sad_ORG_SAD(221),train,train,sad_ORG_SAD(221),Green Day,Wake Me Up When September Ends,green day::wake me up when september ends,sad,1,Dataset1/DS1_TRAIN_MATCH/
sad_ORG_SAD(222),train,train,sad_ORG_SAD(222),Zeus!,Grey Cerebration,zeus!::grey cerebration,sad,0,Dataset1/DS1_TRAIN_MATCH/
sad_ORG_SAD(224),train,train,sad_ORG_SAD(224),Sam Smith,Stay With Me,sam smith::stay with me,sad,1,Dataset1/DS1_TRAIN_MATCH/
sad_ORG_SAD(225),val,train,sad_ORG_SAD(225),Sam Smith,Stay With Me,sam smith::stay with me,sad,1,Dataset1/DS1_VAL_MATCH/
sad_ORG_SAD(227),train,train,sad_ORG_SAD(227),Evanescence,My Immortal,evanescence::my immortal,sad,1,Dataset1/DS1_TRAIN_MATCH/
sad_ORG_SAD(228),train,train,sad_ORG_SAD(228),Evanescence,My Immortal,evanescence::my immortal,sad,1,Dataset1/DS1_TRAIN_MATCH/
sad_ORG_SAD(229),train,train,sad_ORG_SAD(229),Evanescence,My Immortal,evanescence::my immortal,sad,1,Dataset1/DS1_TRAIN_MATCH/
sad_ORG_SAD(23),train,train,sad_ORG_SAD(23),James Blunt,Goodbye My Lover,james blunt::goodbye my lover,sad,1,Dataset1/DS1_TRAIN_MATCH/
sad_ORG_SAD(230),train,train,sad_ORG_SAD(230),Tove Lo,Over,tove lo::over,sad,1,Dataset1/DS1_TRAIN_MATCH/
sad_ORG_SAD(231),train,train,sad_ORG_SAD(231),Tove Lo,Over,tove lo::over,sad,1,Dataset1/DS1_TRAIN_MATCH/
sad_ORG_SAD(235),train,train,sad_ORG_SAD(235),Tove Lo,Over,tove lo::over,sad,1,Dataset1/DS1_TRAIN_MATCH/
sad_ORG_SAD(238),train,train,sad_ORG_SAD(238),,,,sad,0,Dataset1/DS1_TRAIN_MATCH/
sad_ORG_SAD(239),train,train,sad_ORG_SAD(239),,,,sad,0,Dataset1/DS1_TRAIN_MATCH/
sad_ORG_SAD(241),train,train,sad_ORG_SAD(241),AWOLNATION,Sail (Dan the Automator Remix),awolnation::sail (dan the automator remix),sad,1,Dataset1/DS1_TRAIN_MATCH/
sad_ORG_SAD(242),train,train,sad_ORG_SAD(242),AWOLNATION,Sail (Dan the Automator Remix),awolnation::sail (dan the automator remix),sad,1,Dataset1/DS1_TRAIN_MATCH/
sad_ORG_SAD(244),train,train,sad_ORG_SAD(244),Sukhwinder Singh,Layi Vi Na Gayi,sukhwinder singh::layi vi na gayi,sad,0,Dataset1/DS1_TRAIN_MATCH/
sad_ORG_SAD(247),train,train,sad_ORG_SAD(247),,,,sad,0,Dataset1/DS1_TRAIN_MATCH/
sad_ORG_SAD(25),train,train,sad_ORG_SAD(25),Johnny Cash,Hurt,johnny cash::hurt,sad,1,Dataset1/DS1_TRAIN_MATCH/
sad_ORG_SAD(256),train,train,sad_ORG_SAD(256),S. Janaki,Amma Amma,s. janaki::amma amma,sad,0,Dataset1/DS1_TRAIN_MATCH/
sad_ORG_SAD(266),train,train,sad_ORG_SAD(266),Green Day,Wake Me Up When September Ends,green day::wake me up when september ends,sad,1,Dataset1/DS1_TRAIN_MATCH/
sad_ORG_SAD(276),train,train,sad_ORG_SAD(276),Mohit Chauhan,Aur Ho,mohit chauhan::aur ho,sad,1,Dataset1/DS1_TRAIN_MATCH/
sad_ORG_SAD(278),train,train,sad_ORG_SAD(278),Mohit Chauhan,Ye Dooriyan,mohit chauhan::ye dooriyan,sad,1,Dataset1/DS1_TRAIN_MATCH/
sad_ORG_SAD(279),train,train,sad_ORG_SAD(279),Mohit Chauhan,Ye Dooriyan,mohit chauhan::ye dooriyan,sad,1,Dataset1/DS1_TRAIN_MATCH/
sad_ORG_SAD(280),train,train,sad_ORG_SAD(280),Green Day,21 Guns,green day::21 guns,sad,1,Dataset1/DS1_TRAIN_MATCH/
sad_ORG_SAD(286),train,train,sad_ORG_SAD(286),Lana Del Rey,Summertime Sadness,lana del rey::summertime sadness,sad,1,Dataset1/DS1_TRAIN_MATCH/
sad_ORG_SAD(287),val,train,sad_ORG_SAD(287),Lana Del Rey,Summertime Sadness,lana del rey::summertime sadness,sad,1,Dataset1/DS1_VAL_MATCH/
sad_ORG_SAD(289),train,train,sad_ORG_SAD(289),Anirudh,Kanave Kanave,anirudh::kanave kanave,sad,0,Dataset1/DS1_TRAIN_MATCH/
sad_ORG_SAD(292),val,train,sad_ORG_SAD(292),Mohd Kalam,Kaise Main,mohd kalam::kaise main,sad,0,Dataset1/DS1_VAL_MATCH/
sad_ORG_SAD(294),train,train,sad_ORG_SAD(294),Mohd Kalam,Kaise Main,mohd kalam::kaise main,sad,0,Dataset1/DS1_TRAIN_MATCH/
sad_ORG_SAD(295),train,train,sad_ORG_SAD(295),Mohd Kalam,Kaise Main,mohd kalam::kaise main,sad,0,Dataset1/DS1_TRAIN_MATCH/
sad_ORG_SAD(296),train,train,sad_ORG_SAD(296),Mohd Kalam,Kaise Main,mohd kalam::kaise main,sad,0,Dataset1/DS1_TRAIN_MATCH/
sad_ORG_SAD(297),train,train,sad_ORG_SAD(297),C.M.Jubayer Hossain,Mere Mehboob Qayamat hogi,c.m.jubayer hossain::mere mehboob qayamat hogi,sad,0,Dataset1/DS1_TRAIN_MATCH/
sad_ORG_SAD(298),train,train,sad_ORG_SAD(298),C.M.Jubayer Hossain,Mere Mehboob Qayamat hogi,c.m.jubayer hossain::mere mehboob qayamat hogi,sad,0,Dataset1/DS1_TRAIN_MATCH/
sad_ORG_SAD(300),train,train,sad_ORG_SAD(300),Corvyx,My Immortal,corvyx::my immortal,sad,0,Dataset1/DS1_TRAIN_MATCH/
sad_ORG_SAD(302),train,train,sad_ORG_SAD(302),Corvyx,My Immortal,corvyx::my immortal,sad,0,Dataset1/DS1_TRAIN_MATCH/
sad_ORG_SAD(303),train,train,sad_ORG_SAD(303),Corvyx,My Immortal,corvyx::my immortal,sad,0,Dataset1/DS1_TRAIN_MATCH/
sad_ORG_SAD(304),train,train,sad_ORG_SAD(304),Corvyx,My Immortal,corvyx::my immortal,sad,0,Dataset1/DS1_TRAIN_MATCH/
sad_ORG_SAD(315),train,train,sad_ORG_SAD(315),Lovelyz,Gone (JIN Solo),lovelyz::gone (jin solo),sad,1,Dataset1/DS1_TRAIN_MATCH/
sad_ORG_SAD(316),train,train,sad_ORG_SAD(316),Sanna Nielsen,Undo,sanna nielsen::undo,sad,1,Dataset1/DS1_TRAIN_MATCH/
sad_ORG_SAD(318),val,train,sad_ORG_SAD(318),Sanna Nielsen,Undo,sanna nielsen::undo,sad,1,Dataset1/DS1_VAL_MATCH/
sad_ORG_SAD(319),train,train,sad_ORG_SAD(319),Sanna Nielsen,Undo,sanna nielsen::undo,sad,1,Dataset1/DS1_TRAIN_MATCH/
sad_ORG_SAD(321),train,train,sad_ORG_SAD(321),Sanna Nielsen,Undo,sanna nielsen::undo,sad,1,Dataset1/DS1_TRAIN_MATCH/
sad_ORG_SAD(322),train,train,sad_ORG_SAD(322),Lyn,Only One Day,lyn::only one day,sad,1,Dataset1/DS1_TRAIN_MATCH/
sad_ORG_SAD(324),val,train,sad_ORG_SAD(324),Lyn,Only One Day,lyn::only one day,sad,1,Dataset1/DS1_VAL_MATCH/
sad_ORG_SAD(325),train,train,sad_ORG_SAD(325),Lyn,Only One Day,lyn::only one day,sad,1,Dataset1/DS1_TRAIN_MATCH/
sad_ORG_SAD(328),train,train,sad_ORG_SAD(328),Park Sang Min,그대만큼만,park sang min::그대만큼만,sad,0,Dataset1/DS1_TRAIN_MATCH/
sad_ORG_SAD(330),train,train,sad_ORG_SAD(330),,,,sad,0,Dataset1/DS1_TRAIN_MATCH/
sad_ORG_SAD(331),train,train,sad_ORG_SAD(331),,,,sad,0,Dataset1/DS1_TRAIN_MATCH/
sad_ORG_SAD(335),train,train,sad_ORG_SAD(335),,,,sad,0,Dataset1/DS1_TRAIN_MATCH/
sad_ORG_SAD(338),train,train,sad_ORG_SAD(338),Yoon Hyun Sang,When would it be (Duet. IU),yoon hyun sang::when would it be (duet. iu),sad,1,Dataset1/DS1_TRAIN_MATCH/
sad_ORG_SAD(34),train,train,sad_ORG_SAD(34),Joyner Lucas,Frozen,joyner lucas::frozen,sad,1,Dataset1/DS1_TRAIN_MATCH/
sad_ORG_SAD(343),train,train,sad_ORG_SAD(343),,,,sad,0,Dataset1/DS1_TRAIN_MATCH/
sad_ORG_SAD(344),train,train,sad_ORG_SAD(344),Lata Mangeshkar,Mera Dil Ye Pukare Aaja Lion,lata mangeshkar::mera dil ye pukare aaja lion,sad,0,Dataset1/DS1_TRAIN_MATCH/
sad_ORG_SAD(347),train,train,sad_ORG_SAD(347),MongleTunes,Howl's Name Written in Smoke,mongletunes::howl's name written in smoke,sad,0,Dataset1/DS1_TRAIN_MATCH/
sad_ORG_SAD(39),val,train,sad_ORG_SAD(39),Sam Smith,Too Good At Goodbyes,sam smith::too good at goodbyes,sad,1,Dataset1/DS1_VAL_MATCH/
sad_ORG_SAD(40),test,train,sad_ORG_SAD(40),Owl City,This Isn’t The End,owl city::this isn’t the end,sad,1,Dataset1/DS1_TEST_MATCH/
sad_ORG_SAD(43),val,train,sad_ORG_SAD(43),Udit Narayan,Tere Naam - Sad,udit narayan::tere naam - sad,sad,1,Dataset1/DS1_VAL_MATCH/
sad_ORG_SAD(47),train,train,sad_ORG_SAD(47),Joyner Lucas,I'm Sorry,joyner lucas::i'm sorry,sad,0,Dataset1/DS1_TRAIN_MATCH/
sad_ORG_SAD(49),train,train,sad_ORG_SAD(49),Linkin Park,Heavy,linkin park::heavy,sad,1,Dataset1/DS1_TRAIN_MATCH/
sad_ORG_SAD(5),test,train,sad_ORG_SAD(5),Rascal Flatts,Here Comes Goodbye,rascal flatts::here comes goodbye,sad,1,Dataset1/DS1_TEST_MATCH/
sad_ORG_SAD(50),train,train,sad_ORG_SAD(50),Bliss n Eso,Believe (feat. Mario),bliss n eso::believe (feat. mario),sad,1,Dataset1/DS1_TRAIN_MATCH/
sad_ORG_SAD(51),train,train,sad_ORG_SAD(51),Joyner Lucas,I'm Sorry,joyner lucas::i'm sorry,sad,0,Dataset1/DS1_TRAIN_MATCH/
sad_ORG_SAD(52),val,train,sad_ORG_SAD(52),Joyner Lucas,I'm Sorry,joyner lucas::i'm sorry,sad,0,Dataset1/DS1_VAL_MATCH/
sad_ORG_SAD(53),train,train,sad_ORG_SAD(53),Linkin Park,Heavy,linkin park::heavy,sad,1,Dataset1/DS1_TRAIN_MATCH/
sad_ORG_SAD(54),train,train,sad_ORG_SAD(54),Dax,She Cheated Again,dax::she cheated again,sad,1,Dataset1/DS1_TRAIN_MATCH/
sad_ORG_SAD(61),train,train,sad_ORG_SAD(61),,,,sad,0,Dataset1/DS1_TRAIN_MATCH/
sad_ORG_SAD(65),train,train,sad_ORG_SAD(65),,,,sad,0,Dataset1/DS1_TRAIN_MATCH/
sad_ORG_SAD(67),train,train,sad_ORG_SAD(67),,,,sad,0,Dataset1/DS1_TRAIN_MATCH/
sad_ORG_SAD(70),train,train,sad_ORG_SAD(70),Sam Smith,Too Good At Goodbyes,sam smith::too good at goodbyes,sad,0,Dataset1/DS1_TRAIN_MATCH/
sad_ORG_SAD(72),val,train,sad_ORG_SAD(72),Calum Scott,Dancing On My Own,calum scott::dancing on my own,sad,1,Dataset1/DS1_VAL_MATCH/
sad_ORG_SAD(73),train,train,sad_ORG_SAD(73),Vassal Benford Music,Melody Man,vassal benford music::melody man,sad,0,Dataset1/DS1_TRAIN_MATCH/
sad_ORG_SAD(75),train,train,sad_ORG_SAD(75),Linkin Park,Heavy,linkin park::heavy,sad,1,Dataset1/DS1_TRAIN_MATCH/
sad_ORG_SAD(77),val,train,sad_ORG_SAD(77),Joyner Lucas,I'm Sorry,joyner lucas::i'm sorry,sad,0,Dataset1/DS1_VAL_MATCH/
sad_ORG_SAD(79),train,train,sad_ORG_SAD(79),Kylie Minogue,Music's Too Sad Without You,kylie minogue::music's too sad without you,sad,1,Dataset1/DS1_TRAIN_MATCH/
sad_ORG_SAD(80),val,train,sad_ORG_SAD(80),Kylie Minogue,Music's Too Sad Without You,kylie minogue::music's too sad without you,sad,1,Dataset1/DS1_VAL_MATCH/
sad_ORG_SAD(91),train,train,sad_ORG_SAD(91),Lyn,Only One Day,lyn::only one day,sad,1,Dataset1/DS1_TRAIN_MATCH/
sad_ORG_SAD(93),val,train,sad_ORG_SAD(93),Krishna Beura,Mera Intkam Dekhegi,krishna beura::mera intkam dekhegi,sad,1,Dataset1/DS1_VAL_MATCH/
sad_ORG_SAD(94),train,train,sad_ORG_SAD(94),Yash Kumar,Birano Yo Mandirma (From “Bato Muniko Phool”),yash kumar::birano yo mandirma (from “bato muniko phool”),sad,0,Dataset1/DS1_TRAIN_MATCH/
sad_ORG_SAD(95),test,train,sad_ORG_SAD(95),Ketan Chhetri,Lai Lai,ketan chhetri::lai lai,sad,0,Dataset1/DS1_TEST_MATCH/
sad_ORG_SAD(96),train,train,sad_ORG_SAD(96),Ketan Chhetri,Lai Lai,ketan chhetri::lai lai,sad,0,Dataset1/DS1_TRAIN_MATCH/
sad_REVIEW_SAD (1),train,train,sad_REVIEW_SAD (1),,,,sad,0,Dataset1/DS1_TRAIN_MATCH/
sad_REVIEW_SAD (14),val,train,sad_REVIEW_SAD (14),AirBorne,Khae Luem Mun Pai,airborne::khae luem mun pai,sad,0,Dataset1/DS1_VAL_MATCH/
sad_REVIEW_SAD (19),test,train,sad_REVIEW_SAD (19),,,,sad,0,Dataset1/DS1_TEST_MATCH/
sad_REVIEW_SAD (20),train,train,sad_REVIEW_SAD (20),,,,sad,0,Dataset1/DS1_TRAIN_MATCH/
sad_REVIEW_SAD (31),train,train,sad_REVIEW_SAD (31),Avril Lavigne,Goodbye,avril lavigne::goodbye,sad,1,Dataset1/DS1_TRAIN_MATCH/
sad_REVIEW_SAD (35),train,train,sad_REVIEW_SAD (35),Régis Danese,Faz Um Milagre Em Mim,régis danese::faz um milagre em mim,sad,1,Dataset1/DS1_TRAIN_MATCH/
sad_REVIEW_SAD (38),train,train,sad_REVIEW_SAD (38),Kolpa,Gurur Benim Neyime?,kolpa::gurur benim neyime?,sad,1,Dataset1/DS1_TRAIN_MATCH/
sad_REVIEW_SAD (40),train,train,sad_REVIEW_SAD (40),Nicholas Tyler,Born To Die,nicholas tyler::born to die,sad,0,Dataset1/DS1_TRAIN_MATCH/
sad_REVIEW_SAD (43),train,train,sad_REVIEW_SAD (43),Levin,Delila,levin::delila,sad,0,Dataset1/DS1_TRAIN_MATCH/
sad_REVIEW_SAD (46),train,train,sad_REVIEW_SAD (46),Drop Out Venus,Love and Desire,drop out venus::love and desire,sad,0,Dataset1/DS1_TRAIN_MATCH/
sad_REVIEW_SAD (50),train,train,sad_REVIEW_SAD (50),Merve Mete,Hadi Diyelim,merve mete::hadi diyelim,sad,0,Dataset1/DS1_TRAIN_MATCH/
sad_REVIEW_SAD (51),train,train,sad_REVIEW_SAD (51),Black Bottom Tay,C.W.G.,black bottom tay::c.w.g.,sad,0,Dataset1/DS1_TRAIN_MATCH/
sad_REVIEW_SAD (61),train,train,sad_REVIEW_SAD (61),,,,sad,0,Dataset1/DS1_TRAIN_MATCH/
sad_REVIEW_SAD (68),train,train,sad_REVIEW_SAD (68),,,,sad,0,Dataset1/DS1_TRAIN_MATCH/
sad_REVIEW_SAD (70),train,train,sad_REVIEW_SAD (70),Kıraç,Yaşamam Artık / O... Çocukları (Orijinal Film Müziği),kıraç::yaşamam artık / o... çocukları (orijinal film müziği),sad,0,Dataset1/DS1_TRAIN_MATCH/
sad_REVIEW_SAD (72),train,train,sad_REVIEW_SAD (72),Ryan Star,Lullaby Suicide,ryan star::lullaby suicide,sad,1,Dataset1/DS1_TRAIN_MATCH/
sad_REVIEW_SAD (75),train,train,sad_REVIEW_SAD (75),Ryan Star,Lullaby Suicide,ryan star::lullaby suicide,sad,1,Dataset1/DS1_TRAIN_MATCH/
sad_REVIEW_SAD (79),train,train,sad_REVIEW_SAD (79),,,,sad,0,Dataset1/DS1_TRAIN_MATCH/
sad_REVIEW_SAD (8),train,train,sad_REVIEW_SAD (8),Ji Yeon,1분1초,ji yeon::1분1초,sad,0,Dataset1/DS1_TRAIN_MATCH/
sad_REVIEW_SAD (81),train,train,sad_REVIEW_SAD (81),Venus Volts,Post-It,venus volts::post-it,sad,0,Dataset1/DS1_TRAIN_MATCH/
sad_REVIEW_SAD (84),train,train,sad_REVIEW_SAD (84),Solar Flare Piano,Ride,solar flare piano::ride,sad,0,Dataset1/DS1_TRAIN_MATCH/
sad_REVIEW_SAD (86),train,train,sad_REVIEW_SAD (86),,,,sad,0,Dataset1/DS1_TRAIN_MATCH/
sad_REVIEW_SAD (88),train,train,sad_REVIEW_SAD (88),,,,sad,0,Dataset1/DS1_TRAIN_MATCH/
sad_REVIEW_SAD (89),train,train,sad_REVIEW_SAD (89),,,,sad,0,Dataset1/DS1_TRAIN_MATCH/
sad_REVIEW_SAD (9),train,train,sad_REVIEW_SAD (9),,,,sad,0,Dataset1/DS1_TRAIN_MATCH/
sad_REVIEW_SAD (90),train,train,sad_REVIEW_SAD (90),FTISLAND,Severely,ftisland::severely,sad,1,Dataset1/DS1_TRAIN_MATCH/
sad_Rellx_FINAL_DL(88),train,train,sad_Rellx_FINAL_DL(88),,,,sad,0,Dataset1/DS1_TRAIN_MATCH/
sad_Rellx_FINAL_DL(89),train,train,sad_Rellx_FINAL_DL(89),,,,sad,0,Dataset1/DS1_TRAIN_MATCH/
sad_SAAD_FINAL_DL(1),train,train,sad_SAAD_FINAL_DL(1),,,,sad,0,Dataset1/DS1_TRAIN_MATCH/
sad_SAAD_FINAL_DL(10),train,train,sad_SAAD_FINAL_DL(10),Amber Run,Amen,amber run::amen,sad,1,Dataset1/DS1_TRAIN_MATCH/
sad_SAAD_FINAL_DL(11),train,train,sad_SAAD_FINAL_DL(11),Nirwan N' Music Link,Kina Yesari,nirwan n' music link::kina yesari,sad,1,Dataset1/DS1_TRAIN_MATCH/
sad_SAAD_FINAL_DL(12),train,train,sad_SAAD_FINAL_DL(12),Nirwan N' Music Link,Kina Yesari,nirwan n' music link::kina yesari,sad,1,Dataset1/DS1_TRAIN_MATCH/
sad_SAAD_FINAL_DL(13),train,train,sad_SAAD_FINAL_DL(13),Nirwan N' Music Link,Kina Yesari,nirwan n' music link::kina yesari,sad,1,Dataset1/DS1_TRAIN_MATCH/
sad_SAAD_FINAL_DL(14),train,train,sad_SAAD_FINAL_DL(14),Nirwan N' Music Link,Kina Yesari,nirwan n' music link::kina yesari,sad,1,Dataset1/DS1_TRAIN_MATCH/
sad_SAAD_FINAL_DL(16),train,train,sad_SAAD_FINAL_DL(16),Nicholas Hooper,Dumbledore's Farewell,nicholas hooper::dumbledore's farewell,sad,1,Dataset1/DS1_TRAIN_MATCH/
sad_SAAD_FINAL_DL(17),train,train,sad_SAAD_FINAL_DL(17),Nicholas Hooper,Dumbledore's Farewell,nicholas hooper::dumbledore's farewell,sad,1,Dataset1/DS1_TRAIN_MATCH/
sad_SAAD_FINAL_DL(18),train,train,sad_SAAD_FINAL_DL(18),Kodaline,All I Want (Radio Edit),kodaline::all i want (radio edit),sad,1,Dataset1/DS1_TRAIN_MATCH/
sad_SAAD_FINAL_DL(2),train,train,sad_SAAD_FINAL_DL(2),,,,sad,0,Dataset1/DS1_TRAIN_MATCH/
sad_SAAD_FINAL_DL(20),train,train,sad_SAAD_FINAL_DL(20),David Bowie,Lazarus,david bowie::lazarus,sad,1,Dataset1/DS1_TRAIN_MATCH/
sad_SAAD_FINAL_DL(6),train,train,sad_SAAD_FINAL_DL(6),Amber Run,Amen,amber run::amen,sad,1,Dataset1/DS1_TRAIN_MATCH/
sad_SAAD_FINAL_DL(7),train,train,sad_SAAD_FINAL_DL(7),Amber Run,Amen,amber run::amen,sad,1,Dataset1/DS1_TRAIN_MATCH/
sad_SAAD_FINAL_DL(8),train,train,sad_SAAD_FINAL_DL(8),Amber Run,Amen,amber run::amen,sad,1,Dataset1/DS1_TRAIN_MATCH/
sad_SAAD_NN(1)-5-of-7,train,train,sad_SAAD_NN(1),Billie Eilish,lovely,billie eilish::lovely,sad,1,Dataset1/DS1_TRAIN_MATCH/
sad_SAAD_NN(2)-2-of-11,train,train,sad_SAAD_NN(2),Coldplay,Fix You,coldplay::fix you,sad,1,Dataset1/DS1_TRAIN_MATCH/
sad_SAD (1),train,train,sad_SAD (1),Pushpan Pradhan,Panchhi (Unplugged),pushpan pradhan::panchhi (unplugged),sad,0,Dataset1/DS1_TRAIN_MATCH/
sad_SAD (2),train,train,sad_SAD (2),Pushpan Pradhan,Panchhi (Unplugged),pushpan pradhan::panchhi (unplugged),sad,0,Dataset1/DS1_TRAIN_MATCH/
sad_SADA_FINAL_DL(29),train,train,sad_SADA_FINAL_DL(29),Green Day,Wake Me Up When September Ends,green day::wake me up when september ends,sad,1,Dataset1/DS1_TRAIN_MATCH/
sad_SADA_FINAL_DL(32),train,train,sad_SADA_FINAL_DL(32),Lewis Capaldi,Before You Go - Piano Version,lewis capaldi::before you go - piano version,sad,1,Dataset1/DS1_TRAIN_MATCH/
sad_SADA_FINAL_DL(39),train,train,sad_SADA_FINAL_DL(39),Melina Rai,"Pal Bharmai Khusi (From ""November Rain"")","melina rai::pal bharmai khusi (from ""november rain"")",sad,0,Dataset1/DS1_TRAIN_MATCH/
sad_SAD_LLT(0),val,train,sad_SAD_LLT(0),,,,sad,0,Dataset1/DS1_VAL_MATCH/
sad_SAD_LLT(0)-2-of-6,train,train,sad_SAD_LLT(0),,,,sad,0,Dataset1/DS1_TRAIN_MATCH/
sad_SAD_LLT(0)-5-of-6,train,train,sad_SAD_LLT(0),,,,sad,0,Dataset1/DS1_TRAIN_MATCH/
sad_SAD_LLT(12)-2-of-11,train,train,sad_SAD_LLT(12),Rahat Fateh Ali Khan,Khaani (Original Score),rahat fateh ali khan::khaani (original score),sad,1,Dataset1/DS1_TRAIN_MATCH/
sad_SAD_LLT(12)-5-of-11,train,train,sad_SAD_LLT(12),Rahat Fateh Ali Khan,Khaani (Original Score),rahat fateh ali khan::khaani (original score),sad,1,Dataset1/DS1_TRAIN_MATCH/
sad_SAD_LLT(13)-2-of-10,val,train,sad_SAD_LLT(13),Mirko Errani,Il tuo cuore lo sa,mirko errani::il tuo cuore lo sa,sad,0,Dataset1/DS1_VAL_MATCH/
sad_SAD_LLT(13)-8-of-10,train,train,sad_SAD_LLT(13),,,,sad,0,Dataset1/DS1_TRAIN_MATCH/
sad_SAD_LLT(14),train,train,sad_SAD_LLT(14),Kim Feel,다시 사랑한다면 (니글니글 버터플라이),kim feel::다시 사랑한다면 (니글니글 버터플라이),sad,1,Dataset1/DS1_TRAIN_MATCH/
sad_SAD_LLT(14)-7-of-8,train,train,sad_SAD_LLT(14),Benjamin Ian Cocks,So Cold,benjamin ian cocks::so cold,sad,0,Dataset1/DS1_TRAIN_MATCH/
sad_SAD_LLT(15),train,train,sad_SAD_LLT(15),Judy Shin,White Christmas,judy shin::white christmas,sad,0,Dataset1/DS1_TRAIN_MATCH/
sad_SAD_LLT(15)-2-of-7,train,train,sad_SAD_LLT(15),Billie Eilish,lovely,billie eilish::lovely,sad,1,Dataset1/DS1_TRAIN_MATCH/
sad_SAD_LLT(15)-5-of-7,val,train,sad_SAD_LLT(15),Billie Eilish,lovely,billie eilish::lovely,sad,1,Dataset1/DS1_VAL_MATCH/
sad_SAD_LLT(17)-5-of-10,train,train,sad_SAD_LLT(17),Silent Sanctuary,Sa'yo,silent sanctuary::sa'yo,sad,1,Dataset1/DS1_TRAIN_MATCH/
sad_SAD_LLT(17)-9-of-10,train,train,sad_SAD_LLT(17),Silent Sanctuary,Sa'yo,silent sanctuary::sa'yo,sad,1,Dataset1/DS1_TRAIN_MATCH/
sad_SAD_LLT(18)-7-of-11,train,train,sad_SAD_LLT(18),Kodaline,All I Want (Radio Edit),kodaline::all i want (radio edit),sad,1,Dataset1/DS1_TRAIN_MATCH/
sad_SAD_LLT(19),train,train,sad_SAD_LLT(19),Kim Dong Ryul,Reply,kim dong ryul::reply,sad,0,Dataset1/DS1_TRAIN_MATCH/
sad_SAD_LLT(19)-2-of-10,train,train,sad_SAD_LLT(19),Lana Del Rey,Summertime Sadness,lana del rey::summertime sadness,sad,1,Dataset1/DS1_TRAIN_MATCH/
sad_SAD_LLT(22),train,train,sad_SAD_LLT(22),Post Malone,Goodbyes,post malone::goodbyes,sad,1,Dataset1/DS1_TRAIN_MATCH/
sad_SAD_LLT(22)-4-of-7,train,train,sad_SAD_LLT(22),Billie Eilish,lovely,billie eilish::lovely,sad,1,Dataset1/DS1_TRAIN_MATCH/
sad_SAD_LLT(22)-6-of-7,train,train,sad_SAD_LLT(22),Billie Eilish,lovely,billie eilish::lovely,sad,1,Dataset1/DS1_TRAIN_MATCH/
sad_SAD_LLT(23),train,train,sad_SAD_LLT(23),Post Malone,Goodbyes,post malone::goodbyes,sad,1,Dataset1/DS1_TRAIN_MATCH/
sad_SAD_LLT(23)-3-of-13,train,train,sad_SAD_LLT(23),Stebin Ben,Rula Ke Gaya Ishq,stebin ben::rula ke gaya ishq,sad,1,Dataset1/DS1_TRAIN_MATCH/
sad_SAD_LLT(24)-2-of-8,train,train,sad_SAD_LLT(24),Joyner Lucas,Frozen,joyner lucas::frozen,sad,1,Dataset1/DS1_TRAIN_MATCH/
sad_SAD_LLT(24)-5-of-8,train,train,sad_SAD_LLT(24),Joyner Lucas,Frozen,joyner lucas::frozen,sad,1,Dataset1/DS1_TRAIN_MATCH/
sad_SAD_LLT(24)-7-of-8,train,train,sad_SAD_LLT(24),Joyner Lucas,Frozen,joyner lucas::frozen,sad,1,Dataset1/DS1_TRAIN_MATCH/
sad_SAD_LLT(26)-3-of-11,train,train,sad_SAD_LLT(26),Atif Aslam,Khair Mangda,atif aslam::khair mangda,sad,1,Dataset1/DS1_TRAIN_MATCH/
sad_SAD_LLT(26)-6-of-11,train,train,sad_SAD_LLT(26),Atif Aslam,Khair Mangda,atif aslam::khair mangda,sad,1,Dataset1/DS1_TRAIN_MATCH/
sad_SAD_LLT(28),train,train,sad_SAD_LLT(28),Shreya Ghoshal,Rozana,shreya ghoshal::rozana,sad,1,Dataset1/DS1_TRAIN_MATCH/
sad_SAD_LLT(28)-6-of-9,train,train,sad_SAD_LLT(28),Nadeem Saifi,Bahut Pyar Karte Hain,nadeem saifi::bahut pyar karte hain,sad,0,Dataset1/DS1_TRAIN_MATCH/
sad_SAD_LLT(3),train,train,sad_SAD_LLT(3),,,,sad,0,Dataset1/DS1_TRAIN_MATCH/
sad_SAD_LLT(3)-4-of-6,train,train,sad_SAD_LLT(3),,,,sad,0,Dataset1/DS1_TRAIN_MATCH/
sad_SAD_LLT(31),train,train,sad_SAD_LLT(31),Darryl Worley,I Miss My Friend,darryl worley::i miss my friend,sad,1,Dataset1/DS1_TRAIN_MATCH/
sad_SAD_LLT(31)-104-of-228,train,train,sad_SAD_LLT(31),,,,sad,0,Dataset1/DS1_TRAIN_MATCH/
sad_SAD_LLT(31)-120-of-228,train,train,sad_SAD_LLT(31),,,,sad,0,Dataset1/DS1_TRAIN_MATCH/
sad_SAD_LLT(31)-130-of-228,train,train,sad_SAD_LLT(31),,,,sad,0,Dataset1/DS1_TRAIN_MATCH/
sad_SAD_LLT(31)-146-of-228,train,train,sad_SAD_LLT(31),Udit Narayan,Tere Bin Ek Pal,udit narayan::tere bin ek pal,sad,0,Dataset1/DS1_TRAIN_MATCH/
sad_SAD_LLT(31)-149-of-228,train,train,sad_SAD_LLT(31),Udit Narayan,Tere Bin Ek Pal,udit narayan::tere bin ek pal,sad,0,Dataset1/DS1_TRAIN_MATCH/
sad_SAD_LLT(31)-152-of-228,train,train,sad_SAD_LLT(31),Sukhwinder Singh,Sajna Ne Phool Marya,sukhwinder singh::sajna ne phool marya,sad,0,Dataset1/DS1_TRAIN_MATCH/
sad_SAD_LLT(31)-176-of-228,train,train,sad_SAD_LLT(31),,,,sad,0,Dataset1/DS1_TRAIN_MATCH/
sad_SAD_LLT(31)-190-of-228,train,train,sad_SAD_LLT(31),Saawan Kumar Tak,Yeh Dil Bewafa Se,saawan kumar tak::yeh dil bewafa se,sad,0,Dataset1/DS1_TRAIN_MATCH/
sad_SAD_LLT(31)-211-of-228,val,train,sad_SAD_LLT(31),,,,sad,0,Dataset1/DS1_VAL_MATCH/
sad_SAD_LLT(31)-40-of-228,train,train,sad_SAD_LLT(31),Sukhwinder Singh,Ishq Na Ishq Ho Kisi Se (feat. Kailash Kher),sukhwinder singh::ishq na ishq ho kisi se (feat. kailash kher),sad,0,Dataset1/DS1_TRAIN_MATCH/
sad_SAD_LLT(31)-51-of-228,train,train,sad_SAD_LLT(31),,,,sad,0,Dataset1/DS1_TRAIN_MATCH/
sad_SAD_LLT(31)-59-of-228,train,train,sad_SAD_LLT(31),,,,sad,0,Dataset1/DS1_TRAIN_MATCH/
sad_SAD_LLT(31)-73-of-228,val,train,sad_SAD_LLT(31),Alka Yagnik,Mubarak Ho,alka yagnik::mubarak ho,sad,0,Dataset1/DS1_VAL_MATCH/
sad_SAD_LLT(32),train,train,sad_SAD_LLT(32),Darryl Worley,I Miss My Friend,darryl worley::i miss my friend,sad,1,Dataset1/DS1_TRAIN_MATCH/
sad_SAD_LLT(32)-2-of-14,train,train,sad_SAD_LLT(32),Owias khan,Hindi V/s Punjabi mashup FtOwias Khan,owias khan::hindi v/s punjabi mashup ftowias khan,sad,1,Dataset1/DS1_TRAIN_MATCH/
sad_SAD_LLT(34),train,train,sad_SAD_LLT(34),Rascal Flatts,Here Comes Goodbye,rascal flatts::here comes goodbye,sad,1,Dataset1/DS1_TRAIN_MATCH/
sad_SAD_LLT(36),train,train,sad_SAD_LLT(36),Mike Ryan,Sad Song,mike ryan::sad song,sad,1,Dataset1/DS1_TRAIN_MATCH/
sad_SAD_LLT(37),train,train,sad_SAD_LLT(37),Mike Ryan,Sad Song,mike ryan::sad song,sad,1,Dataset1/DS1_TRAIN_MATCH/
sad_SAD_LLT(4)-3-of-10,train,train,sad_SAD_LLT(4),Anirudh,Kanave Kanave,anirudh::kanave kanave,sad,0,Dataset1/DS1_TRAIN_MATCH/
sad_SAD_LLT(4)-9-of-10,train,train,sad_SAD_LLT(4),Anirudh,Kanave Kanave,anirudh::kanave kanave,sad,0,Dataset1/DS1_TRAIN_MATCH/
sad_SAD_LLT(42),train,train,sad_SAD_LLT(42),Halsey,Sorry,halsey::sorry,sad,1,Dataset1/DS1_TRAIN_MATCH/
sad_SAD_LLT(47),train,train,sad_SAD_LLT(47),,,,sad,0,Dataset1/DS1_TRAIN_MATCH/
sad_SAD_LLT(7)-3-of-8,train,train,sad_SAD_LLT(7),Nayab Khan,Ye Dil Kyu Toda,nayab khan::ye dil kyu toda,sad,1,Dataset1/DS1_TRAIN_MATCH/
sad_SAD_LLT(7)-7-of-8,train,train,sad_SAD_LLT(7),Nayab Khan,Ye Dil Kyu Toda,nayab khan::ye dil kyu toda,sad,1,Dataset1/DS1_TRAIN_MATCH/
sad_SAD_LLT(8),train,train,sad_SAD_LLT(8),Message To Bears,You Are a Memory,message to bears::you are a memory,sad,1,Dataset1/DS1_TRAIN_MATCH/
sad_SAD_LLT(8)-2-of-10,train,train,sad_SAD_LLT(8),Khesari Lal Yadav,Ye Judai Re,khesari lal yadav::ye judai re,sad,0,Dataset1/DS1_TRAIN_MATCH/
sad_SAD_LLT(8)-6-of-10,train,train,sad_SAD_LLT(8),Khesari Lal Yadav,Ye Judai Re,khesari lal yadav::ye judai re,sad,0,Dataset1/DS1_TRAIN_MATCH/
sad_SAD_LLT(8)-9-of-10,train,train,sad_SAD_LLT(8),Khesari Lal Yadav,Ye Judai Re,khesari lal yadav::ye judai re,sad,0,Dataset1/DS1_TRAIN_MATCH/
sad_SAD_TEST(1)-3-of-8,val,train,sad_SAD_TEST(1),Andy Grammer,"Don't Give Up On Me (From ""Five Feet Apart"")","andy grammer::don't give up on me (from ""five feet apart"")",sad,1,Dataset1/DS1_VAL_MATCH/
sad_SAD_TEST(1)-6-of-8,train,train,sad_SAD_TEST(1),Andy Grammer,"Don't Give Up On Me (From ""Five Feet Apart"")","andy grammer::don't give up on me (from ""five feet apart"")",sad,1,Dataset1/DS1_TRAIN_MATCH/
sad_SAD_TEST(11)-2-of-8,val,train,sad_SAD_TEST(11),Freya Ridings,Lost Without You,freya ridings::lost without you,sad,1,Dataset1/DS1_VAL_MATCH/
sad_SAD_TEST(16)-2-of-8,train,train,sad_SAD_TEST(16),Owl City,This Isn’t The End,owl city::this isn’t the end,sad,1,Dataset1/DS1_TRAIN_MATCH/
sad_SAD_TEST(2)-2-of-6,test,train,sad_SAD_TEST(2),ave marie,Sadness,ave marie::sadness,sad,0,Dataset1/DS1_TEST_MATCH/
sad_SAD_TEST(2)-5-of-6,val,train,sad_SAD_TEST(2),ave marie,Sadness,ave marie::sadness,sad,0,Dataset1/DS1_VAL_MATCH/
sad_SAD_TEST(3)-5-of-9,train,train,sad_SAD_TEST(3),AWOLNATION,Sail (Dan the Automator Remix),awolnation::sail (dan the automator remix),sad,1,Dataset1/DS1_TRAIN_MATCH/
sad_SAD_TEST(5)-4-of-9,val,train,sad_SAD_TEST(5),Bruno Mars,It Will Rain,bruno mars::it will rain,sad,1,Dataset1/DS1_VAL_MATCH/
sad_SAD_TEST(5)-8-of-9,test,train,sad_SAD_TEST(5),Bruno Mars,It Will Rain,bruno mars::it will rain,sad,1,Dataset1/DS1_TEST_MATCH/
sad_SAD_TEST(6)-2-of-9,val,train,sad_SAD_TEST(6),Christina Perri,human,christina perri::human,sad,1,Dataset1/DS1_VAL_MATCH/
sad_SAD_TEST(8)-3-of-8,train,train,sad_SAD_TEST(8),Dax,Dear God,dax::dear god,sad,1,Dataset1/DS1_TRAIN_MATCH/
sad_SAD_TEST(8)-7-of-8,val,train,sad_SAD_TEST(8),Dax,Dear God,dax::dear god,sad,1,Dataset1/DS1_VAL_MATCH/
sad_Sad_FINAL_DL(1),train,train,sad_Sad_FINAL_DL(1),Emeli Sandé,"Read All About It, Pt. III","emeli sandé::read all about it, pt. iii",sad,1,Dataset1/DS1_TRAIN_MATCH/
sad_Sad_FINAL_DL(25),train,train,sad_Sad_FINAL_DL(25),,,,sad,0,Dataset1/DS1_TRAIN_MATCH/
sad_Sad_FINAL_DL(31),train,train,sad_Sad_FINAL_DL(31),Tulsi Kumar,Ishq Na Karna Ishq Na Karna,tulsi kumar::ishq na karna ishq na karna,sad,0,Dataset1/DS1_TRAIN_MATCH/
sad_Sad_FINAL_DL(33),train,train,sad_Sad_FINAL_DL(33),,,,sad,0,Dataset1/DS1_TRAIN_MATCH/
sad_Sad_FINAL_DL(5),train,train,sad_Sad_FINAL_DL(5),Bogard,Dat Dick,bogard::dat dick,sad,0,Dataset1/DS1_TRAIN_MATCH/
sad_Sad_FINAL_DL(54),train,train,sad_Sad_FINAL_DL(54),Palak Mucchal,Idhar Zindagi Ka Janaza,palak mucchal::idhar zindagi ka janaza,sad,0,Dataset1/DS1_TRAIN_MATCH/
sad_Sad_FINAL_DL(56),train,train,sad_Sad_FINAL_DL(56),,,,sad,0,Dataset1/DS1_TRAIN_MATCH/
sad_Sad_FINAL_DL(59),train,train,sad_Sad_FINAL_DL(59),Jina Rasaily/Roshan Lama,"Yo Juniko (From ""Biteka Pal"") (Female Vocals)","jina rasaily/roshan lama::yo juniko (from ""biteka pal"") (female vocals)",sad,0,Dataset1/DS1_TRAIN_MATCH/
sad_Sad_FINAL_DL(6),train,train,sad_Sad_FINAL_DL(6),ProSource Karaoke,My Heart Will Go On (In the Style of Celine Dion),prosource karaoke::my heart will go on (in the style of celine dion),sad,0,Dataset1/DS1_TRAIN_MATCH/
sad_Sad_FINAL_DL(60),val,train,sad_Sad_FINAL_DL(60),Jina Rasaily/Roshan Lama,"Yo Juniko (From ""Biteka Pal"") (Female Vocals)","jina rasaily/roshan lama::yo juniko (from ""biteka pal"") (female vocals)",sad,0,Dataset1/DS1_VAL_MATCH/
sad_TEST(1)-6-of-7,train,train,sad_TEST(1),Enya,May It Be,enya::may it be,sad,1,Dataset1/DS1_TRAIN_MATCH/
sad_TEST(2)-5-of-9,train,train,sad_TEST(2),Clint Mansell,Lux Aeterna,clint mansell::lux aeterna,sad,0,Dataset1/DS1_TRAIN_MATCH/
sad_TEST_EXT(14)-39-of-93,train,train,sad_TEST_EXT(14),Arijit Singh,"Dil Royi Jaye (From ""De De Pyaar De"")","arijit singh::dil royi jaye (from ""de de pyaar de"")",sad,1,Dataset1/DS1_TRAIN_MATCH/
sad_TEST_EXT(14)-63-of-93,train,train,sad_TEST_EXT(14),Ankit Tiwari,"Rula Diya (From ""Batla House"")","ankit tiwari::rula diya (from ""batla house"")",sad,0,Dataset1/DS1_TRAIN_MATCH/
sad_TEST_EXT(14)-7-of-93,train,train,sad_TEST_EXT(14),Arijit Singh,"Pachtaoge (From ""Jaani Ve"")","arijit singh::pachtaoge (from ""jaani ve"")",sad,1,Dataset1/DS1_TRAIN_MATCH/
sad_TEST_MIX(1)-6-of-7,val,train,sad_TEST_MIX(1),Empire Cast,Mama (Stripped Down Version),empire cast::mama (stripped down version),sad,1,Dataset1/DS1_VAL_MATCH/
sad_TEST_MV(60)-4-of-9,train,train,sad_TEST_MV(60),Janella Salvador,Nung Tayo Pa,janella salvador::nung tayo pa,sad,1,Dataset1/DS1_TRAIN_MATCH/
sad_TEST_SAD(0)-2-of-9,test,train,sad_TEST_SAD(0),One Direction,You & I,one direction::you & i,sad,1,Dataset1/DS1_TEST_MATCH/
sad_TEST_SAD(0)-5-of-9,val,train,sad_TEST_SAD(0),One Direction,You & I,one direction::you & i,sad,1,Dataset1/DS1_VAL_MATCH/
sad_TEST_SAD(14)-12-of-14,train,train,sad_TEST_SAD(14),Leon Bridges,River,leon bridges::river,sad,1,Dataset1/DS1_TRAIN_MATCH/
sad_TEST_SAD(14)-5-of-14,val,train,sad_TEST_SAD(14),Leon Bridges,River,leon bridges::river,sad,1,Dataset1/DS1_VAL_MATCH/
sad_TEST_SAD(15)-3-of-13,val,train,sad_TEST_SAD(15),Paolo Nutini,Iron Sky (Abbey Road Live Session),paolo nutini::iron sky (abbey road live session),sad,1,Dataset1/DS1_VAL_MATCH/
sad_TEST_SAD(15)-9-of-13,train,train,sad_TEST_SAD(15),Paolo Nutini,Iron Sky (Abbey Road Live Session),paolo nutini::iron sky (abbey road live session),sad,1,Dataset1/DS1_TRAIN_MATCH/
sad_TEST_SAD(19)-6-of-7,test,train,sad_TEST_SAD(19),Maroon 5,Memories,maroon 5::memories,sad,1,Dataset1/DS1_TEST_MATCH/
sad_TEST_SAD(20)-4-of-7,val,train,sad_TEST_SAD(20),Owl City,This Isn’t The End,owl city::this isn’t the end,sad,1,Dataset1/DS1_VAL_MATCH/
sad_TEST_SAD(23)-7-of-8,val,train,sad_TEST_SAD(23),Halsey,Sorry,halsey::sorry,sad,1,Dataset1/DS1_VAL_MATCH/
sad_TEST_SAD(25)-7-of-9,train,train,sad_TEST_SAD(25),Lady Gaga,Million Reasons,lady gaga::million reasons,sad,1,Dataset1/DS1_TRAIN_MATCH/
sad_TEST_SAD(26)-3-of-8,train,train,sad_TEST_SAD(26),Halsey,Without Me,halsey::without me,sad,1,Dataset1/DS1_TRAIN_MATCH/
sad_TEST_SAD(26)-7-of-8,val,train,sad_TEST_SAD(26),Mr. Coole,Without me,mr. coole::without me,sad,0,Dataset1/DS1_VAL_MATCH/
sad_TEST_SAD(29)-4-of-10,val,train,sad_TEST_SAD(29),George Michael,A Different Corner,george michael::a different corner,sad,1,Dataset1/DS1_VAL_MATCH/
sad_TEST_SAD(29)-8-of-10,test,train,sad_TEST_SAD(29),George Michael,A Different Corner,george michael::a different corner,sad,1,Dataset1/DS1_TEST_MATCH/
sad_TEST_SAD(33)-2-of-8,val,train,sad_TEST_SAD(33),Brian Sa,SomeOne You Loved,brian sa::someone you loved,sad,0,Dataset1/DS1_VAL_MATCH/
sad_TEST_SAD(33)-5-of-8,test,train,sad_TEST_SAD(33),Brian Sa,SomeOne You Loved,brian sa::someone you loved,sad,0,Dataset1/DS1_TEST_MATCH/
sad_TEST_SAD(34)-5-of-9,val,train,sad_TEST_SAD(34),Chris Stapleton,Fire Away,chris stapleton::fire away,sad,1,Dataset1/DS1_VAL_MATCH/
sad_TEST_SAD(6)-2-of-9,val,train,sad_TEST_SAD(6),Labrinth,Beneath Your Beautiful,labrinth::beneath your beautiful,sad,1,Dataset1/DS1_VAL_MATCH/
sad_TEST_SAD(6)-8-of-9,train,train,sad_TEST_SAD(6),Labrinth,Beneath Your Beautiful,labrinth::beneath your beautiful,sad,1,Dataset1/DS1_TRAIN_MATCH/
sad_TT(0),train,train,sad_TT(0),Sam Smith,Too Good At Goodbyes,sam smith::too good at goodbyes,sad,1,Dataset1/DS1_TRAIN_MATCH/
sad_TT(1),train,train,sad_TT(1),Sam Smith,Too Good At Goodbyes,sam smith::too good at goodbyes,sad,1,Dataset1/DS1_TRAIN_MATCH/
sad_TT(11),train,train,sad_TT(11),Zach Williams,Fear Is a Liar,zach williams::fear is a liar,sad,1,Dataset1/DS1_TRAIN_MATCH/
sad_TT(12),train,train,sad_TT(12),James Arthur,Rewrite The Stars,james arthur::rewrite the stars,sad,1,Dataset1/DS1_TRAIN_MATCH/
sad_TT(13),train,train,sad_TT(13),Tove Lo,Over,tove lo::over,sad,1,Dataset1/DS1_TRAIN_MATCH/
sad_TT(14),train,train,sad_TT(14),Sukhwinder Singh,Layi Vi Na Gayi,sukhwinder singh::layi vi na gayi,sad,0,Dataset1/DS1_TRAIN_MATCH/
sad_TT(15),train,train,sad_TT(15),S. Janaki,Amma Amma,s. janaki::amma amma,sad,0,Dataset1/DS1_TRAIN_MATCH/
sad_TT(16),train,train,sad_TT(16),S. Janaki,Amma Amma,s. janaki::amma amma,sad,0,Dataset1/DS1_TRAIN_MATCH/
sad_TT(18),train,train,sad_TT(18),Lata Mangeshkar,Mera Dil Ye Pukare Aaja Lion,lata mangeshkar::mera dil ye pukare aaja lion,sad,0,Dataset1/DS1_TRAIN_MATCH/
sad_TT(3),train,train,sad_TT(3),Maroon 5,Maps,maroon 5::maps,sad,1,Dataset1/DS1_TRAIN_MATCH/
sad_TT(5),train,train,sad_TT(5),Bliss n Eso,Believe (feat. Mario),bliss n eso::believe (feat. mario),sad,1,Dataset1/DS1_TRAIN_MATCH/
sad_TT(6),train,train,sad_TT(6),MBLAQ,This is War,mblaq::this is war,sad,1,Dataset1/DS1_TRAIN_MATCH/
sad_TT(7),train,train,sad_TT(7),,,,sad,0,Dataset1/DS1_TRAIN_MATCH/
tense_DEAP_DB_FEARR(4),train,train,tense_DEAP_DB_FEARR(4),Rage Against the Machine,Bombtrack,rage against the machine::bombtrack,tense,1,Dataset1/DS1_TRAIN_MATCH/
tense_DEAP_DP_TENSMM(13),train,train,tense_DEAP_DP_TENSMM(13),Limp Bizkit,Break Stuff,limp bizkit::break stuff,tense,1,Dataset1/DS1_TRAIN_MATCH/
tense_DEAP_DP_TENSMM(2),train,train,tense_DEAP_DP_TENSMM(2),Metallica,St. Anger,metallica::st. anger,tense,0,Dataset1/DS1_TRAIN_MATCH/
tense_DEAP_DP_TENSxx(0),train,train,tense_DEAP_DP_TENSxx(0),Counting Crows,Angels Of The Silences,counting crows::angels of the silences,tense,1,Dataset1/DS1_TRAIN_MATCH/
tense_DEAP_DP_TENSxx(10),train,train,tense_DEAP_DP_TENSxx(10),Beastie Boys,Sabotage,beastie boys::sabotage,tense,1,Dataset1/DS1_TRAIN_MATCH/
tense_DEAP_DP_TENSxx(16),train,train,tense_DEAP_DP_TENSxx(16),Counting Crows,Angels Of The Silences,counting crows::angels of the silences,tense,1,Dataset1/DS1_TRAIN_MATCH/
tense_Exciting_MV_NC3(25)-5-of-6,train,train,tense_Exciting_MV_NC3(25),,,,tense,0,Dataset1/DS1_TRAIN_MATCH/
tense_Exciting_MV_NC3(6)-5-of-8,train,train,tense_Exciting_MV_NC3(6),,,,tense,0,Dataset1/DS1_TRAIN_MATCH/
tense_FINAL_DL(2),train,train,tense_FINAL_DL(2),Hozier,Take Me to Church,hozier::take me to church,tense,1,Dataset1/DS1_TRAIN_MATCH/
tense_FINAL_DL(3),test,train,tense_FINAL_DL(3),Mix Tec,Tecno Mix,mix tec::tecno mix,tense,0,Dataset1/DS1_TEST_MATCH/
tense_FINAL_DL(4),train,train,tense_FINAL_DL(4),Mix Tec,Tecno Mix,mix tec::tecno mix,tense,0,Dataset1/DS1_TRAIN_MATCH/
tense_FINAL_DL(5),train,train,tense_FINAL_DL(5),The Chainsmokers,Don't Let Me Down (Illenium Remix),the chainsmokers::don't let me down (illenium remix),tense,1,Dataset1/DS1_TRAIN_MATCH/
tense_HAPPY_HEA(200)-7-of-8,train,train,tense_HAPPY_HEA(200),Klaus Layer,Rapresent feat. Simple One,klaus layer::rapresent feat. simple one,tense,0,Dataset1/DS1_TRAIN_MATCH/
tense_HAPPY_HEA(22)-7-of-8,train,train,tense_HAPPY_HEA(22),Siru3,Darkside of Hypnosis,siru3::darkside of hypnosis,tense,0,Dataset1/DS1_TRAIN_MATCH/
tense_HAPPY_HEA(33)-6-of-11,train,train,tense_HAPPY_HEA(33),Craze-C,I Get Down- Radio Edit,craze-c::i get down- radio edit,tense,0,Dataset1/DS1_TRAIN_MATCH/
tense_HAPPY_HEA(36)-3-of-7,train,train,tense_HAPPY_HEA(36),,,,tense,0,Dataset1/DS1_TRAIN_MATCH/
tense_LLT_TENS(0),test,train,tense_LLT_TENS(0),Seether,Nobody Praying For Me,seether::nobody praying for me,tense,1,Dataset1/DS1_TEST_MATCH/
tense_LLT_TENS(0)-2-of-9,train,train,tense_LLT_TENS(0),N.W.A,Straight Outta Compton,n.w.a::straight outta compton,tense,1,Dataset1/DS1_TRAIN_MATCH/
tense_LLT_TENS(0)-8-of-9,train,train,tense_LLT_TENS(0),N.W.A,Straight Outta Compton,n.w.a::straight outta compton,tense,1,Dataset1/DS1_TRAIN_MATCH/
tense_LLT_TENS(11)-5-of-10,train,train,tense_LLT_TENS(11),Future,Mask Off,future::mask off,tense,1,Dataset1/DS1_TRAIN_MATCH/
tense_LLT_TENS(11)-7-of-10,val,train,tense_LLT_TENS(11),Future,Mask Off,future::mask off,tense,1,Dataset1/DS1_VAL_MATCH/
tense_LLT_TENS(11)-8-of-10,test,train,tense_LLT_TENS(11),Future,Mask Off,future::mask off,tense,1,Dataset1/DS1_TEST_MATCH/
tense_LLT_TENS(12)-4-of-11,train,train,tense_LLT_TENS(12),Travis Scott,SICKO MODE,travis scott::sicko mode,tense,1,Dataset1/DS1_TRAIN_MATCH/
tense_LLT_TENS(13)-3-of-11,train,train,tense_LLT_TENS(13),,,,tense,0,Dataset1/DS1_TRAIN_MATCH/
tense_LLT_TENS(13)-6-of-11,val,train,tense_LLT_TENS(13),DJ BomaNdoki,THE REVENGE Freestyle,dj bomandoki::the revenge freestyle,tense,0,Dataset1/DS1_VAL_MATCH/
tense_LLT_TENS(15)-3-of-11,train,train,tense_LLT_TENS(15),Dr. Dre,Forgot About Dre,dr. dre::forgot about dre,tense,1,Dataset1/DS1_TRAIN_MATCH/
tense_LLT_TENS(2)-5-of-9,train,train,tense_LLT_TENS(2),The Notorious B.I.G.,Juicy,the notorious b.i.g.::juicy,tense,0,Dataset1/DS1_TRAIN_MATCH/
tense_LLT_TENS(2)-7-of-9,train,train,tense_LLT_TENS(2),The Notorious B.I.G.,Juicy - Dirty Mix; 2014 Remaster,the notorious b.i.g.::juicy - dirty mix; 2014 remaster,tense,1,Dataset1/DS1_TRAIN_MATCH/
tense_LLT_TENS(3)-2-of-7,train,train,tense_LLT_TENS(3),Eazy-E,Only If You Want It,eazy-e::only if you want it,tense,1,Dataset1/DS1_TRAIN_MATCH/
tense_LLT_TENS(3)-5-of-7,train,train,tense_LLT_TENS(3),Eazy-E,Only If You Want It,eazy-e::only if you want it,tense,1,Dataset1/DS1_TRAIN_MATCH/
tense_LLT_TENS(5)-6-of-10,train,train,tense_LLT_TENS(5),ICE-T,Colors,ice-t::colors,tense,1,Dataset1/DS1_TRAIN_MATCH/
tense_LLT_TENS(5)-7-of-10,test,train,tense_LLT_TENS(5),ICE-T,Colors,ice-t::colors,tense,1,Dataset1/DS1_TEST_MATCH/
tense_LLT_TENS(5)-9-of-10,val,train,tense_LLT_TENS(5),ICE-T,Colors,ice-t::colors,tense,1,Dataset1/DS1_VAL_MATCH/
tense_LLT_TENS(6)-3-of-9,train,train,tense_LLT_TENS(6),Snoop Dogg,Vato,snoop dogg::vato,tense,1,Dataset1/DS1_TRAIN_MATCH/
tense_LLT_TENS(6)-5-of-9,val,train,tense_LLT_TENS(6),Snoop Dogg,Vato,snoop dogg::vato,tense,1,Dataset1/DS1_VAL_MATCH/
tense_LLT_TENS(6)-7-of-9,test,train,tense_LLT_TENS(6),Snoop Dogg,Vato,snoop dogg::vato,tense,1,Dataset1/DS1_TEST_MATCH/
tense_LLT_TENS(7)-10-of-12,train,train,tense_LLT_TENS(7),Ludacris,Get Back,ludacris::get back,tense,1,Dataset1/DS1_TRAIN_MATCH/
tense_LLT_TENS(7)-7-of-12,train,train,tense_LLT_TENS(7),Ludacris,Get Back,ludacris::get back,tense,1,Dataset1/DS1_TRAIN_MATCH/
tense_LLT_TENS(8)-3-of-5,test,train,tense_LLT_TENS(8),XXXTENTACION,SAD!,xxxtentacion::sad!,tense,1,Dataset1/DS1_TEST_MATCH/
tense_LLT_TENS(8)-4-of-5,val,train,tense_LLT_TENS(8),XXXTENTACION,SAD!,xxxtentacion::sad!,tense,1,Dataset1/DS1_VAL_MATCH/
tense_NORM_HEA(36)-5-of-8,train,train,tense_NORM_HEA(36),,,,tense,0,Dataset1/DS1_TRAIN_MATCH/
tense_ORG_TENS(0),val,train,tense_ORG_TENS(0),Metallica,St. Anger,metallica::st. anger,tense,0,Dataset1/DS1_VAL_MATCH/
tense_ORG_TENS(1),train,train,tense_ORG_TENS(1),Metallica,St. Anger,metallica::st. anger,tense,0,Dataset1/DS1_TRAIN_MATCH/
tense_ORG_TENS(103),train,train,tense_ORG_TENS(103),Roy Jones Jr,Body Head Anthem (feat. Mr. Magic & Choppa),roy jones jr::body head anthem (feat. mr. magic & choppa),tense,1,Dataset1/DS1_TRAIN_MATCH/
tense_ORG_TENS(110),train,train,tense_ORG_TENS(110),Decyfer Down,Fight Like This,decyfer down::fight like this,tense,1,Dataset1/DS1_TRAIN_MATCH/
tense_ORG_TENS(112),train,train,tense_ORG_TENS(112),Msic,venom (slowed + reverb),msic::venom (slowed + reverb),tense,0,Dataset1/DS1_TRAIN_MATCH/
tense_ORG_TENS(116),train,train,tense_ORG_TENS(116),,,,tense,0,Dataset1/DS1_TRAIN_MATCH/
tense_ORG_TENS(117),train,train,tense_ORG_TENS(117),LC9,MaMa Beat,lc9::mama beat,tense,0,Dataset1/DS1_TRAIN_MATCH/
tense_ORG_TENS(119),train,train,tense_ORG_TENS(119),The Script,Hall of Fame,the script::hall of fame,tense,1,Dataset1/DS1_TRAIN_MATCH/
tense_ORG_TENS(122),train,train,tense_ORG_TENS(122),AWOLNATION,Sail (Dan the Automator Remix),awolnation::sail (dan the automator remix),tense,1,Dataset1/DS1_TRAIN_MATCH/
tense_ORG_TENS(134),train,train,tense_ORG_TENS(134),Linkin Park,From the Inside,linkin park::from the inside,tense,1,Dataset1/DS1_TRAIN_MATCH/
tense_ORG_TENS(135),train,train,tense_ORG_TENS(135),Linkin Park,From the Inside,linkin park::from the inside,tense,1,Dataset1/DS1_TRAIN_MATCH/
tense_ORG_TENS(136),train,train,tense_ORG_TENS(136),Linkin Park,From the Inside,linkin park::from the inside,tense,1,Dataset1/DS1_TRAIN_MATCH/
tense_ORG_TENS(141),train,train,tense_ORG_TENS(141),Godsmack,Awake,godsmack::awake,tense,1,Dataset1/DS1_TRAIN_MATCH/
tense_ORG_TENS(144),train,train,tense_ORG_TENS(144),Godsmack,Awake,godsmack::awake,tense,1,Dataset1/DS1_TRAIN_MATCH/
tense_ORG_TENS(153),train,train,tense_ORG_TENS(153),Halestorm,I Miss the Misery,halestorm::i miss the misery,tense,1,Dataset1/DS1_TRAIN_MATCH/
tense_ORG_TENS(154),train,train,tense_ORG_TENS(154),Halestorm,I Miss the Misery,halestorm::i miss the misery,tense,1,Dataset1/DS1_TRAIN_MATCH/
tense_ORG_TENS(155),train,train,tense_ORG_TENS(155),Halestorm,I Miss the Misery,halestorm::i miss the misery,tense,1,Dataset1/DS1_TRAIN_MATCH/
tense_ORG_TENS(159),train,train,tense_ORG_TENS(159),The Script,Hall of Fame,the script::hall of fame,tense,1,Dataset1/DS1_TRAIN_MATCH/
tense_ORG_TENS(16),train,train,tense_ORG_TENS(16),,,,tense,0,Dataset1/DS1_TRAIN_MATCH/
tense_ORG_TENS(161),train,train,tense_ORG_TENS(161),The Script,Hall of Fame,the script::hall of fame,tense,1,Dataset1/DS1_TRAIN_MATCH/
tense_ORG_TENS(164),train,train,tense_ORG_TENS(164),,,,tense,0,Dataset1/DS1_TRAIN_MATCH/
tense_ORG_TENS(187),train,train,tense_ORG_TENS(187),Abstract Posters,The Known,abstract posters::the known,tense,0,Dataset1/DS1_TRAIN_MATCH/
tense_ORG_TENS(191),train,train,tense_ORG_TENS(191),Breiky,Pendéjo Yo,breiky::pendéjo yo,tense,0,Dataset1/DS1_TRAIN_MATCH/
tense_ORG_TENS(196),train,train,tense_ORG_TENS(196),Roy Jones Jr,Body Head Anthem (feat. Mr. Magic & Choppa),roy jones jr::body head anthem (feat. mr. magic & choppa),tense,1,Dataset1/DS1_TRAIN_MATCH/
tense_ORG_TENS(197),train,train,tense_ORG_TENS(197),Roy Jones Jr,Body Head Anthem (feat. Mr. Magic & Choppa),roy jones jr::body head anthem (feat. mr. magic & choppa),tense,1,Dataset1/DS1_TRAIN_MATCH/
tense_ORG_TENS(198),train,train,tense_ORG_TENS(198),Roy Jones Jr,Body Head Anthem (feat. Mr. Magic & Choppa),roy jones jr::body head anthem (feat. mr. magic & choppa),tense,1,Dataset1/DS1_TRAIN_MATCH/
tense_ORG_TENS(199),train,train,tense_ORG_TENS(199),Roy Jones Jr,Body Head Anthem (feat. Mr. Magic & Choppa),roy jones jr::body head anthem (feat. mr. magic & choppa),tense,1,Dataset1/DS1_TRAIN_MATCH/
tense_ORG_TENS(200),train,train,tense_ORG_TENS(200),Roy Jones Jr,Body Head Anthem (feat. Mr. Magic & Choppa),roy jones jr::body head anthem (feat. mr. magic & choppa),tense,1,Dataset1/DS1_TRAIN_MATCH/
tense_ORG_TENS(201),train,train,tense_ORG_TENS(201),Roy Jones Jr,Body Head Anthem (feat. Mr. Magic & Choppa),roy jones jr::body head anthem (feat. mr. magic & choppa),tense,1,Dataset1/DS1_TRAIN_MATCH/
tense_ORG_TENS(203),train,train,tense_ORG_TENS(203),Abstract Posters,Life,abstract posters::life,tense,0,Dataset1/DS1_TRAIN_MATCH/
tense_ORG_TENS(204),train,train,tense_ORG_TENS(204),Abstract Posters,Life,abstract posters::life,tense,0,Dataset1/DS1_TRAIN_MATCH/
tense_ORG_TENS(208),train,train,tense_ORG_TENS(208),Macklemore & Ryan Lewis,Can't Hold Us (feat. Ray Dalton),macklemore & ryan lewis::can't hold us (feat. ray dalton),tense,1,Dataset1/DS1_TRAIN_MATCH/
tense_ORG_TENS(215),train,train,tense_ORG_TENS(215),,,,tense,0,Dataset1/DS1_TRAIN_MATCH/
tense_ORG_TENS(217),train,train,tense_ORG_TENS(217),,,,tense,0,Dataset1/DS1_TRAIN_MATCH/
tense_ORG_TENS(219),val,train,tense_ORG_TENS(219),,,,tense,0,Dataset1/DS1_VAL_MATCH/
tense_ORG_TENS(220),train,train,tense_ORG_TENS(220),,,,tense,0,Dataset1/DS1_TRAIN_MATCH/
tense_ORG_TENS(228),train,train,tense_ORG_TENS(228),Nr Bamaniya Official,Most popular Attitude Mashup Trend 2020,nr bamaniya official::most popular attitude mashup trend 2020,tense,0,Dataset1/DS1_TRAIN_MATCH/
tense_ORG_TENS(233),train,train,tense_ORG_TENS(233),Decyfer Down,Fight Like This,decyfer down::fight like this,tense,1,Dataset1/DS1_TRAIN_MATCH/
tense_ORG_TENS(234),val,train,tense_ORG_TENS(234),Decyfer Down,Fight Like This,decyfer down::fight like this,tense,1,Dataset1/DS1_VAL_MATCH/
tense_ORG_TENS(238),train,train,tense_ORG_TENS(238),Decyfer Down,Fight Like This,decyfer down::fight like this,tense,1,Dataset1/DS1_TRAIN_MATCH/
tense_ORG_TENS(24),train,train,tense_ORG_TENS(24),Eminem,Love The Way You Lie,eminem::love the way you lie,tense,1,Dataset1/DS1_TRAIN_MATCH/
tense_ORG_TENS(241),train,train,tense_ORG_TENS(241),Shinedown,Enemies,shinedown::enemies,tense,1,Dataset1/DS1_TRAIN_MATCH/
tense_ORG_TENS(243),test,train,tense_ORG_TENS(243),Shinedown,Enemies,shinedown::enemies,tense,1,Dataset1/DS1_TEST_MATCH/
tense_ORG_TENS(246),train,train,tense_ORG_TENS(246),Bazanji,Want the World,bazanji::want the world,tense,1,Dataset1/DS1_TRAIN_MATCH/
tense_ORG_TENS(247),train,train,tense_ORG_TENS(247),Bazanji,Want the World,bazanji::want the world,tense,0,Dataset1/DS1_TRAIN_MATCH/
tense_ORG_TENS(25),train,train,tense_ORG_TENS(25),Eminem,Love The Way You Lie,eminem::love the way you lie,tense,1,Dataset1/DS1_TRAIN_MATCH/
tense_ORG_TENS(250),train,train,tense_ORG_TENS(250),Bazanji,Want the World,bazanji::want the world,tense,1,Dataset1/DS1_TRAIN_MATCH/
tense_ORG_TENS(251),train,train,tense_ORG_TENS(251),Demi Lovato,Confident,demi lovato::confident,tense,1,Dataset1/DS1_TRAIN_MATCH/
tense_ORG_TENS(252),train,train,tense_ORG_TENS(252),Demi Lovato,Confident,demi lovato::confident,tense,1,Dataset1/DS1_TRAIN_MATCH/
tense_ORG_TENS(256),train,train,tense_ORG_TENS(256),,,,tense,0,Dataset1/DS1_TRAIN_MATCH/
tense_ORG_TENS(258),train,train,tense_ORG_TENS(258),,,,tense,0,Dataset1/DS1_TRAIN_MATCH/
tense_ORG_TENS(260),train,train,tense_ORG_TENS(260),The Script,Hall of Fame,the script::hall of fame,tense,1,Dataset1/DS1_TRAIN_MATCH/
tense_ORG_TENS(265),train,train,tense_ORG_TENS(265),JIN,It's Definitely You,jin::it's definitely you,tense,1,Dataset1/DS1_TRAIN_MATCH/
tense_ORG_TENS(268),train,train,tense_ORG_TENS(268),,,,tense,0,Dataset1/DS1_TRAIN_MATCH/
tense_ORG_TENS(271),train,train,tense_ORG_TENS(271),,,,tense,0,Dataset1/DS1_TRAIN_MATCH/
tense_ORG_TENS(273),train,train,tense_ORG_TENS(273),While she sleeps,Crows,while she sleeps::crows,tense,1,Dataset1/DS1_TRAIN_MATCH/
tense_ORG_TENS(274),train,train,tense_ORG_TENS(274),While she sleeps,Crows,while she sleeps::crows,tense,1,Dataset1/DS1_TRAIN_MATCH/
tense_ORG_TENS(276),train,train,tense_ORG_TENS(276),While She Sleeps,Crows,while she sleeps::crows,tense,1,Dataset1/DS1_TRAIN_MATCH/
tense_ORG_TENS(277),train,train,tense_ORG_TENS(277),While She Sleeps,Crows,while she sleeps::crows,tense,1,Dataset1/DS1_TRAIN_MATCH/
tense_ORG_TENS(28),train,train,tense_ORG_TENS(28),Eminem,Love The Way You Lie,eminem::love the way you lie,tense,1,Dataset1/DS1_TRAIN_MATCH/
tense_ORG_TENS(280),train,train,tense_ORG_TENS(280),Guns N' Roses,Don't Cry (Original),guns n' roses::don't cry (original),tense,1,Dataset1/DS1_TRAIN_MATCH/
tense_ORG_TENS(281),train,train,tense_ORG_TENS(281),Rage Against the Machine,Bombtrack,rage against the machine::bombtrack,tense,1,Dataset1/DS1_TRAIN_MATCH/
tense_ORG_TENS(282),train,train,tense_ORG_TENS(282),Rage Against the Machine,Bombtrack,rage against the machine::bombtrack,tense,1,Dataset1/DS1_TRAIN_MATCH/
tense_ORG_TENS(283),train,train,tense_ORG_TENS(283),Limp Bizkit,Break Stuff,limp bizkit::break stuff,tense,1,Dataset1/DS1_TRAIN_MATCH/
tense_ORG_TENS(285),train,train,tense_ORG_TENS(285),Dead To Fall,Bastard Set of Dreams,dead to fall::bastard set of dreams,tense,0,Dataset1/DS1_TRAIN_MATCH/
tense_ORG_TENS(288),train,train,tense_ORG_TENS(288),Limp Bizkit,Break Stuff,limp bizkit::break stuff,tense,1,Dataset1/DS1_TRAIN_MATCH/
tense_ORG_TENS(293),train,train,tense_ORG_TENS(293),Beastie Boys,Sabotage,beastie boys::sabotage,tense,1,Dataset1/DS1_TRAIN_MATCH/
tense_ORG_TENS(296),train,train,tense_ORG_TENS(296),Pilgrim,The wild Boys (Euro Club Mix),pilgrim::the wild boys (euro club mix),tense,0,Dataset1/DS1_TRAIN_MATCH/
tense_ORG_TENS(298),train,train,tense_ORG_TENS(298),,,,tense,0,Dataset1/DS1_TRAIN_MATCH/
tense_ORG_TENS(30),val,train,tense_ORG_TENS(30),Hinder,Better Than Me,hinder::better than me,tense,1,Dataset1/DS1_VAL_MATCH/
tense_ORG_TENS(300),train,train,tense_ORG_TENS(300),Gzuz,Was hast du gedacht,gzuz::was hast du gedacht,tense,1,Dataset1/DS1_TRAIN_MATCH/
tense_ORG_TENS(302),train,train,tense_ORG_TENS(302),,,,tense,0,Dataset1/DS1_TRAIN_MATCH/
tense_ORG_TENS(306),train,train,tense_ORG_TENS(306),Hardeep,Revenge (Desi Crew),hardeep::revenge (desi crew),tense,0,Dataset1/DS1_TRAIN_MATCH/
tense_ORG_TENS(307),train,train,tense_ORG_TENS(307),Harsimran,Ghaint Jatti,harsimran::ghaint jatti,tense,0,Dataset1/DS1_TRAIN_MATCH/
tense_ORG_TENS(308),val,train,tense_ORG_TENS(308),Harsimran,Ghaint Jatti,harsimran::ghaint jatti,tense,0,Dataset1/DS1_VAL_MATCH/
tense_ORG_TENS(309),train,train,tense_ORG_TENS(309),,,,tense,0,Dataset1/DS1_TRAIN_MATCH/
tense_ORG_TENS(31),train,train,tense_ORG_TENS(31),Eminem,Phenomenal,eminem::phenomenal,tense,1,Dataset1/DS1_TRAIN_MATCH/
tense_ORG_TENS(310),train,train,tense_ORG_TENS(310),Harsimran,Ghaint Jatti,harsimran::ghaint jatti,tense,0,Dataset1/DS1_TRAIN_MATCH/
tense_ORG_TENS(312),val,train,tense_ORG_TENS(312),Sukhpal Channi,90 Degree,sukhpal channi::90 degree,tense,0,Dataset1/DS1_VAL_MATCH/
tense_ORG_TENS(313),train,train,tense_ORG_TENS(313),Sukhpal Channi,90 Degree,sukhpal channi::90 degree,tense,0,Dataset1/DS1_TRAIN_MATCH/
tense_ORG_TENS(314),train,train,tense_ORG_TENS(314),Sukhpal Channi,90 Degree,sukhpal channi::90 degree,tense,0,Dataset1/DS1_TRAIN_MATCH/
tense_ORG_TENS(317),train,train,tense_ORG_TENS(317),,,,tense,0,Dataset1/DS1_TRAIN_MATCH/
tense_ORG_TENS(318),train,train,tense_ORG_TENS(318),Duran Duran,The Wild Boys,duran duran::the wild boys,tense,1,Dataset1/DS1_TRAIN_MATCH/
tense_ORG_TENS(321),train,train,tense_ORG_TENS(321),Smosh,Pokemon Theme Song Revenge,smosh::pokemon theme song revenge,tense,1,Dataset1/DS1_TRAIN_MATCH/
tense_ORG_TENS(322),train,train,tense_ORG_TENS(322),Smosh,Pokemon Theme Song Revenge,smosh::pokemon theme song revenge,tense,1,Dataset1/DS1_TRAIN_MATCH/
tense_ORG_TENS(327),train,train,tense_ORG_TENS(327),She Wants Revenge,These Things,she wants revenge::these things,tense,1,Dataset1/DS1_TRAIN_MATCH/
tense_ORG_TENS(329),train,train,tense_ORG_TENS(329),Gzuz,Was hast du gedacht,gzuz::was hast du gedacht,tense,1,Dataset1/DS1_TRAIN_MATCH/
tense_ORG_TENS(33),train,train,tense_ORG_TENS(33),Nr Bamaniya Official,Most popular Attitude Mashup Trend 2020,nr bamaniya official::most popular attitude mashup trend 2020,tense,0,Dataset1/DS1_TRAIN_MATCH/
tense_ORG_TENS(337),train,train,tense_ORG_TENS(337),,,,tense,0,Dataset1/DS1_TRAIN_MATCH/
tense_ORG_TENS(34),train,train,tense_ORG_TENS(34),Logic,Ballin',logic::ballin',tense,1,Dataset1/DS1_TRAIN_MATCH/
tense_ORG_TENS(342),train,train,tense_ORG_TENS(342),,,,tense,0,Dataset1/DS1_TRAIN_MATCH/
tense_ORG_TENS(344),val,train,tense_ORG_TENS(344),Good Riddance,"Heresy, Hipocrisy, And Revenge","good riddance::heresy, hipocrisy, and revenge",tense,1,Dataset1/DS1_VAL_MATCH/
tense_ORG_TENS(345),train,train,tense_ORG_TENS(345),Good Riddance,"Heresy, Hipocrisy, And Revenge","good riddance::heresy, hipocrisy, and revenge",tense,1,Dataset1/DS1_TRAIN_MATCH/
tense_ORG_TENS(348),train,train,tense_ORG_TENS(348),TEC & Maine Musik,Go Crazy,tec & maine musik::go crazy,tense,0,Dataset1/DS1_TRAIN_MATCH/
tense_ORG_TENS(349),train,train,tense_ORG_TENS(349),TEC & Maine Musik,Go Crazy,tec & maine musik::go crazy,tense,0,Dataset1/DS1_TRAIN_MATCH/
tense_ORG_TENS(35),train,train,tense_ORG_TENS(35),Imran Khan,Satisfya,imran khan::satisfya,tense,1,Dataset1/DS1_TRAIN_MATCH/
tense_ORG_TENS(352),train,train,tense_ORG_TENS(352),Da Real Gee Money,Industry (Young Boy Diss),da real gee money::industry (young boy diss),tense,0,Dataset1/DS1_TRAIN_MATCH/
tense_ORG_TENS(357),val,train,tense_ORG_TENS(357),Homeboymte,Revenge,homeboymte::revenge,tense,0,Dataset1/DS1_VAL_MATCH/
tense_ORG_TENS(38),train,train,tense_ORG_TENS(38),Three Days Grace,Time of Dying,three days grace::time of dying,tense,1,Dataset1/DS1_TRAIN_MATCH/
tense_ORG_TENS(39),train,train,tense_ORG_TENS(39),,,,tense,0,Dataset1/DS1_TRAIN_MATCH/
tense_ORG_TENS(40),train,train,tense_ORG_TENS(40),,,,tense,0,Dataset1/DS1_TRAIN_MATCH/
tense_ORG_TENS(44),train,train,tense_ORG_TENS(44),Future,Last Breath,future::last breath,tense,1,Dataset1/DS1_TRAIN_MATCH/
tense_ORG_TENS(47),train,train,tense_ORG_TENS(47),Future,Last Breath,future::last breath,tense,1,Dataset1/DS1_TRAIN_MATCH/
tense_ORG_TENS(49),train,train,tense_ORG_TENS(49),Eminem,Phenomenal,eminem::phenomenal,tense,1,Dataset1/DS1_TRAIN_MATCH/
tense_ORG_TENS(5),train,train,tense_ORG_TENS(5),Metallica,The Unnamed Feeling,metallica::the unnamed feeling,tense,1,Dataset1/DS1_TRAIN_MATCH/
tense_ORG_TENS(50),val,train,tense_ORG_TENS(50),Eminem,Phenomenal,eminem::phenomenal,tense,1,Dataset1/DS1_VAL_MATCH/
tense_ORG_TENS(51),train,train,tense_ORG_TENS(51),Eminem,Phenomenal,eminem::phenomenal,tense,1,Dataset1/DS1_TRAIN_MATCH/
tense_ORG_TENS(52),train,train,tense_ORG_TENS(52),Eminem,Phenomenal,eminem::phenomenal,tense,1,Dataset1/DS1_TRAIN_MATCH/
tense_ORG_TENS(53),test,train,tense_ORG_TENS(53),Eminem,Phenomenal,eminem::phenomenal,tense,1,Dataset1/DS1_TEST_MATCH/
tense_ORG_TENS(58),train,train,tense_ORG_TENS(58),Eminem,'Till I Collapse,eminem::'till i collapse,tense,1,Dataset1/DS1_TRAIN_MATCH/
tense_ORG_TENS(60),train,train,tense_ORG_TENS(60),Eminem,'Till I Collapse,eminem::'till i collapse,tense,1,Dataset1/DS1_TRAIN_MATCH/
tense_ORG_TENS(67),val,train,tense_ORG_TENS(67),Imran Khan,Satisfya,imran khan::satisfya,tense,1,Dataset1/DS1_VAL_MATCH/
tense_ORG_TENS(70),train,train,tense_ORG_TENS(70),Logic,Ballin',logic::ballin',tense,1,Dataset1/DS1_TRAIN_MATCH/
tense_ORG_TENS(74),train,train,tense_ORG_TENS(74),Three Days Grace,Time of Dying,three days grace::time of dying,tense,1,Dataset1/DS1_TRAIN_MATCH/
tense_ORG_TENS(8),train,train,tense_ORG_TENS(8),Metallica,The Unnamed Feeling,metallica::the unnamed feeling,tense,1,Dataset1/DS1_TRAIN_MATCH/
tense_ORG_TENS(82),train,train,tense_ORG_TENS(82),Fort Minor,Remember the Name (feat. Styles of Beyond),fort minor::remember the name (feat. styles of beyond),tense,1,Dataset1/DS1_TRAIN_MATCH/
tense_ORG_TENS(84),train,train,tense_ORG_TENS(84),Ridahmuzic,Unbroken,ridahmuzic::unbroken,tense,0,Dataset1/DS1_TRAIN_MATCH/
tense_ORG_TENS(91),val,train,tense_ORG_TENS(91),Dj Kmaba,"MASHUP, SHELL SHOCKED X DUM DEE DUM X 6 FOOT X THIS IS WHY IM HOT","dj kmaba::mashup, shell shocked x dum dee dum x 6 foot x this is why im hot",tense,0,Dataset1/DS1_VAL_MATCH/
tense_ORG_TENS(92),train,train,tense_ORG_TENS(92),Dj Kmaba,"MASHUP, SHELL SHOCKED X DUM DEE DUM X 6 FOOT X THIS IS WHY IM HOT","dj kmaba::mashup, shell shocked x dum dee dum x 6 foot x this is why im hot",tense,0,Dataset1/DS1_TRAIN_MATCH/
tense_ORG_TENS(95),train,train,tense_ORG_TENS(95),Aaron  Levy,READY,aaron  levy::ready,tense,1,Dataset1/DS1_TRAIN_MATCH/
tense_ORG_TENS(96),train,train,tense_ORG_TENS(96),Aaron  Levy,READY,aaron  levy::ready,tense,1,Dataset1/DS1_TRAIN_MATCH/
tense_REVIEW_FEAR(27),train,train,tense_REVIEW_FEAR(27),,,,tense,0,Dataset1/DS1_TRAIN_MATCH/
tense_REVIEW_NTRL(31),train,train,tense_REVIEW_NTRL(31),ShAun DeEzy,YOU ALREADY KNOW,shaun deezy::you already know,tense,0,Dataset1/DS1_TRAIN_MATCH/
tense_REVIEW_NTRL(37),train,train,tense_REVIEW_NTRL(37),,,,tense,0,Dataset1/DS1_TRAIN_MATCH/
tense_REVIEW_NTRL(42),train,train,tense_REVIEW_NTRL(42),,,,tense,0,Dataset1/DS1_TRAIN_MATCH/
tense_REVIEW_NTRL(53),train,train,tense_REVIEW_NTRL(53),,,,tense,0,Dataset1/DS1_TRAIN_MATCH/
tense_REVIEW_NTRL(59),train,train,tense_REVIEW_NTRL(59),,,,tense,0,Dataset1/DS1_TRAIN_MATCH/
tense_REVIEW_NTRL(67),train,train,tense_REVIEW_NTRL(67),,,,tense,0,Dataset1/DS1_TRAIN_MATCH/
tense_REVIEW_NTRL(97),train,train,tense_REVIEW_NTRL(97),,,,tense,0,Dataset1/DS1_TRAIN_MATCH/
tense_REVIEW_TENS(1),val,train,tense_REVIEW_TENS(1),Mrigo & Ghet,Povelenju,mrigo & ghet::povelenju,tense,0,Dataset1/DS1_VAL_MATCH/
tense_REVIEW_TENS(10),train,train,tense_REVIEW_TENS(10),Automatikk,Kingz,automatikk::kingz,tense,1,Dataset1/DS1_TRAIN_MATCH/
tense_REVIEW_TENS(11),train,train,tense_REVIEW_TENS(11),,,,tense,0,Dataset1/DS1_TRAIN_MATCH/
tense_REVIEW_TENS(14),train,train,tense_REVIEW_TENS(14),,,,tense,0,Dataset1/DS1_TRAIN_MATCH/
tense_REVIEW_TENS(16),train,train,tense_REVIEW_TENS(16),Chipinkos,Knock,chipinkos::knock,tense,0,Dataset1/DS1_TRAIN_MATCH/
tense_REVIEW_TENS(17),train,train,tense_REVIEW_TENS(17),Chipinkos,Knock,chipinkos::knock,tense,0,Dataset1/DS1_TRAIN_MATCH/
tense_REVIEW_TENS(18),train,train,tense_REVIEW_TENS(18),,,,tense,0,Dataset1/DS1_TRAIN_MATCH/
tense_REVIEW_TENS(19),train,train,tense_REVIEW_TENS(19),,,,tense,0,Dataset1/DS1_TRAIN_MATCH/
tense_REVIEW_TENS(20),train,train,tense_REVIEW_TENS(20),,,,tense,0,Dataset1/DS1_TRAIN_MATCH/
tense_REVIEW_TENS(23),train,train,tense_REVIEW_TENS(23),,,,tense,0,Dataset1/DS1_TRAIN_MATCH/
tense_REVIEW_TENS(24),train,train,tense_REVIEW_TENS(24),Abstract Posters,The Known,abstract posters::the known,tense,0,Dataset1/DS1_TRAIN_MATCH/
tense_REVIEW_TENS(25),val,train,tense_REVIEW_TENS(25),Santini the Great,Gaurdian Angel,santini the great::gaurdian angel,tense,0,Dataset1/DS1_VAL_MATCH/
tense_REVIEW_TENS(27),train,train,tense_REVIEW_TENS(27),,,,tense,0,Dataset1/DS1_TRAIN_MATCH/
tense_REVIEW_TENS(28),val,train,tense_REVIEW_TENS(28),Rihards C,Iemīli Sevi Vispirms,rihards c::iemīli sevi vispirms,tense,0,Dataset1/DS1_VAL_MATCH/
tense_REVIEW_TENS(32),train,train,tense_REVIEW_TENS(32),,,,tense,0,Dataset1/DS1_TRAIN_MATCH/
tense_REVIEW_TENS(35),train,train,tense_REVIEW_TENS(35),Smith & Myers,In the Air Tonight,smith & myers::in the air tonight,tense,1,Dataset1/DS1_TRAIN_MATCH/
tense_REVIEW_TENS(36),val,train,tense_REVIEW_TENS(36),Lidia Nester,Healing Light,lidia nester::healing light,tense,0,Dataset1/DS1_VAL_MATCH/
tense_REVIEW_TENS(40),train,train,tense_REVIEW_TENS(40),,,,tense,0,Dataset1/DS1_TRAIN_MATCH/
tense_REVIEW_TENS(44),train,train,tense_REVIEW_TENS(44),,,,tense,0,Dataset1/DS1_TRAIN_MATCH/
tense_REVIEW_TENS(45),train,train,tense_REVIEW_TENS(45),,,,tense,0,Dataset1/DS1_TRAIN_MATCH/
tense_REVIEW_TENS(58),train,train,tense_REVIEW_TENS(58),,,,tense,0,Dataset1/DS1_TRAIN_MATCH/
tense_REVIEW_TENS(6),train,train,tense_REVIEW_TENS(6),Imagine Dragons,Radioactive,imagine dragons::radioactive,tense,1,Dataset1/DS1_TRAIN_MATCH/
tense_REVIEW_TENS(61),train,train,tense_REVIEW_TENS(61),,,,tense,0,Dataset1/DS1_TRAIN_MATCH/
tense_REVIEW_TENS(62),train,train,tense_REVIEW_TENS(62),Hello,Kepala Batu,hello::kepala batu,tense,1,Dataset1/DS1_TRAIN_MATCH/
tense_REVIEW_TENS(65),train,train,tense_REVIEW_TENS(65),,,,tense,0,Dataset1/DS1_TRAIN_MATCH/
tense_REVIEW_TENS(68),train,train,tense_REVIEW_TENS(68),,,,tense,0,Dataset1/DS1_TRAIN_MATCH/
tense_REVIEW_TENS(71),val,train,tense_REVIEW_TENS(71),Crazy,Loyalty's Limited,crazy::loyalty's limited,tense,0,Dataset1/DS1_VAL_MATCH/
tense_TENS_HE(10)-5-of-8,train,train,tense_TENS_HE(10),Rajada Mc's,Desistir Jamais,rajada mc's::desistir jamais,tense,0,Dataset1/DS1_TRAIN_MATCH/
tense_TENS_HE(121)-2-of-9,train,train,tense_TENS_HE(121),Raiva e Reptile,Putos Invejosos,raiva e reptile::putos invejosos,tense,0,Dataset1/DS1_TRAIN_MATCH/
tense_TENS_HE(124)-2-of-9,train,train,tense_TENS_HE(124),UPM Music,Akatsuki Keks,upm music::akatsuki keks,tense,0,Dataset1/DS1_TRAIN_MATCH/
tense_TENS_HE(144)-8-of-9,train,train,tense_TENS_HE(144),,,,tense,0,Dataset1/DS1_TRAIN_MATCH/
tense_TENS_HE(152)-6-of-8,train,train,tense_TENS_HE(152),Masterplan,Heroes,masterplan::heroes,tense,1,Dataset1/DS1_TRAIN_MATCH/
tense_TENS_HE(160)-11-of-13,train,train,tense_TENS_HE(160),Kool Shen,J'Reviens,kool shen::j'reviens,tense,0,Dataset1/DS1_TRAIN_MATCH/
tense_TENS_HE(160)-2-of-13,train,train,tense_TENS_HE(160),Kool Shen,J'Reviens,kool shen::j'reviens,tense,0,Dataset1/DS1_TRAIN_MATCH/
tense_TENS_HE(161),train,train,tense_TENS_HE(161),,,,tense,0,Dataset1/DS1_TRAIN_MATCH/
tense_TENS_HE(163)-6-of-7,train,train,tense_TENS_HE(163),,,,tense,0,Dataset1/DS1_TRAIN_MATCH/
tense_TENS_HE(188)-6-of-7,train,train,tense_TENS_HE(188),akii0waii,Light,akii0waii::light,tense,0,Dataset1/DS1_TRAIN_MATCH/
tense_TENS_HE(2)-3-of-7,train,train,tense_TENS_HE(2),Imagine Dragons,Radioactive,imagine dragons::radioactive,tense,1,Dataset1/DS1_TRAIN_MATCH/
tense_TENS_HE(29)-5-of-7,train,train,tense_TENS_HE(29),Pak-Man,Behind Barz,pak-man::behind barz,tense,0,Dataset1/DS1_TRAIN_MATCH/
tense_TENS_HE(32)-6-of-11,train,train,tense_TENS_HE(32),,,,tense,0,Dataset1/DS1_TRAIN_MATCH/
tense_TENS_HE(44)-6-of-8,train,train,tense_TENS_HE(44),John Newman,Love Me Again,john newman::love me again,tense,1,Dataset1/DS1_TRAIN_MATCH/
tense_TENS_HE(49)-10-of-16,train,train,tense_TENS_HE(49),Kris Madjick,Mo Murder,kris madjick::mo murder,tense,0,Dataset1/DS1_TRAIN_MATCH/
tense_TENS_HE(52)-11-of-12,train,train,tense_TENS_HE(52),,,,tense,0,Dataset1/DS1_TRAIN_MATCH/
tense_TENS_HE(57)-5-of-9,train,train,tense_TENS_HE(57),,,,tense,0,Dataset1/DS1_TRAIN_MATCH/
tense_TENS_HE(84)-2-of-7,train,train,tense_TENS_HE(84),Headstones,farawayfromhere,headstones::farawayfromhere,tense,0,Dataset1/DS1_TRAIN_MATCH/
tense_TENS_HE(9)-4-of-12,val,train,tense_TENS_HE(9),Destro ,7th Letter,destro::7th letter,tense,0,Dataset1/DS1_VAL_MATCH/
tense_TENS_HE(92)-5-of-10,train,train,tense_TENS_HE(92),,,,tense,0,Dataset1/DS1_TRAIN_MATCH/
tense_TENS_LLT(10)),train,train,tense_TENS_LLT(10)),Close Your Eyes,Valleys,close your eyes::valleys,tense,1,Dataset1/DS1_TRAIN_MATCH/
tense_TENS_LLT(14)),val,train,tense_TENS_LLT(14)),,,,tense,0,Dataset1/DS1_VAL_MATCH/
tense_TENS_LLT(19)),train,train,tense_TENS_LLT(19)),,,,tense,0,Dataset1/DS1_TRAIN_MATCH/
tense_TENS_LLT(35)),train,train,tense_TENS_LLT(35)),Kool Shen,J'Reviens,kool shen::j'reviens,tense,0,Dataset1/DS1_TRAIN_MATCH/
tense_TENS_LLT(37)),train,train,tense_TENS_LLT(37)),,,,tense,0,Dataset1/DS1_TRAIN_MATCH/
tense_TENS_LLT(43)),train,train,tense_TENS_LLT(43)),akii0waii,Light,akii0waii::light,tense,0,Dataset1/DS1_TRAIN_MATCH/
tense_TENS_LLT(50)),train,train,tense_TENS_LLT(50)),Rajada Mc's,Desistir Jamais,rajada mc's::desistir jamais,tense,0,Dataset1/DS1_TRAIN_MATCH/
tense_TENS_LLT(53)),train,train,tense_TENS_LLT(53)),Imagine Dragons,Radioactive,imagine dragons::radioactive,tense,1,Dataset1/DS1_TRAIN_MATCH/
tense_TENS_LLT(6)-5-of-10,train,train,tense_TENS_LLT(6),Emdip,On For Life (feat. frenzy ramgarhia & tiger),emdip::on for life (feat. frenzy ramgarhia & tiger),tense,0,Dataset1/DS1_TRAIN_MATCH/
tense_TENS_LLT(6)-8-of-10,train,train,tense_TENS_LLT(6),LaDirectrice,GANGSTARS II,ladirectrice::gangstars ii,tense,0,Dataset1/DS1_TRAIN_MATCH/
tense_TENS_LLT(62)),train,train,tense_TENS_LLT(62)),,,,tense,0,Dataset1/DS1_TRAIN_MATCH/
tense_TENS_LLT(65)),train,train,tense_TENS_LLT(65)),John Newman,Love Me Again,john newman::love me again,tense,1,Dataset1/DS1_TRAIN_MATCH/
tense_TENS_LLT(67)),train,train,tense_TENS_LLT(67)),Curran,My Love Wont Let You Down,curran::my love wont let you down,tense,0,Dataset1/DS1_TRAIN_MATCH/
tense_TENS_LLT(68)),train,train,tense_TENS_LLT(68)),Kris Madjick,Mo Murder,kris madjick::mo murder,tense,0,Dataset1/DS1_TRAIN_MATCH/
tense_TENS_LLT(72)),train,train,tense_TENS_LLT(72)),,,,tense,0,Dataset1/DS1_TRAIN_MATCH/
tense_TENS_LLT(73)),train,train,tense_TENS_LLT(73)),,,,tense,0,Dataset1/DS1_TRAIN_MATCH/
tense_TENS_MM(15)-3-of-6,train,train,tense_TENS_MM(15),Drake,Energy,drake::energy,tense,1,Dataset1/DS1_TRAIN_MATCH/
tense_TENS_MM(15)-5-of-6,train,train,tense_TENS_MM(15),Drake,Energy,drake::energy,tense,1,Dataset1/DS1_TRAIN_MATCH/
tense_TENS_MM(16)-2-of-7,train,train,tense_TENS_MM(16),Scarlxrd,DeathPunch,scarlxrd::deathpunch,tense,1,Dataset1/DS1_TRAIN_MATCH/
tense_TENS_MM(16)-5-of-7,train,train,tense_TENS_MM(16),Scarlxrd,DeathPunch,scarlxrd::deathpunch,tense,1,Dataset1/DS1_TRAIN_MATCH/
tense_TENS_MM(17)-2-of-12,train,train,tense_TENS_MM(17),Eminem;Sia,Guts Over Fear,eminem;sia::guts over fear,tense,1,Dataset1/DS1_TRAIN_MATCH/
tense_TENS_MM(17)-3-of-12,test,train,tense_TENS_MM(17),Eminem;Sia,Guts Over Fear,eminem;sia::guts over fear,tense,1,Dataset1/DS1_TEST_MATCH/
tense_TENS_MM(17)-8-of-12,train,train,tense_TENS_MM(17),Eminem;Sia,Guts Over Fear,eminem;sia::guts over fear,tense,1,Dataset1/DS1_TRAIN_MATCH/
tense_TENS_MM(2)-6-of-10,train,train,tense_TENS_MM(2),LL Cool J,I'm Bad,ll cool j::i'm bad,tense,1,Dataset1/DS1_TRAIN_MATCH/
tense_TENS_MM(3)-2-of-9,train,train,tense_TENS_MM(3),Eminem,Not Afraid,eminem::not afraid,tense,1,Dataset1/DS1_TRAIN_MATCH/
tense_TENS_MM(3)-4-of-9,test,train,tense_TENS_MM(3),Eminem,Not Afraid,eminem::not afraid,tense,1,Dataset1/DS1_TEST_MATCH/
tense_TENS_MM(3)-5-of-9,train,train,tense_TENS_MM(3),Eminem,Not Afraid,eminem::not afraid,tense,1,Dataset1/DS1_TRAIN_MATCH/
tense_TENS_MM(3)-8-of-9,train,train,tense_TENS_MM(3),Eminem,Not Afraid,eminem::not afraid,tense,1,Dataset1/DS1_TRAIN_MATCH/
tense_TENS_MM(4)-6-of-10,train,train,tense_TENS_MM(4),BTS,MIC Drop,bts::mic drop,tense,1,Dataset1/DS1_TRAIN_MATCH/
tense_TENS_MM(4)-9-of-10,train,train,tense_TENS_MM(4),BTS,MIC Drop,bts::mic drop,tense,1,Dataset1/DS1_TRAIN_MATCH/
tense_TENS_MM(7)-2-of-7,val,train,tense_TENS_MM(7),Vince Staples,Norf Norf,vince staples::norf norf,tense,1,Dataset1/DS1_VAL_MATCH/
tense_TENS_MM(7)-4-of-7,test,train,tense_TENS_MM(7),Vince Staples,Norf Norf,vince staples::norf norf,tense,1,Dataset1/DS1_TEST_MATCH/
tense_TENS_MM(8)-8-of-11,train,train,tense_TENS_MM(8),Kendrick Lamar,Poetic Justice,kendrick lamar::poetic justice,tense,1,Dataset1/DS1_TRAIN_MATCH/
tense_TENS_MM(8)-9-of-11,train,train,tense_TENS_MM(8),Kendrick Lamar,Poetic Justice,kendrick lamar::poetic justice,tense,1,Dataset1/DS1_TRAIN_MATCH/
tense_TENS_MM(9)-6-of-8,train,train,tense_TENS_MM(9),R.Kelly,Trapped In the Closet Chapter 1,r.kelly::trapped in the closet chapter 1,tense,1,Dataset1/DS1_TRAIN_MATCH/
tense_TEST_MIX(12)-7-of-8,val,train,tense_TEST_MIX(12),Machine Gun Kelly,"Home (with Machine Gun Kelly, X Ambassadors & Bebe Rexha)","machine gun kelly::home (with machine gun kelly, x ambassadors & bebe rexha)",tense,1,Dataset1/DS1_VAL_MATCH/
tense_TEST_MV(0)-3-of-8,train,train,tense_TEST_MV(0),Demi Lovato,Confident,demi lovato::confident,tense,1,Dataset1/DS1_TRAIN_MATCH/
tense_TEST_MV(0)-4-of-8,train,train,tense_TEST_MV(0),Demi Lovato,Confident,demi lovato::confident,tense,1,Dataset1/DS1_TRAIN_MATCH/
tense_TEST_MV(0)-5-of-8,test,train,tense_TEST_MV(0),Demi Lovato,Confident,demi lovato::confident,tense,1,Dataset1/DS1_TEST_MATCH/
tense_TEST_MV(30)-5-of-13,train,train,tense_TEST_MV(30),,,,tense,0,Dataset1/DS1_TRAIN_MATCH/
tense_TEST_MV(30)-8-of-13,train,train,tense_TEST_MV(30),,,,tense,0,Dataset1/DS1_TRAIN_MATCH/
tense_TEST_MV(30)-9-of-13,train,train,tense_TEST_MV(30),,,,tense,0,Dataset1/DS1_TRAIN_MATCH/
tense_TEST_MV(31)-2-of-10,train,train,tense_TEST_MV(31),Eminem,'Till I Collapse,eminem::'till i collapse,tense,1,Dataset1/DS1_TRAIN_MATCH/
tense_TEST_MV(31)-8-of-10,train,train,tense_TEST_MV(31),Eminem,'Till I Collapse,eminem::'till i collapse,tense,1,Dataset1/DS1_TRAIN_MATCH/
tense_TEST_MV(33)-6-of-9,train,train,tense_TEST_MV(33),Macklemore & Ryan Lewis,Can't Hold Us (feat. Ray Dalton),macklemore & ryan lewis::can't hold us (feat. ray dalton),tense,1,Dataset1/DS1_TRAIN_MATCH/
tense_TEST_MV(35)-2-of-8,train,train,tense_TEST_MV(35),Fort Minor,Remember the Name (feat. Styles of Beyond),fort minor::remember the name (feat. styles of beyond),tense,1,Dataset1/DS1_TRAIN_MATCH/
tense_TEST_MV(36)-12-of-16,train,train,tense_TEST_MV(36),,,,tense,0,Dataset1/DS1_TRAIN_MATCH/
tense_TEST_MV(37)-19-of-48,train,train,tense_TEST_MV(37),Europe,The Final Countdown,europe::the final countdown,tense,1,Dataset1/DS1_TRAIN_MATCH/
tense_TEST_MV(39)-4-of-10,train,train,tense_TEST_MV(39),Eminem,'Till I Collapse,eminem::'till i collapse,tense,1,Dataset1/DS1_TRAIN_MATCH/
tense_TEST_MV(39)-6-of-10,test,train,tense_TEST_MV(39),Eminem,'Till I Collapse,eminem::'till i collapse,tense,1,Dataset1/DS1_TEST_MATCH/
tense_TEST_MV(39)-9-of-10,train,train,tense_TEST_MV(39),Eminem,'Till I Collapse,eminem::'till i collapse,tense,1,Dataset1/DS1_TRAIN_MATCH/
tense_TEST_MV(40)-5-of-11,train,train,tense_TEST_MV(40),Imran Khan,Satisfya,imran khan::satisfya,tense,1,Dataset1/DS1_TRAIN_MATCH/
tense_TEST_MV(63)-8-of-9,train,train,tense_TEST_MV(63),Annihilator,Deadlock,annihilator::deadlock,tense,1,Dataset1/DS1_TRAIN_MATCH/
tense_TEST_MV(81)-3-of-8,train,train,tense_TEST_MV(81),LINKIN PARK,BURN IT DOWN,linkin park::burn it down,tense,1,Dataset1/DS1_TRAIN_MATCH/
tense_TEST_MV(81)-5-of-8,train,train,tense_TEST_MV(81),LINKIN PARK,BURN IT DOWN,linkin park::burn it down,tense,1,Dataset1/DS1_TRAIN_MATCH/
tense_TEST_MV(83)-5-of-6,train,train,tense_TEST_MV(83),Bazanji,Want the World,bazanji::want the world,tense,0,Dataset1/DS1_TRAIN_MATCH/
tense_TEST_MV(86)-3-of-8,train,train,tense_TEST_MV(86),2piece,Can't be touched (Remix) [feat. Body Head Bangerz],2piece::can't be touched (remix) [feat. body head bangerz],tense,0,Dataset1/DS1_TRAIN_MATCH/
tense_TEST_MV(86)-5-of-8,test,train,tense_TEST_MV(86),2piece,Can't be touched (Remix) [feat. Body Head Bangerz],2piece::can't be touched (remix) [feat. body head bangerz],tense,1,Dataset1/DS1_TEST_MATCH/
tense_TEST_MV(87)-2-of-11,train,train,tense_TEST_MV(87),Eminem,Not Afraid,eminem::not afraid,tense,1,Dataset1/DS1_TRAIN_MATCH/
tense_TEST_TENS(15)-2-of-8,test,train,tense_TEST_TENS(15),,,,tense,0,Dataset1/DS1_TEST_MATCH/
tense_TEST_TENS(15)-7-of-8,val,train,tense_TEST_TENS(15),Iyason,Intell,iyason::intell,tense,0,Dataset1/DS1_VAL_MATCH/
tense_TEST_TENS(16)-4-of-7,train,train,tense_TEST_TENS(16),,,,tense,0,Dataset1/DS1_TRAIN_MATCH/
tense_TEST_TENS(17)-8-of-10,train,train,tense_TEST_TENS(17),"LatinBM,Helios 685,Bitmo,cvaz",Cypher (Instrumental),"latinbm,helios 685,bitmo,cvaz::cypher (instrumental)",tense,0,Dataset1/DS1_TRAIN_MATCH/
tense_TEST_TENS(19)-7-of-8,train,train,tense_TEST_TENS(19),Vicky Heron Wala featuring Gurlez Akhtar,Tension feat. Gurlez Akhtar,vicky heron wala featuring gurlez akhtar::tension feat. gurlez akhtar,tense,0,Dataset1/DS1_TRAIN_MATCH/
tense_TEST_TENS(23)-11-of-13,test,train,tense_TEST_TENS(23),Music Electronic,Bass Boosted Car Classics,music electronic::bass boosted car classics,tense,0,Dataset1/DS1_TEST_MATCH/
tense_TEST_TENS(23)-2-of-13,val,train,tense_TEST_TENS(23),Jurgaz,Delta,jurgaz::delta,tense,0,Dataset1/DS1_VAL_MATCH/
tense_TEST_TENS(28)-3-of-10,val,train,tense_TEST_TENS(28),Drake,Worst Behavior,drake::worst behavior,tense,1,Dataset1/DS1_VAL_MATCH/
tense_TEST_TENS(3)-2-of-10,train,train,tense_TEST_TENS(3),Lazar 111,Indian D,lazar 111::indian d,tense,0,Dataset1/DS1_TRAIN_MATCH/
tense_TEST_TENS(3)-6-of-10,val,train,tense_TEST_TENS(3),Lazar 111,Indian D,lazar 111::indian d,tense,0,Dataset1/DS1_VAL_MATCH/
tense_TEST_TENS(30)-2-of-9,val,train,tense_TEST_TENS(30),Ice Cube,Sasquatch,ice cube::sasquatch,tense,0,Dataset1/DS1_VAL_MATCH/
tense_TEST_TENS(30)-8-of-9,test,train,tense_TEST_TENS(30),Ice Cube,Sasquatch,ice cube::sasquatch,tense,0,Dataset1/DS1_TEST_MATCH/
tense_TEST_TENS(32)-7-of-9,test,train,tense_TEST_TENS(32),Decyfer Down,Fight Like This,decyfer down::fight like this,tense,1,Dataset1/DS1_TEST_MATCH/
tense_TEST_TENS(34)-3-of-15,train,train,tense_TEST_TENS(34),OT. SWERVO,Rifle Wave Mix,ot. swervo::rifle wave mix,tense,0,Dataset1/DS1_TRAIN_MATCH/
tense_TEST_TENS(5)-4-of-9,val,train,tense_TEST_TENS(5),Tefflon,Hurricane,tefflon::hurricane,tense,0,Dataset1/DS1_VAL_MATCH/
tense_TEST_TENS(5)-8-of-9,train,train,tense_TEST_TENS(5),Tefflon,Hurricane,tefflon::hurricane,tense,0,Dataset1/DS1_TRAIN_MATCH/
tense_TEST_TENS_NN(0)-2-of-9,val,train,tense_TEST_TENS_NN(0),Aggressive,Home,aggressive::home,tense,0,Dataset1/DS1_VAL_MATCH/
tense_TEST_TENS_NN(0)-6-of-9,train,train,tense_TEST_TENS_NN(0),Aggressive,Home,aggressive::home,tense,0,Dataset1/DS1_TRAIN_MATCH/
tense_TEST_TENS_NN(10)-3-of-7,val,train,tense_TEST_TENS_NN(10),Polo G,Heartless,polo g::heartless,tense,1,Dataset1/DS1_VAL_MATCH/
tense_TEST_TENS_NN(10)-5-of-7,train,train,tense_TEST_TENS_NN(10),Polo G,Heartless,polo g::heartless,tense,1,Dataset1/DS1_TRAIN_MATCH/
tense_TEST_TENS_NN(5)-2-of-5,test,train,tense_TEST_TENS_NN(5),Logic,Take It Back,logic::take it back,tense,0,Dataset1/DS1_TEST_MATCH/
tense_TEST_TENS_NN(5)-4-of-5,val,train,tense_TEST_TENS_NN(5),Logic,Take It Back,logic::take it back,tense,0,Dataset1/DS1_VAL_MATCH/
tense_TEST_TENS_NN(8)-2-of-7,val,train,tense_TEST_TENS_NN(8),Barren Gates|NEFFEX,Fight Back (Barren Gates Remix),barren gates|neffex::fight back (barren gates remix),tense,1,Dataset1/DS1_VAL_MATCH/
tense_TEST_TENS_NN(8)-5-of-7,train,train,tense_TEST_TENS_NN(8),Barren Gates|NEFFEX,Fight Back (Barren Gates Remix),barren gates|neffex::fight back (barren gates remix),tense,1,Dataset1/DS1_TRAIN_MATCH/
tense_TEST_TENS_NN(8)-6-of-7,train,train,tense_TEST_TENS_NN(8),Mikoto Suoh,Fight Back,mikoto suoh::fight back,tense,0,Dataset1/DS1_TRAIN_MATCH/
tense_TT(13),train,train,tense_TT(13),buoa v2/Lewis Hatron,За идею,buoa v2/lewis hatron::за идею,tense,0,Dataset1/DS1_TRAIN_MATCH/
tense_TT(14),train,train,tense_TT(14),Msic,venom (slowed + reverb),msic::venom (slowed + reverb),tense,0,Dataset1/DS1_TRAIN_MATCH/
tense_TT(15),train,train,tense_TT(15),Smosh,Pokemon Theme Song Revenge,smosh::pokemon theme song revenge,tense,1,Dataset1/DS1_TRAIN_MATCH/
tense_TT(16),val,train,tense_TT(16),I Am Revenge,Cold World,i am revenge::cold world,tense,0,Dataset1/DS1_VAL_MATCH/
tense_TT(17),train,train,tense_TT(17),,,,tense,0,Dataset1/DS1_TRAIN_MATCH/
tense_TT(19),train,train,tense_TT(19),Signori Misteriosi,Duty of Loyalty,signori misteriosi::duty of loyalty,tense,0,Dataset1/DS1_TRAIN_MATCH/
tense_TT(4),train,train,tense_TT(4),Eminem,Phenomenal,eminem::phenomenal,tense,1,Dataset1/DS1_TRAIN_MATCH/
tense_TT(6),train,train,tense_TT(6),Ridahmuzic,Unbroken,ridahmuzic::unbroken,tense,0,Dataset1/DS1_TRAIN_MATCH/
tense_TT(9),train,train,tense_TT(9),The Script,Hall of Fame,the script::hall of fame,tense,1,Dataset1/DS1_TRAIN_MATCH/
tense_Tens_DEAP_DP_TENS(14),train,train,tense_Tens_DEAP_DP_TENS(14),Parkway Drive,Smoke 'Em If Ya Got 'Em,parkway drive::smoke 'em if ya got 'em,tense,1,Dataset1/DS1_TRAIN_MATCH/
tense_Tens_DEAP_DP_TENS(15),train,train,tense_Tens_DEAP_DP_TENS(15),Parkway Drive,Smoke 'Em If Ya Got 'Em,parkway drive::smoke 'em if ya got 'em,tense,1,Dataset1/DS1_TRAIN_MATCH/
tense_Tens_DEAP_DP_TENS(8),train,train,tense_Tens_DEAP_DP_TENS(8),Beastie Boys,Sabotage,beastie boys::sabotage,tense,1,Dataset1/DS1_TRAIN_MATCH/
tense_Tens_DEAP_DP_TENS(9),train,train,tense_Tens_DEAP_DP_TENS(9),Beastie Boys,Sabotage,beastie boys::sabotage,tense,1,Dataset1/DS1_TRAIN_MATCH/
exciting_58,train,val,exciting_58,Beest,Tori Rap,beest::tori rap,exciting,0,Dataset1/DS1_TRAIN_MATCH/
exciting_95,train,val,exciting_95,SHANKAR MAHADEVAN,JHOOM,shankar mahadevan::jhoom,exciting,1,Dataset1/DS1_TRAIN_MATCH/
exciting_EXT_S1(31),train,val,exciting_EXT_S1(31),DJ,Royal Family Mix,dj::royal family mix,exciting,0,Dataset1/DS1_TRAIN_MATCH/
exciting_EXT_TEST(0)-2-of-6,test,val,exciting_EXT_TEST(0),BLACKPINK,How You Like That,blackpink::how you like that,exciting,1,Dataset1/DS1_TEST_MATCH/
exciting_Exciting_MV_NC(7)-4-of-8,train,val,exciting_Exciting_MV_NC(7),Dj René Abrego/Dj Foxxx/Yessi Santana,DETONANDO GUARACHA,dj rené abrego/dj foxxx/yessi santana::detonando guaracha,exciting,0,Dataset1/DS1_TRAIN_MATCH/
exciting_Exciting_MV_NC06,train,val,exciting_Exciting_MV_NC06,Every Avenue,Take A Step Back,every avenue::take a step back,exciting,1,Dataset1/DS1_TRAIN_MATCH/
exciting_Ext_FINAL_DL(13),train,val,exciting_Ext_FINAL_DL(13),Ariana Grande,7 rings,ariana grande::7 rings,exciting,1,Dataset1/DS1_TRAIN_MATCH/
exciting_Ext_FINAL_DL(4),train,val,exciting_Ext_FINAL_DL(4),Dj Electro-House,Lo mas nuevo del electro dance,dj electro-house::lo mas nuevo del electro dance,exciting,0,Dataset1/DS1_TRAIN_MATCH/
exciting_Ext_FINAL_DL(6),train,val,exciting_Ext_FINAL_DL(6),Crazy Frog,Axel F. (Radio Mix),crazy frog::axel f. (radio mix),exciting,1,Dataset1/DS1_TRAIN_MATCH/
exciting_Ext_FINAL_DL(9),train,val,exciting_Ext_FINAL_DL(9),Drake,Hotline Bling,drake::hotline bling,exciting,1,Dataset1/DS1_TRAIN_MATCH/
exciting_FINAL_DL(69)-12-of-27,train,val,exciting_FINAL_DL(69),benny blanco,I Can't Get Enough,benny blanco::i can't get enough,exciting,1,Dataset1/DS1_TRAIN_MATCH/
exciting_FINAL_DL-Ext(3),val,val,exciting_FINAL_DL-Ext(3),Young Spencer,Welcome To The Party (Champion55),young spencer::welcome to the party (champion55),exciting,0,Dataset1/DS1_VAL_MATCH/
exciting_FINAL_DL-Ext(9),train,val,exciting_FINAL_DL-Ext(9),Marshmello,Alone,marshmello::alone,exciting,1,Dataset1/DS1_TRAIN_MATCH/
exciting_HAPPY_HEA(198)-4-of-7,train,val,exciting_HAPPY_HEA(198),Silvastone,Bus Ma Head,silvastone::bus ma head,exciting,0,Dataset1/DS1_TRAIN_MATCH/
exciting_HPY_EXT_LLT(15),train,val,exciting_HPY_EXT_LLT(15),DJ Pana,Vecina,dj pana::vecina,exciting,0,Dataset1/DS1_TRAIN_MATCH/
exciting_ORG_EXT(107),train,val,exciting_ORG_EXT(107),TWICE,Dance The Night Away,twice::dance the night away,exciting,1,Dataset1/DS1_TRAIN_MATCH/
exciting_ORG_EXT(130),train,val,exciting_ORG_EXT(130),WINNER,REALLY REALLY,winner::really really,exciting,1,Dataset1/DS1_TRAIN_MATCH/
exciting_ORG_EXT(131),train,val,exciting_ORG_EXT(131),SEVENTEEN,Don't Wanna Cry,seventeen::don't wanna cry,exciting,1,Dataset1/DS1_TRAIN_MATCH/
exciting_ORG_EXT(139),val,val,exciting_ORG_EXT(139),BIGBANG,SOBER - KR Ver.,bigbang::sober - kr ver.,exciting,0,Dataset1/DS1_VAL_MATCH/
exciting_ORG_EXT(145),train,val,exciting_ORG_EXT(145),BTS,IDOL,bts::idol,exciting,1,Dataset1/DS1_TRAIN_MATCH/
exciting_ORG_EXT(194),train,val,exciting_ORG_EXT(194),Charly Black,Gyal You a Party Animal (Remix) [feat. Daddy Yankee],charly black::gyal you a party animal (remix) [feat. daddy yankee],exciting,1,Dataset1/DS1_TRAIN_MATCH/
exciting_ORG_EXT(259),train,val,exciting_ORG_EXT(259),One Direction,One Thing,one direction::one thing,exciting,1,Dataset1/DS1_TRAIN_MATCH/
exciting_ORG_EXT(282),val,val,exciting_ORG_EXT(282),Justin Bieber,Sorry (Latino Remix),justin bieber::sorry (latino remix),exciting,1,Dataset1/DS1_VAL_MATCH/
exciting_ORG_EXT(304),train,val,exciting_ORG_EXT(304),Vishal-Shekhar,Nashe Si Chadh Gayi,vishal-shekhar::nashe si chadh gayi,exciting,1,Dataset1/DS1_TRAIN_MATCH/
exciting_ORG_EXT(327),val,val,exciting_ORG_EXT(327),Neeraj Shridhar,Twist (Remix),neeraj shridhar::twist (remix),exciting,1,Dataset1/DS1_VAL_MATCH/
exciting_ORG_EXT(336),train,val,exciting_ORG_EXT(336),The Pussycat Dolls,Jai Ho! (You Are My Destiny),the pussycat dolls::jai ho! (you are my destiny),exciting,1,Dataset1/DS1_TRAIN_MATCH/
exciting_ORG_EXT(71),train,val,exciting_ORG_EXT(71),Coldplay,Hymn for the Weekend,coldplay::hymn for the weekend,exciting,1,Dataset1/DS1_TRAIN_MATCH/
exciting_ORG_EXT(91),train,val,exciting_ORG_EXT(91),Vishal-Shekhar,Swag Se Swagat - Arabic Version,vishal-shekhar::swag se swagat - arabic version,exciting,1,Dataset1/DS1_TRAIN_MATCH/
exciting_ORG_NEUTRAL(172),train,val,exciting_ORG_NEUTRAL(172),twenty one pilots,Stressed Out,twenty one pilots::stressed out,exciting,1,Dataset1/DS1_TRAIN_MATCH/
exciting_ORG_NEUTRAL(194),train,val,exciting_ORG_NEUTRAL(194),Carly Rae Jepsen,Run Away With Me,carly rae jepsen::run away with me,exciting,1,Dataset1/DS1_TRAIN_MATCH/
exciting_REVIEW_EXT(101),train,val,exciting_REVIEW_EXT(101),AKB48,Manatsu No Sound Good!,akb48::manatsu no sound good!,exciting,1,Dataset1/DS1_TRAIN_MATCH/
exciting_REVIEW_EXT(20),train,val,exciting_REVIEW_EXT(20),Britney Spears,Up N' Down,britney spears::up n' down,exciting,1,Dataset1/DS1_TRAIN_MATCH/
exciting_REVIEW_EXT(27),train,val,exciting_REVIEW_EXT(27),Ashley Tisdale,Time After Time,ashley tisdale::time after time,exciting,0,Dataset1/DS1_TRAIN_MATCH/
exciting_REVIEW_EXT(3),train,val,exciting_REVIEW_EXT(3),Hyper Crush,Werk Me,hyper crush::werk me,exciting,1,Dataset1/DS1_TRAIN_MATCH/
exciting_REVIEW_EXT(37),train,val,exciting_REVIEW_EXT(37),Ramona Rey,Znajdz I Wez,ramona rey::znajdz i wez,exciting,0,Dataset1/DS1_TRAIN_MATCH/
exciting_REVIEW_EXT(41),train,val,exciting_REVIEW_EXT(41),Eddy Kenzo,Sitya Loss,eddy kenzo::sitya loss,exciting,1,Dataset1/DS1_TRAIN_MATCH/
exciting_REVIEW_EXT(52),train,val,exciting_REVIEW_EXT(52),Girls' Generation,Into The New World,girls' generation::into the new world,exciting,1,Dataset1/DS1_TRAIN_MATCH/
exciting_REVIEW_EXT(57),train,val,exciting_REVIEW_EXT(57),Batoe Ben Cheick,For Her Show Time,batoe ben cheick::for her show time,exciting,0,Dataset1/DS1_TRAIN_MATCH/
exciting_REVIEW_EXT(58),train,val,exciting_REVIEW_EXT(58),Carly Rae Jepsen,Call Me Maybe,carly rae jepsen::call me maybe,exciting,1,Dataset1/DS1_TRAIN_MATCH/
exciting_REVIEW_EXT(61),train,val,exciting_REVIEW_EXT(61),Ice Prince Scola,Make You Dance,ice prince scola::make you dance,exciting,0,Dataset1/DS1_TRAIN_MATCH/
exciting_REVIEW_EXT(82),train,val,exciting_REVIEW_EXT(82),Mika,We Are Golden,mika::we are golden,exciting,1,Dataset1/DS1_TRAIN_MATCH/
exciting_REVIEW_EXT(95),train,val,exciting_REVIEW_EXT(95),Wowchi,Mosquito,wowchi::mosquito,exciting,0,Dataset1/DS1_TRAIN_MATCH/
exciting_REVIEW_EXT_Q2(38),train,val,exciting_REVIEW_EXT_Q2(38),Vicetone,We Come Running (Remix),vicetone::we come running (remix),exciting,0,Dataset1/DS1_TRAIN_MATCH/
exciting_REVIEW_EXT_Q2(64),train,val,exciting_REVIEW_EXT_Q2(64),f,Chu~♡,f::chu~♡,exciting,0,Dataset1/DS1_TRAIN_MATCH/
exciting_TEST_EXT(23)-2-of-8,test,val,exciting_TEST_EXT(23),สองพันห้า ทิวา ฮูลา ฮูล่า ,Happy party,สองพันห้า ทิวา ฮูลา ฮูล่า::happy party,exciting,0,Dataset1/DS1_TEST_MATCH/
exciting_TEST_EXT(3)-2-of-9,test,val,exciting_TEST_EXT(3),China Dolls,น้อย น้อย หน่อย,china dolls::น้อย น้อย หน่อย,exciting,0,Dataset1/DS1_TEST_MATCH/
exciting_TEST_MV(16)-3-of-4,train,val,exciting_TEST_MV(16),Keak Da Sneak,Feelin Myself feat. Mac Dre,keak da sneak::feelin myself feat. mac dre,exciting,0,Dataset1/DS1_TRAIN_MATCH/
exciting_TEST_MV(20)-6-of-8,train,val,exciting_TEST_MV(20),Ed Sheeran,I Don't Care (with Justin Bieber),ed sheeran::i don't care (with justin bieber),exciting,1,Dataset1/DS1_TRAIN_MATCH/
exciting_TT(0),train,val,exciting_TT(0),Christina Aguilera,Lady Marmalade,christina aguilera::lady marmalade,exciting,1,Dataset1/DS1_TRAIN_MATCH/
exciting_s6lszE2f4d8_000090_000120,train,val,exciting_s6lszE2f4d8_000090_000120,Sonu Nigam,Abhi Mujh Me Kahin,sonu nigam::abhi mujh me kahin,exciting,1,Dataset1/DS1_TRAIN_MATCH/
fear_104,train,val,fear_104,AKADO,DARK SIDE,akado::dark side,fear,0,Dataset1/DS1_TRAIN_MATCH/
fear_112,train,val,fear_112,Lo Key,Nasty,lo key::nasty,fear,0,Dataset1/DS1_TRAIN_MATCH/
fear_226,train,val,fear_226,Sheevaa,Denial,sheevaa::denial,fear,0,Dataset1/DS1_TRAIN_MATCH/
fear_66,train,val,fear_66,DJ Stumpy,Jungle War,dj stumpy::jungle war,fear,0,Dataset1/DS1_TRAIN_MATCH/
fear_DEAP_DB_HR(13),train,val,fear_DEAP_DB_HR(13),Arch Enemy,My Apocalypse,arch enemy::my apocalypse,fear,1,Dataset1/DS1_TRAIN_MATCH/
fear_FEAR_TEST(10)-7-of-12,train,val,fear_FEAR_TEST(10),Lamb of God,Memento Mori,lamb of god::memento mori,fear,1,Dataset1/DS1_TRAIN_MATCH/
fear_FEAR_TEST(11)-4-of-8,train,val,fear_FEAR_TEST(11),Mötley Crüe,Looks That Kill,mötley crüe::looks that kill,fear,1,Dataset1/DS1_TRAIN_MATCH/
fear_FEAR_TEST(12)-4-of-12,val,val,fear_FEAR_TEST(12),Orden Ogan,Gunman,orden ogan::gunman,fear,1,Dataset1/DS1_VAL_MATCH/
fear_FEAR_TEST(9)-8-of-9,test,val,fear_FEAR_TEST(9),Jinjer,Sit Stay Roll Over,jinjer::sit stay roll over,fear,1,Dataset1/DS1_TEST_MATCH/
fear_FINAL_DL_Fear(16),train,val,fear_FINAL_DL_Fear(16),Lordi,Blood Red Sandman (Radio edit),lordi::blood red sandman (radio edit),fear,1,Dataset1/DS1_TRAIN_MATCH/
fear_FINAL_DL_Fearr(26),val,val,fear_FINAL_DL_Fearr(26),정준영,영수의 죽음,정준영::영수의 죽음,fear,0,Dataset1/DS1_VAL_MATCH/
fear_FINAL_DL_Fearr(29),val,val,fear_FINAL_DL_Fearr(29),White Zombie,More Human Than Human,white zombie::more human than human,fear,1,Dataset1/DS1_VAL_MATCH/
fear_FINAL_DL_Fearr(51),train,val,fear_FINAL_DL_Fearr(51),Tool,Stinkfist,tool::stinkfist,fear,1,Dataset1/DS1_TRAIN_MATCH/
fear_FINAL_DL_Fearr(7),train,val,fear_FINAL_DL_Fearr(7),Behemoth,Blow Your Trumpets Gabriel (Live),behemoth::blow your trumpets gabriel (live),fear,0,Dataset1/DS1_TRAIN_MATCH/
fear_FINAL_FEAR(8),train,val,fear_FINAL_FEAR(8),P!nk,Please Don't Leave Me,p!nk::please don't leave me,fear,1,Dataset1/DS1_TRAIN_MATCH/
fear_LLT_DL(17)-6-of-9,val,val,fear_LLT_DL(17),Aesop Rock,Dorks,aesop rock::dorks,fear,0,Dataset1/DS1_VAL_MATCH/
fear_LLT_DL(5)-4-of-8,train,val,fear_LLT_DL(5),Ghost,Square Hammer,ghost::square hammer,fear,1,Dataset1/DS1_TRAIN_MATCH/
fear_LLT_FEAR(5)-8-of-9,train,val,fear_LLT_FEAR(5),ONE OK ROCK,Mighty Long Fall,one ok rock::mighty long fall,fear,1,Dataset1/DS1_TRAIN_MATCH/
fear_LLT_FEAR(6)-10-of-19,train,val,fear_LLT_FEAR(6),Rammstein,DEUTSCHLAND,rammstein::deutschland,fear,1,Dataset1/DS1_TRAIN_MATCH/
fear_LLT_HRR(13),train,val,fear_LLT_HRR(13),Metallica,The Unforgiven,metallica::the unforgiven,fear,1,Dataset1/DS1_TRAIN_MATCH/
fear_LLT_HRR(15),train,val,fear_LLT_HRR(15),Marilyn Manson,Overneath The Path Of Misery,marilyn manson::overneath the path of misery,fear,1,Dataset1/DS1_TRAIN_MATCH/
fear_LLT_HRR(17),train,val,fear_LLT_HRR(17),Queens of the Stone Age,"Sick, Sick, Sick","queens of the stone age::sick, sick, sick",fear,1,Dataset1/DS1_TRAIN_MATCH/
fear_LLT_HRR(2),train,val,fear_LLT_HRR(2),Mushroomhead,Sun Doesn't Rise,mushroomhead::sun doesn't rise,fear,1,Dataset1/DS1_TRAIN_MATCH/
fear_LLT_HRR(35),val,val,fear_LLT_HRR(35),Betzefer,The Devil Went Down to the Holy Land,betzefer::the devil went down to the holy land,fear,1,Dataset1/DS1_VAL_MATCH/
fear_LLT_HRR(43),test,val,fear_LLT_HRR(43),Mushroomhead,Solitaire Unraveling,mushroomhead::solitaire unraveling,fear,1,Dataset1/DS1_TEST_MATCH/
fear_ORG_FEAR(145),train,val,fear_ORG_FEAR(145),VAST,Pretty When You Cry ( LP Version ),vast::pretty when you cry ( lp version ),fear,0,Dataset1/DS1_TRAIN_MATCH/
fear_ORG_FEAR(158),train,val,fear_ORG_FEAR(158),Nekrogoblikon,No One Survives,nekrogoblikon::no one survives,fear,0,Dataset1/DS1_TRAIN_MATCH/
fear_ORG_FEAR(165),train,val,fear_ORG_FEAR(165),Misfits,Scream!,misfits::scream!,fear,1,Dataset1/DS1_TRAIN_MATCH/
fear_ORG_FEAR(183),train,val,fear_ORG_FEAR(183),The Weeknd,False Alarm,the weeknd::false alarm,fear,1,Dataset1/DS1_TRAIN_MATCH/
fear_ORG_FEAR(224),train,val,fear_ORG_FEAR(224),Lacuna Coil,Delirium,lacuna coil::delirium,fear,0,Dataset1/DS1_TRAIN_MATCH/
fear_ORG_FEAR(26),train,val,fear_ORG_FEAR(26),Blitzkid,Nosferatu See,blitzkid::nosferatu see,fear,0,Dataset1/DS1_TRAIN_MATCH/
fear_ORG_FEAR(287),train,val,fear_ORG_FEAR(287),Feared,The Mare,feared::the mare,fear,0,Dataset1/DS1_TRAIN_MATCH/
fear_ORG_FEAR(338),train,val,fear_ORG_FEAR(338),Poison the Innocent,Say You Can Die,poison the innocent::say you can die,fear,0,Dataset1/DS1_TRAIN_MATCH/
fear_ORG_FEAR(357),train,val,fear_ORG_FEAR(357),Seether,Remedy,seether::remedy,fear,1,Dataset1/DS1_TRAIN_MATCH/
fear_ORG_FEAR(65),train,val,fear_ORG_FEAR(65),Meg &amp; Dia,Monster (DotEXE Remix),meg &amp; dia::monster (dotexe remix),fear,0,Dataset1/DS1_TRAIN_MATCH/
fear_ORG_FEAR(69),train,val,fear_ORG_FEAR(69),Dot Exe,Monster,dot exe::monster,fear,1,Dataset1/DS1_TRAIN_MATCH/
fear_ORG_FEAR(79),train,val,fear_ORG_FEAR(79),Angerfist,Pennywise (Radio Edit),angerfist::pennywise (radio edit),fear,0,Dataset1/DS1_TRAIN_MATCH/
fear_ORG_FEAR(96),train,val,fear_ORG_FEAR(96),Mr. Bungle,Quote Unquote,mr. bungle::quote unquote,fear,0,Dataset1/DS1_TRAIN_MATCH/
fear_ORG_TENS(98),train,val,fear_ORG_TENS(98),Omnimar,Anger,omnimar::anger,fear,0,Dataset1/DS1_TRAIN_MATCH/
fear_REVIEW_FEAR(24),train,val,fear_REVIEW_FEAR(24),Hit The Button Karaoke,Shed a Light (Originally Performed by Robin Schulz & David Guetta Ft. Cheat Codes) : Shed a Light (Originally Performed by Robin Schulz & David Guetta Ft. Cheat Codes),hit the button karaoke::shed a light (originally performed by robin schulz & david guetta ft. cheat codes) : shed a light (originally performed by robin schulz & david guetta ft. cheat codes),fear,0,Dataset1/DS1_TRAIN_MATCH/
fear_REVIEW_FEAR(46),train,val,fear_REVIEW_FEAR(46),The Deep Sea Monster,Aturdido,the deep sea monster::aturdido,fear,0,Dataset1/DS1_TRAIN_MATCH/
fear_REVIEW_FEAR(50),val,val,fear_REVIEW_FEAR(50),2012,I'm Sick (Clean),2012::i'm sick (clean),fear,0,Dataset1/DS1_VAL_MATCH/
fear_TEST_MV(61)-8-of-10,train,val,fear_TEST_MV(61),Slipknot,Unsainted,slipknot::unsainted,fear,1,Dataset1/DS1_TRAIN_MATCH/
fear_TEST_MV(67)-2-of-7,train,val,fear_TEST_MV(67),Mushroomhead,12 Hundred,mushroomhead::12 hundred,fear,0,Dataset1/DS1_TRAIN_MATCH/
fear_TEST_MV(70)-4-of-9,test,val,fear_TEST_MV(70),Mushroomhead,Simple Survival,mushroomhead::simple survival,fear,1,Dataset1/DS1_TEST_MATCH/
fear_TEST_MV(73)-4-of-7,train,val,fear_TEST_MV(73),Korn,A Different World (feat. Corey Taylor),korn::a different world (feat. corey taylor),fear,1,Dataset1/DS1_TRAIN_MATCH/
fear_TEST_TENS(27)-4-of-9,train,val,fear_TEST_TENS(27),Matriarchs,Versimilitude,matriarchs::versimilitude,fear,0,Dataset1/DS1_TRAIN_MATCH/
fear_TT(19),train,val,fear_TT(19),Voodoo Glow Skulls,Dead Soldiers,voodoo glow skulls::dead soldiers,fear,0,Dataset1/DS1_TRAIN_MATCH/
fear_TT(5),train,val,fear_TT(5),MiNdAbDuCtiOn,MayDay2pOinToh,mindabduction::mayday2pointoh,fear,0,Dataset1/DS1_TRAIN_MATCH/
relax_107,train,val,relax_107,Seven Rockets,VHS Memories,seven rockets::vhs memories,relax,0,Dataset1/DS1_TRAIN_MATCH/
relax_30,train,val,relax_30,Jackie D Gregoire,Ultimate Happiness (Acoustic),jackie d gregoire::ultimate happiness (acoustic),relax,0,Dataset1/DS1_TRAIN_MATCH/
relax_87,val,val,relax_87,Libera,The Prayer (Live),libera::the prayer (live),relax,0,Dataset1/DS1_VAL_MATCH/
relax_DEAP_DBW_RELX(17),val,val,relax_DEAP_DBW_RELX(17),Portishead,Roads (Live / Remastered 2023),portishead::roads (live / remastered 2023),relax,1,Dataset1/DS1_VAL_MATCH/
relax_DEAP_DB_REL(20),train,val,relax_DEAP_DB_REL(20),A Fine Frenzy,Almost Lover,a fine frenzy::almost lover,relax,1,Dataset1/DS1_TRAIN_MATCH/
relax_DEAP_DB_REL(61),train,val,relax_DEAP_DB_REL(61),The Smashing Pumpkins,1979,the smashing pumpkins::1979,relax,0,Dataset1/DS1_TRAIN_MATCH/
relax_FINAL_Relx_DL_Relx(18),train,val,relax_FINAL_Relx_DL_Relx(18),The Melachrino Strings,Someone to Watch over Me,the melachrino strings::someone to watch over me,relax,0,Dataset1/DS1_TRAIN_MATCH/
relax_FINAL_Relx_DL_Relx(24),train,val,relax_FINAL_Relx_DL_Relx(24),Auli,Ozoliņi,auli::ozoliņi,relax,0,Dataset1/DS1_TRAIN_MATCH/
relax_FINAL_Relx_DL_Relx(65),train,val,relax_FINAL_Relx_DL_Relx(65),Sir Adrian Boult,A Night On Bald Mountain,sir adrian boult::a night on bald mountain,relax,0,Dataset1/DS1_TRAIN_MATCH/
relax_HAPPY_HEA(1)-7-of-11,train,val,relax_HAPPY_HEA(1),Park In Young,Will Be Flower,park in young::will be flower,relax,0,Dataset1/DS1_TRAIN_MATCH/
relax_LLT_COLLT_RLX(17),train,val,relax_LLT_COLLT_RLX(17),David Oneill,What About Us,david oneill::what about us,relax,0,Dataset1/DS1_TRAIN_MATCH/
relax_LLT_COLLT_RLX(41),train,val,relax_LLT_COLLT_RLX(41),Caitlin De Ville,Crowe,caitlin de ville::crowe,relax,0,Dataset1/DS1_TRAIN_MATCH/
relax_LLT_COLLT_RLX(42),train,val,relax_LLT_COLLT_RLX(42),Josue Sanch,Despacito Facundo,josue sanch::despacito facundo,relax,0,Dataset1/DS1_TRAIN_MATCH/
relax_LLT_DL(3)-2-of-6,train,val,relax_LLT_DL(3),Naomi SV,The Sound of Silence (Cover),naomi sv::the sound of silence (cover),relax,0,Dataset1/DS1_TRAIN_MATCH/
relax_ORG_EXT(357),train,val,relax_ORG_EXT(357),Nawin Khadka,Fulako Thunga Tapakai Tipi,nawin khadka::fulako thunga tapakai tipi,relax,0,Dataset1/DS1_TRAIN_MATCH/
relax_ORG_RLX(126),train,val,relax_ORG_RLX(126),Pandit Hariprasad Chaurasia,PRARTHANA,pandit hariprasad chaurasia::prarthana,relax,0,Dataset1/DS1_TRAIN_MATCH/
relax_ORG_RLX(143),train,val,relax_ORG_RLX(143),Meditacion calmada,Equilibrio Entre La Mente y El Cuerpo,meditacion calmada::equilibrio entre la mente y el cuerpo,relax,0,Dataset1/DS1_TRAIN_MATCH/
relax_ORG_RLX(151),train,val,relax_ORG_RLX(151),Mateo Nalda DJ,How Deep Is Your Love,mateo nalda dj::how deep is your love,relax,0,Dataset1/DS1_TRAIN_MATCH/
relax_ORG_RLX(16),train,val,relax_ORG_RLX(16),Togata,Wano (Original Mix),togata::wano (original mix),relax,0,Dataset1/DS1_TRAIN_MATCH/
relax_ORG_RLX(173),train,val,relax_ORG_RLX(173),Musicsum,닥쳐줘요 (멜로디MR),musicsum::닥쳐줘요 (멜로디mr),relax,0,Dataset1/DS1_TRAIN_MATCH/
relax_ORG_RLX(187),train,val,relax_ORG_RLX(187),Cinematic Meditation/Meditation Music/Meditation Zone,Yogi World Music,cinematic meditation/meditation music/meditation zone::yogi world music,relax,0,Dataset1/DS1_TRAIN_MATCH/
relax_ORG_RLX(188),val,val,relax_ORG_RLX(188),Angela Med,Healing Begins,angela med::healing begins,relax,0,Dataset1/DS1_VAL_MATCH/
relax_ORG_RLX(19),train,val,relax_ORG_RLX(19),Trevelyan,Kingdom of the Sun,trevelyan::kingdom of the sun,relax,0,Dataset1/DS1_TRAIN_MATCH/
relax_ORG_RLX(190),train,val,relax_ORG_RLX(190),Malamo,BIPOLARITÁSOK,malamo::bipolaritások,relax,0,Dataset1/DS1_TRAIN_MATCH/
relax_ORG_RLX(198),train,val,relax_ORG_RLX(198),Ross Milton,Back to Basics,ross milton::back to basics,relax,0,Dataset1/DS1_TRAIN_MATCH/
relax_ORG_RLX(21),train,val,relax_ORG_RLX(21),Yanni,Prelude,yanni::prelude,relax,0,Dataset1/DS1_TRAIN_MATCH/
relax_ORG_RLX(214),train,val,relax_ORG_RLX(214),Lofi Gemini,Sleep & Relax,lofi gemini::sleep & relax,relax,0,Dataset1/DS1_TRAIN_MATCH/
relax_ORG_RLX(232),train,val,relax_ORG_RLX(232),NRG Healing,Money Flow Increasing Music 5701 Hz,nrg healing::money flow increasing music 5701 hz,relax,0,Dataset1/DS1_TRAIN_MATCH/
relax_ORG_RLX(284),train,val,relax_ORG_RLX(284),Govindaman Shrestha,Saraswoti Stotram,govindaman shrestha::saraswoti stotram,relax,0,Dataset1/DS1_TRAIN_MATCH/
relax_ORG_RLX(285),train,val,relax_ORG_RLX(285),Alexandro Querevalú,Blue Sky,alexandro querevalú::blue sky,relax,0,Dataset1/DS1_TRAIN_MATCH/
relax_ORG_RLX(295),train,val,relax_ORG_RLX(295),Mrm Team,Abyss,mrm team::abyss,relax,0,Dataset1/DS1_TRAIN_MATCH/
relax_ORG_RLX(304),train,val,relax_ORG_RLX(304),Tirtha Sapkota,Aauna Krishna Dukhiko Ghara,tirtha sapkota::aauna krishna dukhiko ghara,relax,0,Dataset1/DS1_TRAIN_MATCH/
relax_ORG_RLX(31),train,val,relax_ORG_RLX(31),Troy Cassar-Daley,Walking Away,troy cassar-daley::walking away,relax,0,Dataset1/DS1_TRAIN_MATCH/
relax_ORG_RLX(312),train,val,relax_ORG_RLX(312),Sonam Topden,Chamgon Tai Situpa,sonam topden::chamgon tai situpa,relax,0,Dataset1/DS1_TRAIN_MATCH/
relax_ORG_RLX(314),train,val,relax_ORG_RLX(314),Lata Mangeshkar,Yeh Dil Aur Unki Nigahon Ke Saye,lata mangeshkar::yeh dil aur unki nigahon ke saye,relax,1,Dataset1/DS1_TRAIN_MATCH/
relax_ORG_RLX(318),train,val,relax_ORG_RLX(318),Kim Chang-Wan,백일홍,kim chang-wan::백일홍,relax,0,Dataset1/DS1_TRAIN_MATCH/
relax_ORG_RLX(319),train,val,relax_ORG_RLX(319),Choying Drolma,Phoolko Aankhama,choying drolma::phoolko aankhama,relax,0,Dataset1/DS1_TRAIN_MATCH/
relax_ORG_RLX(322),train,val,relax_ORG_RLX(322),Dj MACHINE,Medley Halloween (Reggae Remix 2024),dj machine::medley halloween (reggae remix 2024),relax,0,Dataset1/DS1_TRAIN_MATCH/
relax_ORG_RLX(326),train,val,relax_ORG_RLX(326),BB William,On the Sky Has You,bb william::on the sky has you,relax,0,Dataset1/DS1_TRAIN_MATCH/
relax_ORG_RLX(37),train,val,relax_ORG_RLX(37),JoFla,Kal Ho Na Ho Flute,jofla::kal ho na ho flute,relax,0,Dataset1/DS1_TRAIN_MATCH/
relax_ORG_RLX(50),train,val,relax_ORG_RLX(50),Saxofon Relajante,Saxofoneando,saxofon relajante::saxofoneando,relax,0,Dataset1/DS1_TRAIN_MATCH/
relax_ORG_RLX(51),train,val,relax_ORG_RLX(51),Música Para Disfrutar,Saxofón,música para disfrutar::saxofón,relax,0,Dataset1/DS1_TRAIN_MATCH/
relax_ORG_RLX(52),train,val,relax_ORG_RLX(52),Classband,Imposible (En vivo),classband::imposible (en vivo),relax,0,Dataset1/DS1_TRAIN_MATCH/
relax_ORG_RLX(53),train,val,relax_ORG_RLX(53),Yiruma,River Flows in You,yiruma::river flows in you,relax,0,Dataset1/DS1_TRAIN_MATCH/
relax_ORG_RLX(63),train,val,relax_ORG_RLX(63),Para Reflexionar,Ahora Vivo,para reflexionar::ahora vivo,relax,0,Dataset1/DS1_TRAIN_MATCH/
relax_ORG_RLX(66),train,val,relax_ORG_RLX(66),Pruru Runas,Excelente,pruru runas::excelente,relax,0,Dataset1/DS1_TRAIN_MATCH/
relax_ORG_RLX(68),val,val,relax_ORG_RLX(68),Relajacion,Ave Maria,relajacion::ave maria,relax,0,Dataset1/DS1_VAL_MATCH/
relax_ORG_RLX(75),train,val,relax_ORG_RLX(75),BATMN,#BlackLivesMatter,batmn::#blacklivesmatter,relax,0,Dataset1/DS1_TRAIN_MATCH/
relax_RELX_MEA(1)-3-of-5,train,val,relax_RELX_MEA(1),Tom Levin,Sink your teeth in the day,tom levin::sink your teeth in the day,relax,0,Dataset1/DS1_TRAIN_MATCH/
relax_REVIEW_RLX(16),train,val,relax_REVIEW_RLX(16),Mayrain,Calming Morning,mayrain::calming morning,relax,0,Dataset1/DS1_TRAIN_MATCH/
relax_REVIEW_RLX(31),train,val,relax_REVIEW_RLX(31),Andrey Avkhimovich,Soulfly,andrey avkhimovich::soulfly,relax,0,Dataset1/DS1_TRAIN_MATCH/
relax_REVIEW_RLX(34),train,val,relax_REVIEW_RLX(34),Fade,Aguhja,fade::aguhja,relax,0,Dataset1/DS1_TRAIN_MATCH/
relax_REVIEW_RLX(38),train,val,relax_REVIEW_RLX(38),Jason Stephenson,Guardians of the Rain Forest: Sleep Meditation,jason stephenson::guardians of the rain forest: sleep meditation,relax,0,Dataset1/DS1_TRAIN_MATCH/
relax_REVIEW_RLX(4),train,val,relax_REVIEW_RLX(4),MAKAVELI INSTRUMENTALS,back and,makaveli instrumentals::back and,relax,0,Dataset1/DS1_TRAIN_MATCH/
relax_REVIEW_RLX(43),train,val,relax_REVIEW_RLX(43),Mitchell Marlow,The Price We Pay,mitchell marlow::the price we pay,relax,0,Dataset1/DS1_TRAIN_MATCH/
relax_REVIEW_RLX(9),train,val,relax_REVIEW_RLX(9),MAKAVELI INSTRUMENTALS,will have,makaveli instrumentals::will have,relax,0,Dataset1/DS1_TRAIN_MATCH/
relax_Rellx_FINAL_DL(11),train,val,relax_Rellx_FINAL_DL(11),Jung Se Hoon,Lascia Ch io Pianga,jung se hoon::lascia ch io pianga,relax,0,Dataset1/DS1_TRAIN_MATCH/
relax_Rellx_FINAL_DL(144),train,val,relax_Rellx_FINAL_DL(144),Miouzik,Minor Vénu,miouzik::minor vénu,relax,0,Dataset1/DS1_TRAIN_MATCH/
relax_Rellx_FINAL_DL(165),train,val,relax_Rellx_FINAL_DL(165),Rene Leibowitz,Mignon Overture,rene leibowitz::mignon overture,relax,0,Dataset1/DS1_TRAIN_MATCH/
relax_Rellx_FINAL_DL(17),train,val,relax_Rellx_FINAL_DL(17),Drik-C,Moonlight sonata Bethoven V1 2025,drik-c::moonlight sonata bethoven v1 2025,relax,0,Dataset1/DS1_TRAIN_MATCH/
relax_Rellx_FINAL_DL(30),train,val,relax_Rellx_FINAL_DL(30),John Barry,Somewhere In Time,john barry::somewhere in time,relax,0,Dataset1/DS1_TRAIN_MATCH/
relax_Rellx_FINAL_DL(37),val,val,relax_Rellx_FINAL_DL(37),Veikchild,Malice Master,veikchild::malice master,relax,0,Dataset1/DS1_VAL_MATCH/
relax_Rellx_FINAL_DL(39),train,val,relax_Rellx_FINAL_DL(39),Neeti Mohan,Kanha Re,neeti mohan::kanha re,relax,0,Dataset1/DS1_TRAIN_MATCH/
relax_Rellx_FINAL_DL(43),train,val,relax_Rellx_FINAL_DL(43),Rahat Fateh Ali Khan,O Re Piya,rahat fateh ali khan::o re piya,relax,1,Dataset1/DS1_TRAIN_MATCH/
relax_Rellx_FINAL_DL(83),train,val,relax_Rellx_FINAL_DL(83),Otis Redding,These Arms of Mine,otis redding::these arms of mine,relax,0,Dataset1/DS1_TRAIN_MATCH/
relax_Rellx_FINAL_DL(94),train,val,relax_Rellx_FINAL_DL(94),Telepathic Creatures,Aetos,telepathic creatures::aetos,relax,0,Dataset1/DS1_TRAIN_MATCH/
relax_Relx_FINAL_DL(126),train,val,relax_Relx_FINAL_DL(126),Sukhwinder Singh,Woh Kisna Hai,sukhwinder singh::woh kisna hai,relax,0,Dataset1/DS1_TRAIN_MATCH/
relax_Relx_FINAL_DL(154),train,val,relax_Relx_FINAL_DL(154),Benjamin Diamond,In Your Arms (We Gonna Make It),benjamin diamond::in your arms (we gonna make it),relax,1,Dataset1/DS1_TRAIN_MATCH/
relax_Relx_FINAL_DL(160),train,val,relax_Relx_FINAL_DL(160),Mac Rell,Mash 4 Mines (feat. Killa Tay),mac rell::mash 4 mines (feat. killa tay),relax,0,Dataset1/DS1_TRAIN_MATCH/
relax_Relx_FINAL_DL(162),train,val,relax_Relx_FINAL_DL(162),Hilmar Örn Hilmarsson,Colours,hilmar örn hilmarsson::colours,relax,0,Dataset1/DS1_TRAIN_MATCH/
relax_Relx_FINAL_DL(20),train,val,relax_Relx_FINAL_DL(20),Tautumeitas,Raganu Nakts,tautumeitas::raganu nakts,relax,0,Dataset1/DS1_TRAIN_MATCH/
relax_Relx_FINAL_DL(24),train,val,relax_Relx_FINAL_DL(24),Trial of the Golden Witch,Raz0r Bladee (feat. Dotesmite & Vizier),trial of the golden witch::raz0r bladee (feat. dotesmite & vizier),relax,0,Dataset1/DS1_TRAIN_MATCH/
relax_TEST_MV(58)-4-of-6,train,val,relax_TEST_MV(58),Great Guitar Masters,Rhythm Of The Rain,great guitar masters::rhythm of the rain,relax,0,Dataset1/DS1_TRAIN_MATCH/
relax_TEST_RELX(14)-7-of-8,val,val,relax_TEST_RELX(14),Hanggai,Lun Hui,hanggai::lun hui,relax,0,Dataset1/DS1_VAL_MATCH/
relax_TEST_RELX(30)-3-of-11,test,val,relax_TEST_RELX(30),Nat Than SIn,အပျိုတော်ယိမ်း,nat than sin::အပျိုတော်ယိမ်း,relax,0,Dataset1/DS1_TEST_MATCH/
relax_TEST_RELX(32)-6-of-7,val,val,relax_TEST_RELX(32),Savvun,Through The Storm,savvun::through the storm,relax,0,Dataset1/DS1_VAL_MATCH/
relax_TEST_RELX(44)-4-of-5,val,val,relax_TEST_RELX(44),Dark Isle Piper,The Gael,dark isle piper::the gael,relax,0,Dataset1/DS1_VAL_MATCH/
relax_TEST_RELX(6)-13-of-15,test,val,relax_TEST_RELX(6),Music Band,Music Band,music band::music band,relax,1,Dataset1/DS1_TEST_MATCH/
relax_TT(15),val,val,relax_TT(15),Ross Milton,Listen to the Waves,ross milton::listen to the waves,relax,0,Dataset1/DS1_VAL_MATCH/
relax_TT(2),test,val,relax_TT(2),Contriva,Stuck,contriva::stuck,relax,0,Dataset1/DS1_TEST_MATCH/
sad_24,train,val,sad_24,Ricky Helfgen,le flux de la vie,ricky helfgen::le flux de la vie,sad,0,Dataset1/DS1_TRAIN_MATCH/
sad_DEAP_DB_SADD(5),test,val,sad_DEAP_DB_SADD(5),Sinéad O'Connor,Nothing Compares 2 U,sinéad o'connor::nothing compares 2 u,sad,1,Dataset1/DS1_TEST_MATCH/
sad_DEAP_DB_SSAD(0),train,val,sad_DEAP_DB_SSAD(0),Jeff Buckley,"Hallelujah (Live at Bearsville Studios, New York - 1993)","jeff buckley::hallelujah (live at bearsville studios, new york - 1993)",sad,1,Dataset1/DS1_TRAIN_MATCH/
sad_FINAL_DL_Sad(14),train,val,sad_FINAL_DL_Sad(14),NF,Paralyzed,nf::paralyzed,sad,1,Dataset1/DS1_TRAIN_MATCH/
sad_FINAL_DL_Sad(65),train,val,sad_FINAL_DL_Sad(65),Bruno Mars,Grenade,bruno mars::grenade,sad,1,Dataset1/DS1_TRAIN_MATCH/
sad_FINAL_DL_Sad(9),val,val,sad_FINAL_DL_Sad(9),Tom Odell,Another Love (Radio Edit),tom odell::another love (radio edit),sad,1,Dataset1/DS1_VAL_MATCH/
sad_MIX_TEST(7)-2-of-10,val,val,sad_MIX_TEST(7),Villain of the Story,Peace of Mind,villain of the story::peace of mind,sad,1,Dataset1/DS1_VAL_MATCH/
sad_ORG_SAD(189),train,val,sad_ORG_SAD(189),Huh Gak,Sick,huh gak::sick,sad,0,Dataset1/DS1_TRAIN_MATCH/
sad_ORG_SAD(193),train,val,sad_ORG_SAD(193),BTS,I Need U,bts::i need u,sad,1,Dataset1/DS1_TRAIN_MATCH/
sad_ORG_SAD(197),train,val,sad_ORG_SAD(197),AKMU,Melted,akmu::melted,sad,1,Dataset1/DS1_TRAIN_MATCH/
sad_ORG_SAD(206),train,val,sad_ORG_SAD(206),Huh Gak,I Can Only Say I Want to Die,huh gak::i can only say i want to die,sad,1,Dataset1/DS1_TRAIN_MATCH/
sad_ORG_SAD(248),train,val,sad_ORG_SAD(248),Salim Merchant,Khudaya Ve - Remix,salim merchant::khudaya ve - remix,sad,0,Dataset1/DS1_TRAIN_MATCH/
sad_ORG_SAD(255),train,val,sad_ORG_SAD(255),Chorus,Tadap Tadap,chorus::tadap tadap,sad,0,Dataset1/DS1_TRAIN_MATCH/
sad_ORG_SAD(264),train,val,sad_ORG_SAD(264),Niall Horan,Too Much To Ask,niall horan::too much to ask,sad,1,Dataset1/DS1_TRAIN_MATCH/
sad_ORG_SAD(274),train,val,sad_ORG_SAD(274),Mohit Chauhan,"Aur Ho (From ""Rockstar"")","mohit chauhan::aur ho (from ""rockstar"")",sad,0,Dataset1/DS1_TRAIN_MATCH/
sad_ORG_SAD(312),train,val,sad_ORG_SAD(312),Hoobastank,The Reason,hoobastank::the reason,sad,1,Dataset1/DS1_TRAIN_MATCH/
sad_ORG_SAD(341),train,val,sad_ORG_SAD(341),T-ARA,Tears Of Mind - 진통제,t-ara::tears of mind - 진통제,sad,0,Dataset1/DS1_TRAIN_MATCH/
sad_ORG_SAD(82),train,val,sad_ORG_SAD(82),Melanie Martinez,Sippy Cup,melanie martinez::sippy cup,sad,1,Dataset1/DS1_TRAIN_MATCH/
sad_ORG_SAD(83),train,val,sad_ORG_SAD(83),Manoj Muntashir,Episode 16 - Aaoge Jab Tum,manoj muntashir::episode 16 - aaoge jab tum,sad,1,Dataset1/DS1_TRAIN_MATCH/
sad_ORG_SAD(86),train,val,sad_ORG_SAD(86),The Uglyz,Aaudai Jaadai,the uglyz::aaudai jaadai,sad,1,Dataset1/DS1_TRAIN_MATCH/
sad_ORG_SAD(99),val,val,sad_ORG_SAD(99),Prakash Saput,Bola Maya,prakash saput::bola maya,sad,1,Dataset1/DS1_VAL_MATCH/
sad_REVIEW_SAD (22),train,val,sad_REVIEW_SAD (22),Curtis Jordan,Alive,curtis jordan::alive,sad,0,Dataset1/DS1_TRAIN_MATCH/
sad_REVIEW_SAD (30),train,val,sad_REVIEW_SAD (30),"George Tandy, Jr.",March,"george tandy, jr.::march",sad,0,Dataset1/DS1_TRAIN_MATCH/
sad_REVIEW_SAD (33),train,val,sad_REVIEW_SAD (33),Catriona CAT,I Wish,catriona cat::i wish,sad,0,Dataset1/DS1_TRAIN_MATCH/
sad_REVIEW_SAD (39),train,val,sad_REVIEW_SAD (39),Krystof,Inzerat,krystof::inzerat,sad,1,Dataset1/DS1_TRAIN_MATCH/
sad_REVIEW_SAD (4),train,val,sad_REVIEW_SAD (4),Paul Kenny,Amazing Grace Pipe Organ,paul kenny::amazing grace pipe organ,sad,0,Dataset1/DS1_TRAIN_MATCH/
sad_REVIEW_SAD (54),train,val,sad_REVIEW_SAD (54),Pedro Capó,Duele Ser Infiel,pedro capó::duele ser infiel,sad,1,Dataset1/DS1_TRAIN_MATCH/
sad_REVIEW_SAD (56),train,val,sad_REVIEW_SAD (56),Enrique Iglesias,Alguien Soy Yo,enrique iglesias::alguien soy yo,sad,1,Dataset1/DS1_TRAIN_MATCH/
sad_REVIEW_SAD (64),train,val,sad_REVIEW_SAD (64),Eyal Golan,Al Hevel Dak,eyal golan::al hevel dak,sad,1,Dataset1/DS1_TRAIN_MATCH/
sad_REVIEW_SAD (82),train,val,sad_REVIEW_SAD (82),R.Y OFF,Elle t'a donné son coeur,r.y off::elle t'a donné son coeur,sad,1,Dataset1/DS1_TRAIN_MATCH/
sad_SADA_FINAL_DL(36),train,val,sad_SADA_FINAL_DL(36),V.A,Hạnh Phúc Là Bên Anh,v.a::hạnh phúc là bên anh,sad,0,Dataset1/DS1_TRAIN_MATCH/
sad_SAD_LLT(1)-3-of-7,train,val,sad_SAD_LLT(1),Prabh Gill,Mere Kol,prabh gill::mere kol,sad,1,Dataset1/DS1_TRAIN_MATCH/
sad_SAD_LLT(27)-7-of-8,train,val,sad_SAD_LLT(27),Tahir Abbas/Rafeel Ijaz,Rusya Na Kar,tahir abbas/rafeel ijaz::rusya na kar,sad,0,Dataset1/DS1_TRAIN_MATCH/
sad_SAD_LLT(44),train,val,sad_SAD_LLT(44),Gurpreet Chattha,"Guzaara (From ""Guzaara"")","gurpreet chattha::guzaara (from ""guzaara"")",sad,1,Dataset1/DS1_TRAIN_MATCH/
sad_SAD_TEST(12)-2-of-9,test,val,sad_SAD_TEST(12),Doechii,Anxiety,doechii::anxiety,sad,1,Dataset1/DS1_TEST_MATCH/
sad_SAD_TEST(18)-3-of-9,train,val,sad_SAD_TEST(18),Wendy McNeill,Civilized Sadness,wendy mcneill::civilized sadness,sad,0,Dataset1/DS1_TRAIN_MATCH/
sad_SAD_TEST(9)-9-of-10,test,val,sad_SAD_TEST(9),Ed Sheeran,The A Team,ed sheeran::the a team,sad,1,Dataset1/DS1_TEST_MATCH/
sad_Sad_FINAL_DL(62),train,val,sad_Sad_FINAL_DL(62),Mariana Socorro,Rezo,mariana socorro::rezo,sad,0,Dataset1/DS1_TRAIN_MATCH/
sad_Sad_FINAL_DL(63),train,val,sad_Sad_FINAL_DL(63),"Pramod Kharel, Shiva Pariyar, Bishnu Khatri Chhetri",Timi Parai Bhayeu Bhane,"pramod kharel, shiva pariyar, bishnu khatri chhetri::timi parai bhayeu bhane",sad,0,Dataset1/DS1_TRAIN_MATCH/
sad_TEST_SAD(1)-4-of-8,val,val,sad_TEST_SAD(1),Indila,Dernière danse,indila::dernière danse,sad,1,Dataset1/DS1_VAL_MATCH/
sad_TEST_SAD(13)-12-of-13,val,val,sad_TEST_SAD(13),Ben L'Oncle Soul,I've Got You Under My Skin,ben l'oncle soul::i've got you under my skin,sad,1,Dataset1/DS1_VAL_MATCH/
sad_TEST_SAD(17)-9-of-10,train,val,sad_TEST_SAD(17),Nightcore Radio,Creepin' (nightcore),nightcore radio::creepin' (nightcore),sad,0,Dataset1/DS1_TRAIN_MATCH/
sad_TEST_SAD(27)-8-of-9,train,val,sad_TEST_SAD(27),Little Mix,Secret Love Song,little mix::secret love song,sad,0,Dataset1/DS1_TRAIN_MATCH/
sad_TEST_TENS_NN(12)-8-of-9,test,val,sad_TEST_TENS_NN(12),Sarah Reeves,Anxious,sarah reeves::anxious,sad,1,Dataset1/DS1_TEST_MATCH/
sad_TT(8),train,val,sad_TT(8),Swetha Mohan,Yun Hi Re,swetha mohan::yun hi re,sad,1,Dataset1/DS1_TRAIN_MATCH/
tense_173,train,val,tense_173,Black Sabbath,Paranoid (2012 - Remaster),black sabbath::paranoid (2012 - remaster),tense,1,Dataset1/DS1_TRAIN_MATCH/
tense_HAPPY_HEA(29)-3-of-9,train,val,tense_HAPPY_HEA(29),Mellow Jazz Instrumental,Atmospheric (Spring Vacations),mellow jazz instrumental::atmospheric (spring vacations),tense,0,Dataset1/DS1_TRAIN_MATCH/
tense_LLT_TENS(10)-5-of-9,test,val,tense_LLT_TENS(10),DaBaby,ROCKSTAR,dababy::rockstar,tense,1,Dataset1/DS1_TEST_MATCH/
tense_ORG_TENS(14),train,val,tense_ORG_TENS(14),Metallica,Frantic,metallica::frantic,tense,1,Dataset1/DS1_TRAIN_MATCH/
tense_ORG_TENS(178),val,val,tense_ORG_TENS(178),Imagine Dragons,Believer,imagine dragons::believer,tense,1,Dataset1/DS1_VAL_MATCH/
tense_ORG_TENS(22),train,val,tense_ORG_TENS(22),Z58,THE LAST PIECE (feat. Everyone),z58::the last piece (feat. everyone),tense,0,Dataset1/DS1_TRAIN_MATCH/
tense_ORG_TENS(269),train,val,tense_ORG_TENS(269),Shisui,Rap de Kyogre,shisui::rap de kyogre,tense,0,Dataset1/DS1_TRAIN_MATCH/
tense_ORG_TENS(292),train,val,tense_ORG_TENS(292),Lustra,Scotty Doesn't Know,lustra::scotty doesn't know,tense,1,Dataset1/DS1_TRAIN_MATCH/
tense_ORG_TENS(304),train,val,tense_ORG_TENS(304),Angus & Julia Stone,For You,angus & julia stone::for you,tense,1,Dataset1/DS1_TRAIN_MATCH/
tense_ORG_TENS(319),train,val,tense_ORG_TENS(319),Anthology,The Revenge of Angels,anthology::the revenge of angels,tense,0,Dataset1/DS1_TRAIN_MATCH/
tense_ORG_TENS(333),train,val,tense_ORG_TENS(333),Prinoor Shergill,Uchi Range,prinoor shergill::uchi range,tense,0,Dataset1/DS1_TRAIN_MATCH/
tense_ORG_TENS(346),train,val,tense_ORG_TENS(346),Slim B,REVENGE OF THE TITANS,slim b::revenge of the titans,tense,0,Dataset1/DS1_TRAIN_MATCH/
tense_ORG_TENS(347),train,val,tense_ORG_TENS(347),Eradicate Nation,Indictments,eradicate nation::indictments,tense,0,Dataset1/DS1_TRAIN_MATCH/
tense_ORG_TENS(86),train,val,tense_ORG_TENS(86),Machine Gun Kelly,RAP DEVIL,machine gun kelly::rap devil,tense,1,Dataset1/DS1_TRAIN_MATCH/
tense_ORG_TENS(9),train,val,tense_ORG_TENS(9),Downset,Anger,downset::anger,tense,0,Dataset1/DS1_TRAIN_MATCH/
tense_REVIEW_TENS(0),train,val,tense_REVIEW_TENS(0),Kabster,M.D.A Homz,kabster::m.d.a homz,tense,0,Dataset1/DS1_TRAIN_MATCH/
tense_REVIEW_TENS(34),train,val,tense_REVIEW_TENS(34),Dessa,The Bullpen,dessa::the bullpen,tense,1,Dataset1/DS1_TRAIN_MATCH/
tense_REVIEW_TENS(37),train,val,tense_REVIEW_TENS(37),Christian JaLon,Nova,christian jalon::nova,tense,0,Dataset1/DS1_TRAIN_MATCH/
tense_REVIEW_TENS(38),train,val,tense_REVIEW_TENS(38),Kmkj,Fuck la Tour Eiffel,kmkj::fuck la tour eiffel,tense,0,Dataset1/DS1_TRAIN_MATCH/
tense_REVIEW_TENS(46),train,val,tense_REVIEW_TENS(46),Linkin Park,What I've Done,linkin park::what i've done,tense,1,Dataset1/DS1_TRAIN_MATCH/
tense_REVIEW_TENS(55),train,val,tense_REVIEW_TENS(55),Phantom,Burning,phantom::burning,tense,1,Dataset1/DS1_TRAIN_MATCH/
tense_REVIEW_TENS(60),train,val,tense_REVIEW_TENS(60),Breaking Benjamin,I Will Not Bow,breaking benjamin::i will not bow,tense,1,Dataset1/DS1_TRAIN_MATCH/
tense_REVIEW_TENS(72),train,val,tense_REVIEW_TENS(72),50 Cent,Do You Think About Me,50 cent::do you think about me,tense,1,Dataset1/DS1_TRAIN_MATCH/
tense_SAD_LLT(21)-8-of-9,train,val,tense_SAD_LLT(21),Linkin Park,Shadow of the Day,linkin park::shadow of the day,tense,1,Dataset1/DS1_TRAIN_MATCH/
tense_TENS_HE(110)-2-of-7,train,val,tense_TENS_HE(110),Locksmith,The Bottom,locksmith::the bottom,tense,0,Dataset1/DS1_TRAIN_MATCH/
tense_TENS_HE(136)-2-of-7,train,val,tense_TENS_HE(136),Three Days Grace,Never Too Late,three days grace::never too late,tense,1,Dataset1/DS1_TRAIN_MATCH/
tense_TENS_HE(146)-7-of-8,train,val,tense_TENS_HE(146),Breaking Benjamin,Blow Me Away,breaking benjamin::blow me away,tense,1,Dataset1/DS1_TRAIN_MATCH/
tense_TENS_HE(149)-3-of-5,train,val,tense_TENS_HE(149),Green Day,Burnout,green day::burnout,tense,1,Dataset1/DS1_TRAIN_MATCH/
tense_TENS_HE(18)-4-of-10,train,val,tense_TENS_HE(18),Alex Fatt,Hip Hop,alex fatt::hip hop,tense,0,Dataset1/DS1_TRAIN_MATCH/
tense_TENS_HE(30)-3-of-8,train,val,tense_TENS_HE(30),2piece,From the Hood,2piece::from the hood,tense,0,Dataset1/DS1_TRAIN_MATCH/
tense_TENS_HE(79)-7-of-9,train,val,tense_TENS_HE(79),Gianluca Grignani,Non voglio essere un fenomeno,gianluca grignani::non voglio essere un fenomeno,tense,1,Dataset1/DS1_TRAIN_MATCH/
tense_TENS_HE(85)-6-of-11,train,val,tense_TENS_HE(85),Hot Familia,Nuestro Nivel,hot familia::nuestro nivel,tense,0,Dataset1/DS1_TRAIN_MATCH/
tense_TENS_LLT(0)-2-of-6,train,val,tense_TENS_LLT(0),Shakz90,I Miss You,shakz90::i miss you,tense,0,Dataset1/DS1_TRAIN_MATCH/
tense_TENS_LLT(5)-2-of-8,train,val,tense_TENS_LLT(5),Sacro reggio,Unstoppable,sacro reggio::unstoppable,tense,0,Dataset1/DS1_TRAIN_MATCH/
tense_TENS_LLT(54)),train,val,tense_TENS_LLT(54)),King Stevo,bust a move,king stevo::bust a move,tense,0,Dataset1/DS1_TRAIN_MATCH/
tense_TEST_TENS(10)-3-of-8,train,val,tense_TEST_TENS(10),Faces,Tension,faces::tension,tense,0,Dataset1/DS1_TRAIN_MATCH/
tense_TEST_TENS(6)-7-of-8,test,val,tense_TEST_TENS(6),Boy Boy,No Talk,boy boy::no talk,tense,0,Dataset1/DS1_TEST_MATCH/
tense_TEST_TENS(9)-4-of-9,train,val,tense_TEST_TENS(9),Zerimar,911 (feat. Riima Dan),zerimar::911 (feat. riima dan),tense,0,Dataset1/DS1_TRAIN_MATCH/
tense_TEST_TENS_NN(9)-8-of-12,val,val,tense_TEST_TENS_NN(9),NF,Therapy Session,nf::therapy session,tense,1,Dataset1/DS1_VAL_MATCH/
